Build ID,Character,Archetype,Trial,Tier,Seed,Result,Virtual time,HP left,Rank
"jennifer_wall_il1","jennifer","shield-wall","brass_executioner","B",10101,Victory,14.120,283.29,B
"jennifer_wall_il1","jennifer","shield-wall","brass_executioner","B",10102,Victory,12.060,276.17,B
"jennifer_wall_il1","jennifer","shield-wall","brass_executioner","B",10103,Victory,12.840,277.44,B
"jennifer_wall_il1","jennifer","shield-wall","thousand_handed_guardian","B",10201,Victory,12.060,325.00,B
"jennifer_wall_il1","jennifer","shield-wall","thousand_handed_guardian","B",10202,Victory,12.060,325.00,B
"jennifer_wall_il1","jennifer","shield-wall","thousand_handed_guardian","B",10203,Victory,14.120,322.21,B
"jennifer_wall_il1","jennifer","shield-wall","ashen_bastion","B",10301,Defeat,51.060,0.00,B
"jennifer_wall_il1","jennifer","shield-wall","ashen_bastion","B",10302,Defeat,50.360,0.00,B
"jennifer_wall_il1","jennifer","shield-wall","ashen_bastion","B",10303,Defeat,51.780,0.00,B
"jennifer_wall_il1","jennifer","shield-wall","brass_executioner","A",20101,Defeat,12.000,0.00,B
"jennifer_wall_il1","jennifer","shield-wall","brass_executioner","A",20102,Defeat,12.000,0.00,B
"jennifer_wall_il1","jennifer","shield-wall","brass_executioner","A",20103,Defeat,12.000,0.00,B
"jennifer_wall_il1","jennifer","shield-wall","thousand_handed_guardian","A",20201,Victory,16.680,146.26,B
"jennifer_wall_il1","jennifer","shield-wall","thousand_handed_guardian","A",20202,Defeat,18.060,0.00,B
"jennifer_wall_il1","jennifer","shield-wall","thousand_handed_guardian","A",20203,Defeat,18.340,0.00,B
"jennifer_wall_il1","jennifer","shield-wall","ashen_bastion","A",20301,Defeat,35.840,0.00,B
"jennifer_wall_il1","jennifer","shield-wall","ashen_bastion","A",20302,Defeat,35.080,0.00,B
"jennifer_wall_il1","jennifer","shield-wall","ashen_bastion","A",20303,Defeat,35.080,0.00,B
"jennifer_wall_il1","jennifer","shield-wall","brass_executioner","S",30101,Defeat,9.260,0.00,B
"jennifer_wall_il1","jennifer","shield-wall","brass_executioner","S",30102,Defeat,10.000,0.00,B
"jennifer_wall_il1","jennifer","shield-wall","brass_executioner","S",30103,Defeat,9.260,0.00,B
"jennifer_wall_il1","jennifer","shield-wall","thousand_handed_guardian","S",30201,Defeat,15.840,0.00,B
"jennifer_wall_il1","jennifer","shield-wall","thousand_handed_guardian","S",30202,Defeat,16.400,0.00,B
"jennifer_wall_il1","jennifer","shield-wall","thousand_handed_guardian","S",30203,Defeat,16.687,0.00,B
"jennifer_wall_il1","jennifer","shield-wall","ashen_bastion","S",30301,Defeat,23.280,0.00,B
"jennifer_wall_il1","jennifer","shield-wall","ashen_bastion","S",30302,Defeat,22.540,0.00,B
"jennifer_wall_il1","jennifer","shield-wall","ashen_bastion","S",30303,Defeat,23.280,0.00,B
"jennifer_wall_il1","jennifer","shield-wall","brass_executioner","S+",40101,Defeat,4.000,0.00,B
"jennifer_wall_il1","jennifer","shield-wall","brass_executioner","S+",40102,Defeat,4.000,0.00,B
"jennifer_wall_il1","jennifer","shield-wall","brass_executioner","S+",40103,Defeat,4.000,0.00,B
"jennifer_wall_il1","jennifer","shield-wall","thousand_handed_guardian","S+",40201,Defeat,8.620,0.00,B
"jennifer_wall_il1","jennifer","shield-wall","thousand_handed_guardian","S+",40202,Defeat,9.180,0.00,B
"jennifer_wall_il1","jennifer","shield-wall","thousand_handed_guardian","S+",40203,Defeat,8.620,0.00,B
"jennifer_wall_il1","jennifer","shield-wall","ashen_bastion","S+",40301,Defeat,15.400,0.00,B
"jennifer_wall_il1","jennifer","shield-wall","ashen_bastion","S+",40302,Defeat,15.400,0.00,B
"jennifer_wall_il1","jennifer","shield-wall","ashen_bastion","S+",40303,Defeat,14.693,0.00,B
"jennifer_wall_il4","jennifer","shield-wall","brass_executioner","B",10101,Victory,9.260,350.00,A
"jennifer_wall_il4","jennifer","shield-wall","brass_executioner","B",10102,Victory,8.040,350.00,A
"jennifer_wall_il4","jennifer","shield-wall","brass_executioner","B",10103,Victory,8.040,350.00,A
"jennifer_wall_il4","jennifer","shield-wall","thousand_handed_guardian","B",10201,Victory,10.500,350.00,A
"jennifer_wall_il4","jennifer","shield-wall","thousand_handed_guardian","B",10202,Victory,9.260,350.00,A
"jennifer_wall_il4","jennifer","shield-wall","thousand_handed_guardian","B",10203,Victory,10.020,350.00,A
"jennifer_wall_il4","jennifer","shield-wall","ashen_bastion","B",10301,Victory,24.120,350.00,A
"jennifer_wall_il4","jennifer","shield-wall","ashen_bastion","B",10302,Victory,24.020,350.00,A
"jennifer_wall_il4","jennifer","shield-wall","ashen_bastion","B",10303,Victory,22.520,350.00,A
"jennifer_wall_il4","jennifer","shield-wall","brass_executioner","A",20101,Victory,13.600,118.18,A
"jennifer_wall_il4","jennifer","shield-wall","brass_executioner","A",20102,Victory,13.600,97.94,A
"jennifer_wall_il4","jennifer","shield-wall","brass_executioner","A",20103,Victory,16.020,158.07,A
"jennifer_wall_il4","jennifer","shield-wall","thousand_handed_guardian","A",20201,Victory,13.600,350.00,A
"jennifer_wall_il4","jennifer","shield-wall","thousand_handed_guardian","A",20202,Victory,12.060,350.00,A
"jennifer_wall_il4","jennifer","shield-wall","thousand_handed_guardian","A",20203,Victory,14.820,350.00,A
"jennifer_wall_il4","jennifer","shield-wall","ashen_bastion","A",20301,Defeat,47.200,0.00,A
"jennifer_wall_il4","jennifer","shield-wall","ashen_bastion","A",20302,Defeat,48.580,0.00,A
"jennifer_wall_il4","jennifer","shield-wall","ashen_bastion","A",20303,Defeat,45.140,0.00,A
"jennifer_wall_il4","jennifer","shield-wall","brass_executioner","S",30101,Defeat,12.980,0.00,A
"jennifer_wall_il4","jennifer","shield-wall","brass_executioner","S",30102,Defeat,14.820,0.00,A
"jennifer_wall_il4","jennifer","shield-wall","brass_executioner","S",30103,Defeat,15.000,0.00,A
"jennifer_wall_il4","jennifer","shield-wall","thousand_handed_guardian","S",30201,Victory,16.080,350.00,A
"jennifer_wall_il4","jennifer","shield-wall","thousand_handed_guardian","S",30202,Victory,16.080,348.00,A
"jennifer_wall_il4","jennifer","shield-wall","thousand_handed_guardian","S",30203,Victory,16.687,350.00,A
"jennifer_wall_il4","jennifer","shield-wall","ashen_bastion","S",30301,Defeat,34.293,0.00,A
"jennifer_wall_il4","jennifer","shield-wall","ashen_bastion","S",30302,Defeat,32.220,0.00,A
"jennifer_wall_il4","jennifer","shield-wall","ashen_bastion","S",30303,Defeat,32.960,0.00,A
"jennifer_wall_il4","jennifer","shield-wall","brass_executioner","S+",40101,Defeat,8.000,0.00,A
"jennifer_wall_il4","jennifer","shield-wall","brass_executioner","S+",40102,Defeat,8.000,0.00,A
"jennifer_wall_il4","jennifer","shield-wall","brass_executioner","S+",40103,Defeat,7.420,0.00,A
"jennifer_wall_il4","jennifer","shield-wall","thousand_handed_guardian","S+",40201,Defeat,12.500,0.00,A
"jennifer_wall_il4","jennifer","shield-wall","thousand_handed_guardian","S+",40202,Defeat,13.353,0.00,A
"jennifer_wall_il4","jennifer","shield-wall","thousand_handed_guardian","S+",40203,Defeat,13.353,0.00,A
"jennifer_wall_il4","jennifer","shield-wall","ashen_bastion","S+",40301,Defeat,21.940,0.00,A
"jennifer_wall_il4","jennifer","shield-wall","ashen_bastion","S+",40302,Defeat,22.660,0.00,A
"jennifer_wall_il4","jennifer","shield-wall","ashen_bastion","S+",40303,Defeat,21.200,0.00,A
"jennifer_wall_il8","jennifer","shield-wall","brass_executioner","B",10101,Victory,6.560,375.00,S
"jennifer_wall_il8","jennifer","shield-wall","brass_executioner","B",10102,Victory,6.560,375.00,S
"jennifer_wall_il8","jennifer","shield-wall","brass_executioner","B",10103,Victory,7.160,375.00,S
"jennifer_wall_il8","jennifer","shield-wall","thousand_handed_guardian","B",10201,Victory,8.040,375.00,S
"jennifer_wall_il8","jennifer","shield-wall","thousand_handed_guardian","B",10202,Victory,7.160,375.00,S
"jennifer_wall_il8","jennifer","shield-wall","thousand_handed_guardian","B",10203,Victory,8.040,375.00,S
"jennifer_wall_il8","jennifer","shield-wall","ashen_bastion","B",10301,Victory,16.080,375.00,S
"jennifer_wall_il8","jennifer","shield-wall","ashen_bastion","B",10302,Victory,15.480,375.00,S
"jennifer_wall_il8","jennifer","shield-wall","ashen_bastion","B",10303,Victory,15.480,375.00,S
"jennifer_wall_il8","jennifer","shield-wall","brass_executioner","A",20101,Victory,8.340,375.00,S
"jennifer_wall_il8","jennifer","shield-wall","brass_executioner","A",20102,Victory,8.940,375.00,S
"jennifer_wall_il8","jennifer","shield-wall","brass_executioner","A",20103,Victory,9.540,375.00,S
"jennifer_wall_il8","jennifer","shield-wall","thousand_handed_guardian","A",20201,Victory,9.540,375.00,S
"jennifer_wall_il8","jennifer","shield-wall","thousand_handed_guardian","A",20202,Victory,8.340,375.00,S
"jennifer_wall_il8","jennifer","shield-wall","thousand_handed_guardian","A",20203,Victory,11.320,375.00,S
"jennifer_wall_il8","jennifer","shield-wall","ashen_bastion","A",20301,Victory,20.100,375.00,S
"jennifer_wall_il8","jennifer","shield-wall","ashen_bastion","A",20302,Victory,24.120,375.00,S
"jennifer_wall_il8","jennifer","shield-wall","ashen_bastion","A",20303,Victory,19.660,375.00,S
"jennifer_wall_il8","jennifer","shield-wall","brass_executioner","S",30101,Victory,12.060,303.03,S
"jennifer_wall_il8","jennifer","shield-wall","brass_executioner","S",30102,Victory,12.060,321.11,S
"jennifer_wall_il8","jennifer","shield-wall","brass_executioner","S",30103,Victory,12.060,358.40,S
"jennifer_wall_il8","jennifer","shield-wall","thousand_handed_guardian","S",30201,Victory,12.060,375.00,S
"jennifer_wall_il8","jennifer","shield-wall","thousand_handed_guardian","S",30202,Victory,12.060,375.00,S
"jennifer_wall_il8","jennifer","shield-wall","thousand_handed_guardian","S",30203,Victory,13.100,375.00,S
"jennifer_wall_il8","jennifer","shield-wall","ashen_bastion","S",30301,Victory,42.867,256.58,S
"jennifer_wall_il8","jennifer","shield-wall","ashen_bastion","S",30302,Victory,28.487,375.00,S
"jennifer_wall_il8","jennifer","shield-wall","ashen_bastion","S",30303,Victory,45.240,54.39,S
"jennifer_wall_il8","jennifer","shield-wall","brass_executioner","S+",40101,Defeat,12.000,0.00,S
"jennifer_wall_il8","jennifer","shield-wall","brass_executioner","S+",40102,Defeat,12.000,0.00,S
"jennifer_wall_il8","jennifer","shield-wall","brass_executioner","S+",40103,Defeat,11.120,0.00,S
"jennifer_wall_il8","jennifer","shield-wall","thousand_handed_guardian","S+",40201,Defeat,16.213,0.00,S
"jennifer_wall_il8","jennifer","shield-wall","thousand_handed_guardian","S+",40202,Defeat,17.413,0.00,S
"jennifer_wall_il8","jennifer","shield-wall","thousand_handed_guardian","S+",40203,Defeat,17.413,0.00,S
"jennifer_wall_il8","jennifer","shield-wall","ashen_bastion","S+",40301,Defeat,30.680,0.00,S
"jennifer_wall_il8","jennifer","shield-wall","ashen_bastion","S+",40302,Defeat,29.420,0.00,S
"jennifer_wall_il8","jennifer","shield-wall","ashen_bastion","S+",40303,Defeat,30.060,0.00,S
"jennifer_wall_il12","jennifer","shield-wall","brass_executioner","B",10101,Victory,5.180,400.00,S
"jennifer_wall_il12","jennifer","shield-wall","brass_executioner","B",10102,Victory,4.040,400.00,S
"jennifer_wall_il12","jennifer","shield-wall","brass_executioner","B",10103,Victory,4.600,400.00,S
"jennifer_wall_il12","jennifer","shield-wall","thousand_handed_guardian","B",10201,Victory,6.900,400.00,S
"jennifer_wall_il12","jennifer","shield-wall","thousand_handed_guardian","B",10202,Victory,5.280,400.00,S
"jennifer_wall_il12","jennifer","shield-wall","thousand_handed_guardian","B",10203,Victory,6.340,400.00,S
"jennifer_wall_il12","jennifer","shield-wall","ashen_bastion","B",10301,Victory,9.200,400.00,S
"jennifer_wall_il12","jennifer","shield-wall","ashen_bastion","B",10302,Victory,9.780,400.00,S
"jennifer_wall_il12","jennifer","shield-wall","ashen_bastion","B",10303,Victory,9.780,400.00,S
"jennifer_wall_il12","jennifer","shield-wall","brass_executioner","A",20101,Victory,7.480,400.00,S
"jennifer_wall_il12","jennifer","shield-wall","brass_executioner","A",20102,Victory,6.900,400.00,S
"jennifer_wall_il12","jennifer","shield-wall","brass_executioner","A",20103,Victory,8.040,400.00,S
"jennifer_wall_il12","jennifer","shield-wall","thousand_handed_guardian","A",20201,Victory,8.040,400.00,S
"jennifer_wall_il12","jennifer","shield-wall","thousand_handed_guardian","A",20202,Victory,8.040,400.00,S
"jennifer_wall_il12","jennifer","shield-wall","thousand_handed_guardian","A",20203,Victory,8.640,400.00,S
"jennifer_wall_il12","jennifer","shield-wall","ashen_bastion","A",20301,Victory,15.020,400.00,S
"jennifer_wall_il12","jennifer","shield-wall","ashen_bastion","A",20302,Victory,16.080,400.00,S
"jennifer_wall_il12","jennifer","shield-wall","ashen_bastion","A",20303,Victory,12.060,400.00,S
"jennifer_wall_il12","jennifer","shield-wall","brass_executioner","S",30101,Victory,9.020,400.00,S
"jennifer_wall_il12","jennifer","shield-wall","brass_executioner","S",30102,Victory,9.780,400.00,S
"jennifer_wall_il12","jennifer","shield-wall","brass_executioner","S",30103,Victory,8.640,400.00,S
"jennifer_wall_il12","jennifer","shield-wall","thousand_handed_guardian","S",30201,Victory,9.780,400.00,S
"jennifer_wall_il12","jennifer","shield-wall","thousand_handed_guardian","S",30202,Victory,10.020,400.00,S
"jennifer_wall_il12","jennifer","shield-wall","thousand_handed_guardian","S",30203,Victory,10.360,400.00,S
"jennifer_wall_il12","jennifer","shield-wall","ashen_bastion","S",30301,Victory,22.427,400.00,S
"jennifer_wall_il12","jennifer","shield-wall","ashen_bastion","S",30302,Victory,23.567,400.00,S
"jennifer_wall_il12","jennifer","shield-wall","ashen_bastion","S",30303,Victory,24.107,400.00,S
"jennifer_wall_il12","jennifer","shield-wall","brass_executioner","S+",40101,Defeat,12.000,0.00,S
"jennifer_wall_il12","jennifer","shield-wall","brass_executioner","S+",40102,Defeat,12.000,0.00,S
"jennifer_wall_il12","jennifer","shield-wall","brass_executioner","S+",40103,Defeat,12.000,0.00,S
"jennifer_wall_il12","jennifer","shield-wall","thousand_handed_guardian","S+",40201,Victory,12.660,400.00,S
"jennifer_wall_il12","jennifer","shield-wall","thousand_handed_guardian","S+",40202,Victory,13.793,400.00,S
"jennifer_wall_il12","jennifer","shield-wall","thousand_handed_guardian","S+",40203,Victory,14.753,400.00,S
"jennifer_wall_il12","jennifer","shield-wall","ashen_bastion","S+",40301,Defeat,37.614,0.00,S
"jennifer_wall_il12","jennifer","shield-wall","ashen_bastion","S+",40302,Victory,36.214,293.88,S
"jennifer_wall_il12","jennifer","shield-wall","ashen_bastion","S+",40303,Defeat,37.627,0.00,S
"jennifer_wall_il15","jennifer","shield-wall","brass_executioner","B",10101,Victory,4.020,425.00,S+
"jennifer_wall_il15","jennifer","shield-wall","brass_executioner","B",10102,Victory,4.020,425.00,S+
"jennifer_wall_il15","jennifer","shield-wall","brass_executioner","B",10103,Victory,4.020,425.00,S+
"jennifer_wall_il15","jennifer","shield-wall","thousand_handed_guardian","B",10201,Victory,4.460,425.00,S+
"jennifer_wall_il15","jennifer","shield-wall","thousand_handed_guardian","B",10202,Victory,4.020,425.00,S+
"jennifer_wall_il15","jennifer","shield-wall","thousand_handed_guardian","B",10203,Victory,5.000,425.00,S+
"jennifer_wall_il15","jennifer","shield-wall","ashen_bastion","B",10301,Victory,8.040,425.00,S+
"jennifer_wall_il15","jennifer","shield-wall","ashen_bastion","B",10302,Victory,8.900,425.00,S+
"jennifer_wall_il15","jennifer","shield-wall","ashen_bastion","B",10303,Victory,8.040,425.00,S+
"jennifer_wall_il15","jennifer","shield-wall","brass_executioner","A",20101,Victory,6.120,425.00,S+
"jennifer_wall_il15","jennifer","shield-wall","brass_executioner","A",20102,Victory,5.560,425.00,S+
"jennifer_wall_il15","jennifer","shield-wall","brass_executioner","A",20103,Victory,7.240,425.00,S+
"jennifer_wall_il15","jennifer","shield-wall","thousand_handed_guardian","A",20201,Victory,6.120,425.00,S+
"jennifer_wall_il15","jennifer","shield-wall","thousand_handed_guardian","A",20202,Victory,7.240,425.00,S+
"jennifer_wall_il15","jennifer","shield-wall","thousand_handed_guardian","A",20203,Victory,8.040,425.00,S+
"jennifer_wall_il15","jennifer","shield-wall","ashen_bastion","A",20301,Victory,12.780,425.00,S+
"jennifer_wall_il15","jennifer","shield-wall","ashen_bastion","A",20302,Victory,12.520,425.00,S+
"jennifer_wall_il15","jennifer","shield-wall","ashen_bastion","A",20303,Victory,11.120,425.00,S+
"jennifer_wall_il15","jennifer","shield-wall","brass_executioner","S",30101,Victory,8.040,425.00,S+
"jennifer_wall_il15","jennifer","shield-wall","brass_executioner","S",30102,Victory,8.040,425.00,S+
"jennifer_wall_il15","jennifer","shield-wall","brass_executioner","S",30103,Victory,8.040,425.00,S+
"jennifer_wall_il15","jennifer","shield-wall","thousand_handed_guardian","S",30201,Victory,8.040,425.00,S+
"jennifer_wall_il15","jennifer","shield-wall","thousand_handed_guardian","S",30202,Victory,8.040,425.00,S+
"jennifer_wall_il15","jennifer","shield-wall","thousand_handed_guardian","S",30203,Victory,8.900,425.00,S+
"jennifer_wall_il15","jennifer","shield-wall","ashen_bastion","S",30301,Victory,16.080,425.00,S+
"jennifer_wall_il15","jennifer","shield-wall","ashen_bastion","S",30302,Victory,16.120,425.00,S+
"jennifer_wall_il15","jennifer","shield-wall","ashen_bastion","S",30303,Victory,17.227,425.00,S+
"jennifer_wall_il15","jennifer","shield-wall","brass_executioner","S+",40101,Victory,11.680,422.95,S+
"jennifer_wall_il15","jennifer","shield-wall","brass_executioner","S+",40102,Victory,11.120,404.50,S+
"jennifer_wall_il15","jennifer","shield-wall","brass_executioner","S+",40103,Victory,12.240,114.48,S+
"jennifer_wall_il15","jennifer","shield-wall","thousand_handed_guardian","S+",40201,Victory,12.060,425.00,S+
"jennifer_wall_il15","jennifer","shield-wall","thousand_handed_guardian","S+",40202,Victory,12.060,425.00,S+
"jennifer_wall_il15","jennifer","shield-wall","thousand_handed_guardian","S+",40203,Victory,12.060,425.00,S+
"jennifer_wall_il15","jennifer","shield-wall","ashen_bastion","S+",40301,Victory,32.154,425.00,S+
"jennifer_wall_il15","jennifer","shield-wall","ashen_bastion","S+",40302,Victory,21.680,425.00,S+
"jennifer_wall_il15","jennifer","shield-wall","ashen_bastion","S+",40303,Victory,25.560,425.00,S+
"jennifer_dual_crit_il1","jennifer","dual-crit","brass_executioner","B",10101,Victory,4.020,289.13,S
"jennifer_dual_crit_il1","jennifer","dual-crit","brass_executioner","B",10102,Victory,3.020,288.91,S
"jennifer_dual_crit_il1","jennifer","dual-crit","brass_executioner","B",10103,Victory,4.020,294.65,S
"jennifer_dual_crit_il1","jennifer","dual-crit","thousand_handed_guardian","B",10201,Victory,4.020,310.00,S
"jennifer_dual_crit_il1","jennifer","dual-crit","thousand_handed_guardian","B",10202,Victory,4.020,310.00,S
"jennifer_dual_crit_il1","jennifer","dual-crit","thousand_handed_guardian","B",10203,Victory,4.020,310.00,S
"jennifer_dual_crit_il1","jennifer","dual-crit","ashen_bastion","B",10301,Victory,5.360,310.00,S
"jennifer_dual_crit_il1","jennifer","dual-crit","ashen_bastion","B",10302,Victory,4.780,310.00,S
"jennifer_dual_crit_il1","jennifer","dual-crit","ashen_bastion","B",10303,Victory,4.180,310.00,S
"jennifer_dual_crit_il1","jennifer","dual-crit","brass_executioner","A",20101,Victory,5.360,225.71,S
"jennifer_dual_crit_il1","jennifer","dual-crit","brass_executioner","A",20102,Victory,4.780,219.61,S
"jennifer_dual_crit_il1","jennifer","dual-crit","brass_executioner","A",20103,Victory,4.180,234.37,S
"jennifer_dual_crit_il1","jennifer","dual-crit","thousand_handed_guardian","A",20201,Victory,4.780,310.00,S
"jennifer_dual_crit_il1","jennifer","dual-crit","thousand_handed_guardian","A",20202,Victory,6.560,259.82,S
"jennifer_dual_crit_il1","jennifer","dual-crit","thousand_handed_guardian","A",20203,Victory,5.360,286.25,S
"jennifer_dual_crit_il1","jennifer","dual-crit","ashen_bastion","A",20301,Victory,8.940,272.79,S
"jennifer_dual_crit_il1","jennifer","dual-crit","ashen_bastion","A",20302,Victory,8.040,291.19,S
"jennifer_dual_crit_il1","jennifer","dual-crit","ashen_bastion","A",20303,Victory,9.020,278.89,S
"jennifer_dual_crit_il1","jennifer","dual-crit","brass_executioner","S",30101,Defeat,6.180,0.00,S
"jennifer_dual_crit_il1","jennifer","dual-crit","brass_executioner","S",30102,Defeat,6.180,0.00,S
"jennifer_dual_crit_il1","jennifer","dual-crit","brass_executioner","S",30103,Victory,8.040,199.84,S
"jennifer_dual_crit_il1","jennifer","dual-crit","thousand_handed_guardian","S",30201,Victory,6.560,194.47,S
"jennifer_dual_crit_il1","jennifer","dual-crit","thousand_handed_guardian","S",30202,Victory,7.740,134.77,S
"jennifer_dual_crit_il1","jennifer","dual-crit","thousand_handed_guardian","S",30203,Victory,8.040,61.85,S
"jennifer_dual_crit_il1","jennifer","dual-crit","ashen_bastion","S",30301,Victory,11.320,112.12,S
"jennifer_dual_crit_il1","jennifer","dual-crit","ashen_bastion","S",30302,Victory,11.920,83.69,S
"jennifer_dual_crit_il1","jennifer","dual-crit","ashen_bastion","S",30303,Victory,10.720,158.70,S
"jennifer_dual_crit_il1","jennifer","dual-crit","brass_executioner","S+",40101,Defeat,4.000,0.00,S
"jennifer_dual_crit_il1","jennifer","dual-crit","brass_executioner","S+",40102,Defeat,4.000,0.00,S
"jennifer_dual_crit_il1","jennifer","dual-crit","brass_executioner","S+",40103,Defeat,4.000,0.00,S
"jennifer_dual_crit_il1","jennifer","dual-crit","thousand_handed_guardian","S+",40201,Defeat,5.260,0.00,S
"jennifer_dual_crit_il1","jennifer","dual-crit","thousand_handed_guardian","S+",40202,Defeat,5.560,0.00,S
"jennifer_dual_crit_il1","jennifer","dual-crit","thousand_handed_guardian","S+",40203,Defeat,5.880,0.00,S
"jennifer_dual_crit_il1","jennifer","dual-crit","ashen_bastion","S+",40301,Defeat,10.940,0.00,S
"jennifer_dual_crit_il1","jennifer","dual-crit","ashen_bastion","S+",40302,Defeat,11.860,0.00,S
"jennifer_dual_crit_il1","jennifer","dual-crit","ashen_bastion","S+",40303,Defeat,9.080,0.00,S
"jennifer_dual_crit_il4","jennifer","dual-crit","brass_executioner","B",10101,Victory,2.700,320.00,S
"jennifer_dual_crit_il4","jennifer","dual-crit","brass_executioner","B",10102,Victory,2.160,316.91,S
"jennifer_dual_crit_il4","jennifer","dual-crit","brass_executioner","B",10103,Victory,2.700,314.73,S
"jennifer_dual_crit_il4","jennifer","dual-crit","thousand_handed_guardian","B",10201,Victory,3.020,320.00,S
"jennifer_dual_crit_il4","jennifer","dual-crit","thousand_handed_guardian","B",10202,Victory,1.620,320.00,S
"jennifer_dual_crit_il4","jennifer","dual-crit","thousand_handed_guardian","B",10203,Victory,3.240,320.00,S
"jennifer_dual_crit_il4","jennifer","dual-crit","ashen_bastion","B",10301,Victory,3.780,320.00,S
"jennifer_dual_crit_il4","jennifer","dual-crit","ashen_bastion","B",10302,Victory,4.020,320.00,S
"jennifer_dual_crit_il4","jennifer","dual-crit","ashen_bastion","B",10303,Victory,4.020,320.00,S
"jennifer_dual_crit_il4","jennifer","dual-crit","brass_executioner","A",20101,Victory,4.020,294.30,S
"jennifer_dual_crit_il4","jennifer","dual-crit","brass_executioner","A",20102,Victory,3.240,287.50,S
"jennifer_dual_crit_il4","jennifer","dual-crit","brass_executioner","A",20103,Victory,3.780,304.65,S
"jennifer_dual_crit_il4","jennifer","dual-crit","thousand_handed_guardian","A",20201,Victory,3.780,320.00,S
"jennifer_dual_crit_il4","jennifer","dual-crit","thousand_handed_guardian","A",20202,Victory,4.020,320.00,S
"jennifer_dual_crit_il4","jennifer","dual-crit","thousand_handed_guardian","A",20203,Victory,4.020,320.00,S
"jennifer_dual_crit_il4","jennifer","dual-crit","ashen_bastion","A",20301,Victory,6.020,320.00,S
"jennifer_dual_crit_il4","jennifer","dual-crit","ashen_bastion","A",20302,Victory,5.380,320.00,S
"jennifer_dual_crit_il4","jennifer","dual-crit","ashen_bastion","A",20303,Victory,4.320,320.00,S
"jennifer_dual_crit_il4","jennifer","dual-crit","brass_executioner","S",30101,Victory,4.840,254.81,S
"jennifer_dual_crit_il4","jennifer","dual-crit","brass_executioner","S",30102,Victory,4.020,296.72,S
"jennifer_dual_crit_il4","jennifer","dual-crit","brass_executioner","S",30103,Victory,6.460,123.18,S
"jennifer_dual_crit_il4","jennifer","dual-crit","thousand_handed_guardian","S",30201,Victory,4.020,320.00,S
"jennifer_dual_crit_il4","jennifer","dual-crit","thousand_handed_guardian","S",30202,Victory,4.840,320.00,S
"jennifer_dual_crit_il4","jennifer","dual-crit","thousand_handed_guardian","S",30203,Victory,5.920,320.00,S
"jennifer_dual_crit_il4","jennifer","dual-crit","ashen_bastion","S",30301,Victory,6.020,320.00,S
"jennifer_dual_crit_il4","jennifer","dual-crit","ashen_bastion","S",30302,Victory,8.080,305.05,S
"jennifer_dual_crit_il4","jennifer","dual-crit","ashen_bastion","S",30303,Victory,8.040,307.21,S
"jennifer_dual_crit_il4","jennifer","dual-crit","brass_executioner","S+",40101,Defeat,4.000,0.00,S
"jennifer_dual_crit_il4","jennifer","dual-crit","brass_executioner","S+",40102,Defeat,4.000,0.00,S
"jennifer_dual_crit_il4","jennifer","dual-crit","brass_executioner","S+",40103,Defeat,4.000,0.00,S
"jennifer_dual_crit_il4","jennifer","dual-crit","thousand_handed_guardian","S+",40201,Defeat,7.420,0.00,S
"jennifer_dual_crit_il4","jennifer","dual-crit","thousand_handed_guardian","S+",40202,Victory,7.540,14.08,S
"jennifer_dual_crit_il4","jennifer","dual-crit","thousand_handed_guardian","S+",40203,Defeat,8.040,0.00,S
"jennifer_dual_crit_il4","jennifer","dual-crit","ashen_bastion","S+",40301,Victory,11.300,129.17,S
"jennifer_dual_crit_il4","jennifer","dual-crit","ashen_bastion","S+",40302,Victory,9.140,290.43,S
"jennifer_dual_crit_il4","jennifer","dual-crit","ashen_bastion","S+",40303,Victory,10.760,180.48,S
"jennifer_dual_crit_il8","jennifer","dual-crit","brass_executioner","B",10101,Victory,1.980,330.00,S+
"jennifer_dual_crit_il8","jennifer","dual-crit","brass_executioner","B",10102,Victory,1.480,330.00,S+
"jennifer_dual_crit_il8","jennifer","dual-crit","brass_executioner","B",10103,Victory,1.980,330.00,S+
"jennifer_dual_crit_il8","jennifer","dual-crit","thousand_handed_guardian","B",10201,Victory,1.980,330.00,S+
"jennifer_dual_crit_il8","jennifer","dual-crit","thousand_handed_guardian","B",10202,Victory,1.480,330.00,S+
"jennifer_dual_crit_il8","jennifer","dual-crit","thousand_handed_guardian","B",10203,Victory,2.460,330.00,S+
"jennifer_dual_crit_il8","jennifer","dual-crit","ashen_bastion","B",10301,Victory,2.460,330.00,S+
"jennifer_dual_crit_il8","jennifer","dual-crit","ashen_bastion","B",10302,Victory,3.440,330.00,S+
"jennifer_dual_crit_il8","jennifer","dual-crit","ashen_bastion","B",10303,Victory,2.960,330.00,S+
"jennifer_dual_crit_il8","jennifer","dual-crit","brass_executioner","A",20101,Victory,2.960,330.00,S+
"jennifer_dual_crit_il8","jennifer","dual-crit","brass_executioner","A",20102,Victory,1.980,330.00,S+
"jennifer_dual_crit_il8","jennifer","dual-crit","brass_executioner","A",20103,Victory,1.980,330.00,S+
"jennifer_dual_crit_il8","jennifer","dual-crit","thousand_handed_guardian","A",20201,Victory,2.960,330.00,S+
"jennifer_dual_crit_il8","jennifer","dual-crit","thousand_handed_guardian","A",20202,Victory,2.460,330.00,S+
"jennifer_dual_crit_il8","jennifer","dual-crit","thousand_handed_guardian","A",20203,Victory,2.960,330.00,S+
"jennifer_dual_crit_il8","jennifer","dual-crit","ashen_bastion","A",20301,Victory,3.440,330.00,S+
"jennifer_dual_crit_il8","jennifer","dual-crit","ashen_bastion","A",20302,Victory,3.940,330.00,S+
"jennifer_dual_crit_il8","jennifer","dual-crit","ashen_bastion","A",20303,Victory,3.440,330.00,S+
"jennifer_dual_crit_il8","jennifer","dual-crit","brass_executioner","S",30101,Victory,3.940,312.12,S+
"jennifer_dual_crit_il8","jennifer","dual-crit","brass_executioner","S",30102,Victory,2.960,311.09,S+
"jennifer_dual_crit_il8","jennifer","dual-crit","brass_executioner","S",30103,Victory,3.440,330.00,S+
"jennifer_dual_crit_il8","jennifer","dual-crit","thousand_handed_guardian","S",30201,Victory,3.440,330.00,S+
"jennifer_dual_crit_il8","jennifer","dual-crit","thousand_handed_guardian","S",30202,Victory,4.020,330.00,S+
"jennifer_dual_crit_il8","jennifer","dual-crit","thousand_handed_guardian","S",30203,Victory,4.020,330.00,S+
"jennifer_dual_crit_il8","jennifer","dual-crit","ashen_bastion","S",30301,Victory,4.020,330.00,S+
"jennifer_dual_crit_il8","jennifer","dual-crit","ashen_bastion","S",30302,Victory,4.020,330.00,S+
"jennifer_dual_crit_il8","jennifer","dual-crit","ashen_bastion","S",30303,Victory,4.020,330.00,S+
"jennifer_dual_crit_il8","jennifer","dual-crit","brass_executioner","S+",40101,Victory,4.420,32.57,S+
"jennifer_dual_crit_il8","jennifer","dual-crit","brass_executioner","S+",40102,Victory,4.020,203.64,S+
"jennifer_dual_crit_il8","jennifer","dual-crit","brass_executioner","S+",40103,Victory,4.020,112.30,S+
"jennifer_dual_crit_il8","jennifer","dual-crit","thousand_handed_guardian","S+",40201,Victory,5.400,322.14,S+
"jennifer_dual_crit_il8","jennifer","dual-crit","thousand_handed_guardian","S+",40202,Victory,4.920,327.03,S+
"jennifer_dual_crit_il8","jennifer","dual-crit","thousand_handed_guardian","S+",40203,Victory,4.420,330.00,S+
"jennifer_dual_crit_il8","jennifer","dual-crit","ashen_bastion","S+",40301,Victory,8.040,330.00,S+
"jennifer_dual_crit_il8","jennifer","dual-crit","ashen_bastion","S+",40302,Victory,5.400,330.00,S+
"jennifer_dual_crit_il8","jennifer","dual-crit","ashen_bastion","S+",40303,Victory,7.360,330.00,S+
"jennifer_dual_crit_il12","jennifer","dual-crit","brass_executioner","B",10101,Victory,1.360,340.00,S+
"jennifer_dual_crit_il12","jennifer","dual-crit","brass_executioner","B",10102,Victory,0.920,340.00,S+
"jennifer_dual_crit_il12","jennifer","dual-crit","brass_executioner","B",10103,Victory,1.360,340.00,S+
"jennifer_dual_crit_il12","jennifer","dual-crit","thousand_handed_guardian","B",10201,Victory,1.360,340.00,S+
"jennifer_dual_crit_il12","jennifer","dual-crit","thousand_handed_guardian","B",10202,Victory,0.920,340.00,S+
"jennifer_dual_crit_il12","jennifer","dual-crit","thousand_handed_guardian","B",10203,Victory,1.360,340.00,S+
"jennifer_dual_crit_il12","jennifer","dual-crit","ashen_bastion","B",10301,Victory,2.260,340.00,S+
"jennifer_dual_crit_il12","jennifer","dual-crit","ashen_bastion","B",10302,Victory,1.820,340.00,S+
"jennifer_dual_crit_il12","jennifer","dual-crit","ashen_bastion","B",10303,Victory,2.260,340.00,S+
"jennifer_dual_crit_il12","jennifer","dual-crit","brass_executioner","A",20101,Victory,2.260,340.00,S+
"jennifer_dual_crit_il12","jennifer","dual-crit","brass_executioner","A",20102,Victory,1.360,340.00,S+
"jennifer_dual_crit_il12","jennifer","dual-crit","brass_executioner","A",20103,Victory,1.360,340.00,S+
"jennifer_dual_crit_il12","jennifer","dual-crit","thousand_handed_guardian","A",20201,Victory,1.820,340.00,S+
"jennifer_dual_crit_il12","jennifer","dual-crit","thousand_handed_guardian","A",20202,Victory,2.260,340.00,S+
"jennifer_dual_crit_il12","jennifer","dual-crit","thousand_handed_guardian","A",20203,Victory,2.020,340.00,S+
"jennifer_dual_crit_il12","jennifer","dual-crit","ashen_bastion","A",20301,Victory,2.720,340.00,S+
"jennifer_dual_crit_il12","jennifer","dual-crit","ashen_bastion","A",20302,Victory,3.160,340.00,S+
"jennifer_dual_crit_il12","jennifer","dual-crit","ashen_bastion","A",20303,Victory,1.820,340.00,S+
"jennifer_dual_crit_il12","jennifer","dual-crit","brass_executioner","S",30101,Victory,2.720,323.30,S+
"jennifer_dual_crit_il12","jennifer","dual-crit","brass_executioner","S",30102,Victory,2.260,323.30,S+
"jennifer_dual_crit_il12","jennifer","dual-crit","brass_executioner","S",30103,Victory,2.720,340.00,S+
"jennifer_dual_crit_il12","jennifer","dual-crit","thousand_handed_guardian","S",30201,Victory,2.720,340.00,S+
"jennifer_dual_crit_il12","jennifer","dual-crit","thousand_handed_guardian","S",30202,Victory,2.720,340.00,S+
"jennifer_dual_crit_il12","jennifer","dual-crit","thousand_handed_guardian","S",30203,Victory,3.160,340.00,S+
"jennifer_dual_crit_il12","jennifer","dual-crit","ashen_bastion","S",30301,Victory,3.620,340.00,S+
"jennifer_dual_crit_il12","jennifer","dual-crit","ashen_bastion","S",30302,Victory,3.160,340.00,S+
"jennifer_dual_crit_il12","jennifer","dual-crit","ashen_bastion","S",30303,Victory,4.020,340.00,S+
"jennifer_dual_crit_il12","jennifer","dual-crit","brass_executioner","S+",40101,Victory,4.020,169.96,S+
"jennifer_dual_crit_il12","jennifer","dual-crit","brass_executioner","S+",40102,Victory,3.620,340.00,S+
"jennifer_dual_crit_il12","jennifer","dual-crit","brass_executioner","S+",40103,Victory,3.160,326.59,S+
"jennifer_dual_crit_il12","jennifer","dual-crit","thousand_handed_guardian","S+",40201,Victory,4.020,340.00,S+
"jennifer_dual_crit_il12","jennifer","dual-crit","thousand_handed_guardian","S+",40202,Victory,4.520,340.00,S+
"jennifer_dual_crit_il12","jennifer","dual-crit","thousand_handed_guardian","S+",40203,Victory,4.020,340.00,S+
"jennifer_dual_crit_il12","jennifer","dual-crit","ashen_bastion","S+",40301,Victory,4.960,340.00,S+
"jennifer_dual_crit_il12","jennifer","dual-crit","ashen_bastion","S+",40302,Victory,4.020,340.00,S+
"jennifer_dual_crit_il12","jennifer","dual-crit","ashen_bastion","S+",40303,Victory,4.520,340.00,S+
"jennifer_dual_crit_il15","jennifer","dual-crit","brass_executioner","B",10101,Victory,0.840,350.00,S+
"jennifer_dual_crit_il15","jennifer","dual-crit","brass_executioner","B",10102,Victory,0.840,350.00,S+
"jennifer_dual_crit_il15","jennifer","dual-crit","brass_executioner","B",10103,Victory,0.840,350.00,S+
"jennifer_dual_crit_il15","jennifer","dual-crit","thousand_handed_guardian","B",10201,Victory,1.260,350.00,S+
"jennifer_dual_crit_il15","jennifer","dual-crit","thousand_handed_guardian","B",10202,Victory,0.420,350.00,S+
"jennifer_dual_crit_il15","jennifer","dual-crit","thousand_handed_guardian","B",10203,Victory,0.840,350.00,S+
"jennifer_dual_crit_il15","jennifer","dual-crit","ashen_bastion","B",10301,Victory,2.100,350.00,S+
"jennifer_dual_crit_il15","jennifer","dual-crit","ashen_bastion","B",10302,Victory,1.260,350.00,S+
"jennifer_dual_crit_il15","jennifer","dual-crit","ashen_bastion","B",10303,Victory,1.680,350.00,S+
"jennifer_dual_crit_il15","jennifer","dual-crit","brass_executioner","A",20101,Victory,1.680,350.00,S+
"jennifer_dual_crit_il15","jennifer","dual-crit","brass_executioner","A",20102,Victory,0.840,350.00,S+
"jennifer_dual_crit_il15","jennifer","dual-crit","brass_executioner","A",20103,Victory,0.840,350.00,S+
"jennifer_dual_crit_il15","jennifer","dual-crit","thousand_handed_guardian","A",20201,Victory,1.260,350.00,S+
"jennifer_dual_crit_il15","jennifer","dual-crit","thousand_handed_guardian","A",20202,Victory,1.680,350.00,S+
"jennifer_dual_crit_il15","jennifer","dual-crit","thousand_handed_guardian","A",20203,Victory,1.260,350.00,S+
"jennifer_dual_crit_il15","jennifer","dual-crit","ashen_bastion","A",20301,Victory,2.100,350.00,S+
"jennifer_dual_crit_il15","jennifer","dual-crit","ashen_bastion","A",20302,Victory,2.500,350.00,S+
"jennifer_dual_crit_il15","jennifer","dual-crit","ashen_bastion","A",20303,Victory,1.260,350.00,S+
"jennifer_dual_crit_il15","jennifer","dual-crit","brass_executioner","S",30101,Victory,2.100,350.00,S+
"jennifer_dual_crit_il15","jennifer","dual-crit","brass_executioner","S",30102,Victory,1.260,350.00,S+
"jennifer_dual_crit_il15","jennifer","dual-crit","brass_executioner","S",30103,Victory,2.100,345.30,S+
"jennifer_dual_crit_il15","jennifer","dual-crit","thousand_handed_guardian","S",30201,Victory,1.680,350.00,S+
"jennifer_dual_crit_il15","jennifer","dual-crit","thousand_handed_guardian","S",30202,Victory,2.500,350.00,S+
"jennifer_dual_crit_il15","jennifer","dual-crit","thousand_handed_guardian","S",30203,Victory,2.100,350.00,S+
"jennifer_dual_crit_il15","jennifer","dual-crit","ashen_bastion","S",30301,Victory,2.920,350.00,S+
"jennifer_dual_crit_il15","jennifer","dual-crit","ashen_bastion","S",30302,Victory,2.500,350.00,S+
"jennifer_dual_crit_il15","jennifer","dual-crit","ashen_bastion","S",30303,Victory,2.920,350.00,S+
"jennifer_dual_crit_il15","jennifer","dual-crit","brass_executioner","S+",40101,Victory,2.920,316.95,S+
"jennifer_dual_crit_il15","jennifer","dual-crit","brass_executioner","S+",40102,Victory,2.920,350.00,S+
"jennifer_dual_crit_il15","jennifer","dual-crit","brass_executioner","S+",40103,Victory,2.100,350.00,S+
"jennifer_dual_crit_il15","jennifer","dual-crit","thousand_handed_guardian","S+",40201,Victory,2.920,350.00,S+
"jennifer_dual_crit_il15","jennifer","dual-crit","thousand_handed_guardian","S+",40202,Victory,3.340,350.00,S+
"jennifer_dual_crit_il15","jennifer","dual-crit","thousand_handed_guardian","S+",40203,Victory,2.920,350.00,S+
"jennifer_dual_crit_il15","jennifer","dual-crit","ashen_bastion","S+",40301,Victory,4.020,350.00,S+
"jennifer_dual_crit_il15","jennifer","dual-crit","ashen_bastion","S+",40302,Victory,3.760,350.00,S+
"jennifer_dual_crit_il15","jennifer","dual-crit","ashen_bastion","S+",40303,Victory,4.020,350.00,S+
"jennifer_bleed_lightning_il1","jennifer","fast-bleed","brass_executioner","B",10101,Victory,4.020,289.41,S
"jennifer_bleed_lightning_il1","jennifer","fast-bleed","brass_executioner","B",10102,Victory,3.020,285.75,S
"jennifer_bleed_lightning_il1","jennifer","fast-bleed","brass_executioner","B",10103,Victory,4.020,285.75,S
"jennifer_bleed_lightning_il1","jennifer","fast-bleed","thousand_handed_guardian","B",10201,Victory,4.020,310.00,S
"jennifer_bleed_lightning_il1","jennifer","fast-bleed","thousand_handed_guardian","B",10202,Victory,3.020,310.00,S
"jennifer_bleed_lightning_il1","jennifer","fast-bleed","thousand_handed_guardian","B",10203,Victory,4.020,310.00,S
"jennifer_bleed_lightning_il1","jennifer","fast-bleed","ashen_bastion","B",10301,Victory,4.780,310.00,S
"jennifer_bleed_lightning_il1","jennifer","fast-bleed","ashen_bastion","B",10302,Victory,4.180,310.00,S
"jennifer_bleed_lightning_il1","jennifer","fast-bleed","ashen_bastion","B",10303,Victory,4.180,310.00,S
"jennifer_bleed_lightning_il1","jennifer","fast-bleed","brass_executioner","A",20101,Victory,5.360,225.59,S
"jennifer_bleed_lightning_il1","jennifer","fast-bleed","brass_executioner","A",20102,Victory,7.160,47.50,S
"jennifer_bleed_lightning_il1","jennifer","fast-bleed","brass_executioner","A",20103,Victory,4.920,265.50,S
"jennifer_bleed_lightning_il1","jennifer","fast-bleed","thousand_handed_guardian","A",20201,Victory,4.780,310.00,S
"jennifer_bleed_lightning_il1","jennifer","fast-bleed","thousand_handed_guardian","A",20202,Victory,5.820,298.00,S
"jennifer_bleed_lightning_il1","jennifer","fast-bleed","thousand_handed_guardian","A",20203,Victory,6.560,292.00,S
"jennifer_bleed_lightning_il1","jennifer","fast-bleed","ashen_bastion","A",20301,Victory,9.840,256.73,S
"jennifer_bleed_lightning_il1","jennifer","fast-bleed","ashen_bastion","A",20302,Victory,8.940,271.60,S
"jennifer_bleed_lightning_il1","jennifer","fast-bleed","ashen_bastion","A",20303,Victory,6.560,294.78,S
"jennifer_bleed_lightning_il1","jennifer","fast-bleed","brass_executioner","S",30101,Defeat,5.000,0.00,S
"jennifer_bleed_lightning_il1","jennifer","fast-bleed","brass_executioner","S",30102,Defeat,5.000,0.00,S
"jennifer_bleed_lightning_il1","jennifer","fast-bleed","brass_executioner","S",30103,Defeat,5.000,0.00,S
"jennifer_bleed_lightning_il1","jennifer","fast-bleed","thousand_handed_guardian","S",30201,Victory,6.700,232.37,S
"jennifer_bleed_lightning_il1","jennifer","fast-bleed","thousand_handed_guardian","S",30202,Victory,7.020,238.11,S
"jennifer_bleed_lightning_il1","jennifer","fast-bleed","thousand_handed_guardian","S",30203,Victory,8.340,153.67,S
"jennifer_bleed_lightning_il1","jennifer","fast-bleed","ashen_bastion","S",30301,Victory,8.340,225.25,S
"jennifer_bleed_lightning_il1","jennifer","fast-bleed","ashen_bastion","S",30302,Victory,9.380,208.65,S
"jennifer_bleed_lightning_il1","jennifer","fast-bleed","ashen_bastion","S",30303,Victory,9.380,187.16,S
"jennifer_bleed_lightning_il1","jennifer","fast-bleed","brass_executioner","S+",40101,Defeat,4.000,0.00,S
"jennifer_bleed_lightning_il1","jennifer","fast-bleed","brass_executioner","S+",40102,Defeat,4.000,0.00,S
"jennifer_bleed_lightning_il1","jennifer","fast-bleed","brass_executioner","S+",40103,Defeat,4.000,0.00,S
"jennifer_bleed_lightning_il1","jennifer","fast-bleed","thousand_handed_guardian","S+",40201,Defeat,5.580,0.00,S
"jennifer_bleed_lightning_il1","jennifer","fast-bleed","thousand_handed_guardian","S+",40202,Defeat,6.100,0.00,S
"jennifer_bleed_lightning_il1","jennifer","fast-bleed","thousand_handed_guardian","S+",40203,Defeat,5.480,0.00,S
"jennifer_bleed_lightning_il1","jennifer","fast-bleed","ashen_bastion","S+",40301,Defeat,7.960,0.00,S
"jennifer_bleed_lightning_il1","jennifer","fast-bleed","ashen_bastion","S+",40302,Defeat,7.960,0.00,S
"jennifer_bleed_lightning_il1","jennifer","fast-bleed","ashen_bastion","S+",40303,Defeat,7.780,0.00,S
"jennifer_bleed_lightning_il4","jennifer","fast-bleed","brass_executioner","B",10101,Victory,2.840,312.89,S
"jennifer_bleed_lightning_il4","jennifer","fast-bleed","brass_executioner","B",10102,Victory,2.020,320.00,S
"jennifer_bleed_lightning_il4","jennifer","fast-bleed","brass_executioner","B",10103,Victory,3.020,307.75,S
"jennifer_bleed_lightning_il4","jennifer","fast-bleed","thousand_handed_guardian","B",10201,Victory,2.700,320.00,S
"jennifer_bleed_lightning_il4","jennifer","fast-bleed","thousand_handed_guardian","B",10202,Victory,2.160,320.00,S
"jennifer_bleed_lightning_il4","jennifer","fast-bleed","thousand_handed_guardian","B",10203,Victory,3.240,320.00,S
"jennifer_bleed_lightning_il4","jennifer","fast-bleed","ashen_bastion","B",10301,Victory,3.780,320.00,S
"jennifer_bleed_lightning_il4","jennifer","fast-bleed","ashen_bastion","B",10302,Victory,3.640,320.00,S
"jennifer_bleed_lightning_il4","jennifer","fast-bleed","ashen_bastion","B",10303,Victory,3.640,320.00,S
"jennifer_bleed_lightning_il4","jennifer","fast-bleed","brass_executioner","A",20101,Victory,3.780,309.65,S
"jennifer_bleed_lightning_il4","jennifer","fast-bleed","brass_executioner","A",20102,Victory,4.040,287.50,S
"jennifer_bleed_lightning_il4","jennifer","fast-bleed","brass_executioner","A",20103,Victory,4.840,287.50,S
"jennifer_bleed_lightning_il4","jennifer","fast-bleed","thousand_handed_guardian","A",20201,Victory,3.020,320.00,S
"jennifer_bleed_lightning_il4","jennifer","fast-bleed","thousand_handed_guardian","A",20202,Victory,4.020,320.00,S
"jennifer_bleed_lightning_il4","jennifer","fast-bleed","thousand_handed_guardian","A",20203,Victory,4.320,320.00,S
"jennifer_bleed_lightning_il4","jennifer","fast-bleed","ashen_bastion","A",20301,Victory,4.840,320.00,S
"jennifer_bleed_lightning_il4","jennifer","fast-bleed","ashen_bastion","A",20302,Victory,5.260,320.00,S
"jennifer_bleed_lightning_il4","jennifer","fast-bleed","ashen_bastion","A",20303,Victory,4.020,320.00,S
"jennifer_bleed_lightning_il4","jennifer","fast-bleed","brass_executioner","S",30101,Victory,5.260,167.52,S
"jennifer_bleed_lightning_il4","jennifer","fast-bleed","brass_executioner","S",30102,Victory,5.020,167.04,S
"jennifer_bleed_lightning_il4","jennifer","fast-bleed","brass_executioner","S",30103,Victory,4.320,283.34,S
"jennifer_bleed_lightning_il4","jennifer","fast-bleed","thousand_handed_guardian","S",30201,Victory,4.020,320.00,S
"jennifer_bleed_lightning_il4","jennifer","fast-bleed","thousand_handed_guardian","S",30202,Victory,4.840,320.00,S
"jennifer_bleed_lightning_il4","jennifer","fast-bleed","thousand_handed_guardian","S",30203,Victory,5.020,320.00,S
"jennifer_bleed_lightning_il4","jennifer","fast-bleed","ashen_bastion","S",30301,Victory,5.660,315.70,S
"jennifer_bleed_lightning_il4","jennifer","fast-bleed","ashen_bastion","S",30302,Victory,5.260,320.00,S
"jennifer_bleed_lightning_il4","jennifer","fast-bleed","ashen_bastion","S",30303,Victory,6.060,320.00,S
"jennifer_bleed_lightning_il4","jennifer","fast-bleed","brass_executioner","S+",40101,Defeat,4.000,0.00,S
"jennifer_bleed_lightning_il4","jennifer","fast-bleed","brass_executioner","S+",40102,Defeat,4.000,0.00,S
"jennifer_bleed_lightning_il4","jennifer","fast-bleed","brass_executioner","S+",40103,Defeat,4.000,0.00,S
"jennifer_bleed_lightning_il4","jennifer","fast-bleed","thousand_handed_guardian","S+",40201,Victory,8.040,69.77,S
"jennifer_bleed_lightning_il4","jennifer","fast-bleed","thousand_handed_guardian","S+",40202,Victory,7.540,119.01,S
"jennifer_bleed_lightning_il4","jennifer","fast-bleed","thousand_handed_guardian","S+",40203,Victory,8.020,87.84,S
"jennifer_bleed_lightning_il4","jennifer","fast-bleed","ashen_bastion","S+",40301,Victory,8.880,247.47,S
"jennifer_bleed_lightning_il4","jennifer","fast-bleed","ashen_bastion","S+",40302,Victory,8.080,227.21,S
"jennifer_bleed_lightning_il4","jennifer","fast-bleed","ashen_bastion","S+",40303,Victory,10.100,271.07,S
"jennifer_bleed_lightning_il8","jennifer","fast-bleed","brass_executioner","B",10101,Victory,1.980,330.00,S+
"jennifer_bleed_lightning_il8","jennifer","fast-bleed","brass_executioner","B",10102,Victory,1.480,330.00,S+
"jennifer_bleed_lightning_il8","jennifer","fast-bleed","brass_executioner","B",10103,Victory,1.480,330.00,S+
"jennifer_bleed_lightning_il8","jennifer","fast-bleed","thousand_handed_guardian","B",10201,Victory,2.220,330.00,S+
"jennifer_bleed_lightning_il8","jennifer","fast-bleed","thousand_handed_guardian","B",10202,Victory,1.840,330.00,S+
"jennifer_bleed_lightning_il8","jennifer","fast-bleed","thousand_handed_guardian","B",10203,Victory,1.840,330.00,S+
"jennifer_bleed_lightning_il8","jennifer","fast-bleed","ashen_bastion","B",10301,Victory,2.960,330.00,S+
"jennifer_bleed_lightning_il8","jennifer","fast-bleed","ashen_bastion","B",10302,Victory,2.460,330.00,S+
"jennifer_bleed_lightning_il8","jennifer","fast-bleed","ashen_bastion","B",10303,Victory,2.460,330.00,S+
"jennifer_bleed_lightning_il8","jennifer","fast-bleed","brass_executioner","A",20101,Victory,2.960,313.50,S+
"jennifer_bleed_lightning_il8","jennifer","fast-bleed","brass_executioner","A",20102,Victory,2.460,330.00,S+
"jennifer_bleed_lightning_il8","jennifer","fast-bleed","brass_executioner","A",20103,Victory,2.580,330.00,S+
"jennifer_bleed_lightning_il8","jennifer","fast-bleed","thousand_handed_guardian","A",20201,Victory,2.220,330.00,S+
"jennifer_bleed_lightning_il8","jennifer","fast-bleed","thousand_handed_guardian","A",20202,Victory,2.960,330.00,S+
"jennifer_bleed_lightning_il8","jennifer","fast-bleed","thousand_handed_guardian","A",20203,Victory,3.320,330.00,S+
"jennifer_bleed_lightning_il8","jennifer","fast-bleed","ashen_bastion","A",20301,Victory,4.020,330.00,S+
"jennifer_bleed_lightning_il8","jennifer","fast-bleed","ashen_bastion","A",20302,Victory,4.020,330.00,S+
"jennifer_bleed_lightning_il8","jennifer","fast-bleed","ashen_bastion","A",20303,Victory,3.320,330.00,S+
"jennifer_bleed_lightning_il8","jennifer","fast-bleed","brass_executioner","S",30101,Victory,2.960,309.94,S+
"jennifer_bleed_lightning_il8","jennifer","fast-bleed","brass_executioner","S",30102,Victory,3.940,330.00,S+
"jennifer_bleed_lightning_il8","jennifer","fast-bleed","brass_executioner","S",30103,Victory,4.020,310.97,S+
"jennifer_bleed_lightning_il8","jennifer","fast-bleed","thousand_handed_guardian","S",30201,Victory,3.940,330.00,S+
"jennifer_bleed_lightning_il8","jennifer","fast-bleed","thousand_handed_guardian","S",30202,Victory,4.020,330.00,S+
"jennifer_bleed_lightning_il8","jennifer","fast-bleed","thousand_handed_guardian","S",30203,Victory,4.020,330.00,S+
"jennifer_bleed_lightning_il8","jennifer","fast-bleed","ashen_bastion","S",30301,Victory,4.420,330.00,S+
"jennifer_bleed_lightning_il8","jennifer","fast-bleed","ashen_bastion","S",30302,Victory,4.020,330.00,S+
"jennifer_bleed_lightning_il8","jennifer","fast-bleed","ashen_bastion","S",30303,Victory,5.160,330.00,S+
"jennifer_bleed_lightning_il8","jennifer","fast-bleed","brass_executioner","S+",40101,Victory,4.020,64.30,S+
"jennifer_bleed_lightning_il8","jennifer","fast-bleed","brass_executioner","S+",40102,Victory,4.920,93.06,S+
"jennifer_bleed_lightning_il8","jennifer","fast-bleed","brass_executioner","S+",40103,Victory,4.420,93.44,S+
"jennifer_bleed_lightning_il8","jennifer","fast-bleed","thousand_handed_guardian","S+",40201,Victory,4.420,330.00,S+
"jennifer_bleed_lightning_il8","jennifer","fast-bleed","thousand_handed_guardian","S+",40202,Victory,5.020,330.00,S+
"jennifer_bleed_lightning_il8","jennifer","fast-bleed","thousand_handed_guardian","S+",40203,Victory,4.420,330.00,S+
"jennifer_bleed_lightning_il8","jennifer","fast-bleed","ashen_bastion","S+",40301,Victory,6.380,330.00,S+
"jennifer_bleed_lightning_il8","jennifer","fast-bleed","ashen_bastion","S+",40302,Victory,5.900,330.00,S+
"jennifer_bleed_lightning_il8","jennifer","fast-bleed","ashen_bastion","S+",40303,Victory,5.900,330.00,S+
"jennifer_bleed_lightning_il12","jennifer","fast-bleed","brass_executioner","B",10101,Victory,1.360,340.00,S+
"jennifer_bleed_lightning_il12","jennifer","fast-bleed","brass_executioner","B",10102,Victory,1.020,340.00,S+
"jennifer_bleed_lightning_il12","jennifer","fast-bleed","brass_executioner","B",10103,Victory,1.360,340.00,S+
"jennifer_bleed_lightning_il12","jennifer","fast-bleed","thousand_handed_guardian","B",10201,Victory,1.700,340.00,S+
"jennifer_bleed_lightning_il12","jennifer","fast-bleed","thousand_handed_guardian","B",10202,Victory,1.360,340.00,S+
"jennifer_bleed_lightning_il12","jennifer","fast-bleed","thousand_handed_guardian","B",10203,Victory,1.360,340.00,S+
"jennifer_bleed_lightning_il12","jennifer","fast-bleed","ashen_bastion","B",10301,Victory,2.260,340.00,S+
"jennifer_bleed_lightning_il12","jennifer","fast-bleed","ashen_bastion","B",10302,Victory,2.020,340.00,S+
"jennifer_bleed_lightning_il12","jennifer","fast-bleed","ashen_bastion","B",10303,Victory,1.820,340.00,S+
"jennifer_bleed_lightning_il12","jennifer","fast-bleed","brass_executioner","A",20101,Victory,2.040,340.00,S+
"jennifer_bleed_lightning_il12","jennifer","fast-bleed","brass_executioner","A",20102,Victory,1.700,340.00,S+
"jennifer_bleed_lightning_il12","jennifer","fast-bleed","brass_executioner","A",20103,Victory,1.820,340.00,S+
"jennifer_bleed_lightning_il12","jennifer","fast-bleed","thousand_handed_guardian","A",20201,Victory,2.040,340.00,S+
"jennifer_bleed_lightning_il12","jennifer","fast-bleed","thousand_handed_guardian","A",20202,Victory,2.380,340.00,S+
"jennifer_bleed_lightning_il12","jennifer","fast-bleed","thousand_handed_guardian","A",20203,Victory,2.720,340.00,S+
"jennifer_bleed_lightning_il12","jennifer","fast-bleed","ashen_bastion","A",20301,Victory,3.060,340.00,S+
"jennifer_bleed_lightning_il12","jennifer","fast-bleed","ashen_bastion","A",20302,Victory,3.020,340.00,S+
"jennifer_bleed_lightning_il12","jennifer","fast-bleed","ashen_bastion","A",20303,Victory,2.380,340.00,S+
"jennifer_bleed_lightning_il12","jennifer","fast-bleed","brass_executioner","S",30101,Victory,2.260,340.00,S+
"jennifer_bleed_lightning_il12","jennifer","fast-bleed","brass_executioner","S",30102,Victory,2.720,340.00,S+
"jennifer_bleed_lightning_il12","jennifer","fast-bleed","brass_executioner","S",30103,Victory,3.160,340.00,S+
"jennifer_bleed_lightning_il12","jennifer","fast-bleed","thousand_handed_guardian","S",30201,Victory,2.260,340.00,S+
"jennifer_bleed_lightning_il12","jennifer","fast-bleed","thousand_handed_guardian","S",30202,Victory,2.380,340.00,S+
"jennifer_bleed_lightning_il12","jennifer","fast-bleed","thousand_handed_guardian","S",30203,Victory,3.060,340.00,S+
"jennifer_bleed_lightning_il12","jennifer","fast-bleed","ashen_bastion","S",30301,Victory,4.020,340.00,S+
"jennifer_bleed_lightning_il12","jennifer","fast-bleed","ashen_bastion","S",30302,Victory,3.060,340.00,S+
"jennifer_bleed_lightning_il12","jennifer","fast-bleed","ashen_bastion","S",30303,Victory,4.020,340.00,S+
"jennifer_bleed_lightning_il12","jennifer","fast-bleed","brass_executioner","S+",40101,Victory,3.380,294.95,S+
"jennifer_bleed_lightning_il12","jennifer","fast-bleed","brass_executioner","S+",40102,Victory,3.720,340.00,S+
"jennifer_bleed_lightning_il12","jennifer","fast-bleed","brass_executioner","S+",40103,Victory,3.380,340.00,S+
"jennifer_bleed_lightning_il12","jennifer","fast-bleed","thousand_handed_guardian","S+",40201,Victory,4.020,340.00,S+
"jennifer_bleed_lightning_il12","jennifer","fast-bleed","thousand_handed_guardian","S+",40202,Victory,4.020,340.00,S+
"jennifer_bleed_lightning_il12","jennifer","fast-bleed","thousand_handed_guardian","S+",40203,Victory,4.020,340.00,S+
"jennifer_bleed_lightning_il12","jennifer","fast-bleed","ashen_bastion","S+",40301,Victory,4.020,340.00,S+
"jennifer_bleed_lightning_il12","jennifer","fast-bleed","ashen_bastion","S+",40302,Victory,4.400,340.00,S+
"jennifer_bleed_lightning_il12","jennifer","fast-bleed","ashen_bastion","S+",40303,Victory,4.060,340.00,S+
"jennifer_bleed_lightning_il15","jennifer","fast-bleed","brass_executioner","B",10101,Victory,0.940,350.00,S+
"jennifer_bleed_lightning_il15","jennifer","fast-bleed","brass_executioner","B",10102,Victory,0.940,350.00,S+
"jennifer_bleed_lightning_il15","jennifer","fast-bleed","brass_executioner","B",10103,Victory,0.940,350.00,S+
"jennifer_bleed_lightning_il15","jennifer","fast-bleed","thousand_handed_guardian","B",10201,Victory,0.940,350.00,S+
"jennifer_bleed_lightning_il15","jennifer","fast-bleed","thousand_handed_guardian","B",10202,Victory,0.940,350.00,S+
"jennifer_bleed_lightning_il15","jennifer","fast-bleed","thousand_handed_guardian","B",10203,Victory,0.940,350.00,S+
"jennifer_bleed_lightning_il15","jennifer","fast-bleed","ashen_bastion","B",10301,Victory,1.580,350.00,S+
"jennifer_bleed_lightning_il15","jennifer","fast-bleed","ashen_bastion","B",10302,Victory,1.580,350.00,S+
"jennifer_bleed_lightning_il15","jennifer","fast-bleed","ashen_bastion","B",10303,Victory,1.580,350.00,S+
"jennifer_bleed_lightning_il15","jennifer","fast-bleed","brass_executioner","A",20101,Victory,1.680,350.00,S+
"jennifer_bleed_lightning_il15","jennifer","fast-bleed","brass_executioner","A",20102,Victory,0.940,350.00,S+
"jennifer_bleed_lightning_il15","jennifer","fast-bleed","brass_executioner","A",20103,Victory,1.260,350.00,S+
"jennifer_bleed_lightning_il15","jennifer","fast-bleed","thousand_handed_guardian","A",20201,Victory,1.680,350.00,S+
"jennifer_bleed_lightning_il15","jennifer","fast-bleed","thousand_handed_guardian","A",20202,Victory,1.880,350.00,S+
"jennifer_bleed_lightning_il15","jennifer","fast-bleed","thousand_handed_guardian","A",20203,Victory,2.100,350.00,S+
"jennifer_bleed_lightning_il15","jennifer","fast-bleed","ashen_bastion","A",20301,Victory,2.200,350.00,S+
"jennifer_bleed_lightning_il15","jennifer","fast-bleed","ashen_bastion","A",20302,Victory,2.500,350.00,S+
"jennifer_bleed_lightning_il15","jennifer","fast-bleed","ashen_bastion","A",20303,Victory,1.680,350.00,S+
"jennifer_bleed_lightning_il15","jennifer","fast-bleed","brass_executioner","S",30101,Victory,1.680,350.00,S+
"jennifer_bleed_lightning_il15","jennifer","fast-bleed","brass_executioner","S",30102,Victory,1.880,350.00,S+
"jennifer_bleed_lightning_il15","jennifer","fast-bleed","brass_executioner","S",30103,Victory,2.500,350.00,S+
"jennifer_bleed_lightning_il15","jennifer","fast-bleed","thousand_handed_guardian","S",30201,Victory,1.880,350.00,S+
"jennifer_bleed_lightning_il15","jennifer","fast-bleed","thousand_handed_guardian","S",30202,Victory,1.880,350.00,S+
"jennifer_bleed_lightning_il15","jennifer","fast-bleed","thousand_handed_guardian","S",30203,Victory,2.500,350.00,S+
"jennifer_bleed_lightning_il15","jennifer","fast-bleed","ashen_bastion","S",30301,Victory,2.920,350.00,S+
"jennifer_bleed_lightning_il15","jennifer","fast-bleed","ashen_bastion","S",30302,Victory,2.500,350.00,S+
"jennifer_bleed_lightning_il15","jennifer","fast-bleed","ashen_bastion","S",30303,Victory,2.820,350.00,S+
"jennifer_bleed_lightning_il15","jennifer","fast-bleed","brass_executioner","S+",40101,Victory,2.500,350.00,S+
"jennifer_bleed_lightning_il15","jennifer","fast-bleed","brass_executioner","S+",40102,Victory,2.820,316.95,S+
"jennifer_bleed_lightning_il15","jennifer","fast-bleed","brass_executioner","S+",40103,Victory,2.100,350.00,S+
"jennifer_bleed_lightning_il15","jennifer","fast-bleed","thousand_handed_guardian","S+",40201,Victory,3.140,350.00,S+
"jennifer_bleed_lightning_il15","jennifer","fast-bleed","thousand_handed_guardian","S+",40202,Victory,3.340,350.00,S+
"jennifer_bleed_lightning_il15","jennifer","fast-bleed","thousand_handed_guardian","S+",40203,Victory,2.820,350.00,S+
"jennifer_bleed_lightning_il15","jennifer","fast-bleed","ashen_bastion","S+",40301,Victory,3.340,350.00,S+
"jennifer_bleed_lightning_il15","jennifer","fast-bleed","ashen_bastion","S+",40302,Victory,4.020,350.00,S+
"jennifer_bleed_lightning_il15","jennifer","fast-bleed","ashen_bastion","S+",40303,Victory,3.760,350.00,S+
"jennifer_pendulum_il1","jennifer","slow-burst","brass_executioner","B",10101,Victory,8.040,257.87,A
"jennifer_pendulum_il1","jennifer","slow-burst","brass_executioner","B",10102,Victory,8.260,257.87,A
"jennifer_pendulum_il1","jennifer","slow-burst","brass_executioner","B",10103,Victory,8.040,276.46,A
"jennifer_pendulum_il1","jennifer","slow-burst","thousand_handed_guardian","B",10201,Victory,8.040,325.00,A
"jennifer_pendulum_il1","jennifer","slow-burst","thousand_handed_guardian","B",10202,Victory,8.040,325.00,A
"jennifer_pendulum_il1","jennifer","slow-burst","thousand_handed_guardian","B",10203,Victory,8.040,325.00,A
"jennifer_pendulum_il1","jennifer","slow-burst","ashen_bastion","B",10301,Victory,16.080,325.00,A
"jennifer_pendulum_il1","jennifer","slow-burst","ashen_bastion","B",10302,Victory,17.860,325.00,A
"jennifer_pendulum_il1","jennifer","slow-burst","ashen_bastion","B",10303,Victory,20.100,325.00,A
"jennifer_pendulum_il1","jennifer","slow-burst","brass_executioner","A",20101,Defeat,11.120,0.00,A
"jennifer_pendulum_il1","jennifer","slow-burst","brass_executioner","A",20102,Victory,8.260,95.12,A
"jennifer_pendulum_il1","jennifer","slow-burst","brass_executioner","A",20103,Defeat,11.120,0.00,A
"jennifer_pendulum_il1","jennifer","slow-burst","thousand_handed_guardian","A",20201,Victory,12.060,269.90,A
"jennifer_pendulum_il1","jennifer","slow-burst","thousand_handed_guardian","A",20202,Victory,12.060,269.90,A
"jennifer_pendulum_il1","jennifer","slow-burst","thousand_handed_guardian","A",20203,Victory,12.060,258.99,A
"jennifer_pendulum_il1","jennifer","slow-burst","ashen_bastion","A",20301,Victory,32.980,9.16,A
"jennifer_pendulum_il1","jennifer","slow-burst","ashen_bastion","A",20302,Victory,32.140,28.06,A
"jennifer_pendulum_il1","jennifer","slow-burst","ashen_bastion","A",20303,Defeat,32.060,0.00,A
"jennifer_pendulum_il1","jennifer","slow-burst","brass_executioner","S",30101,Defeat,7.420,0.00,A
"jennifer_pendulum_il1","jennifer","slow-burst","brass_executioner","S",30102,Defeat,7.420,0.00,A
"jennifer_pendulum_il1","jennifer","slow-burst","brass_executioner","S",30103,Defeat,7.420,0.00,A
"jennifer_pendulum_il1","jennifer","slow-burst","thousand_handed_guardian","S",30201,Defeat,14.180,0.00,A
"jennifer_pendulum_il1","jennifer","slow-burst","thousand_handed_guardian","S",30202,Defeat,15.280,0.00,A
"jennifer_pendulum_il1","jennifer","slow-burst","thousand_handed_guardian","S",30203,Defeat,13.900,0.00,A
"jennifer_pendulum_il1","jennifer","slow-burst","ashen_bastion","S",30301,Defeat,21.060,0.00,A
"jennifer_pendulum_il1","jennifer","slow-burst","ashen_bastion","S",30302,Defeat,21.060,0.00,A
"jennifer_pendulum_il1","jennifer","slow-burst","ashen_bastion","S",30303,Defeat,20.300,0.00,A
"jennifer_pendulum_il1","jennifer","slow-burst","brass_executioner","S+",40101,Defeat,4.000,0.00,A
"jennifer_pendulum_il1","jennifer","slow-burst","brass_executioner","S+",40102,Defeat,4.000,0.00,A
"jennifer_pendulum_il1","jennifer","slow-burst","brass_executioner","S+",40103,Defeat,4.000,0.00,A
"jennifer_pendulum_il1","jennifer","slow-burst","thousand_handed_guardian","S+",40201,Defeat,7.780,0.00,A
"jennifer_pendulum_il1","jennifer","slow-burst","thousand_handed_guardian","S+",40202,Defeat,8.340,0.00,A
"jennifer_pendulum_il1","jennifer","slow-burst","thousand_handed_guardian","S+",40203,Defeat,7.780,0.00,A
"jennifer_pendulum_il1","jennifer","slow-burst","ashen_bastion","S+",40301,Defeat,13.953,0.00,A
"jennifer_pendulum_il1","jennifer","slow-burst","ashen_bastion","S+",40302,Defeat,14.693,0.00,A
"jennifer_pendulum_il1","jennifer","slow-burst","ashen_bastion","S+",40303,Defeat,13.353,0.00,A
"jennifer_pendulum_il4","jennifer","slow-burst","brass_executioner","B",10101,Victory,5.300,350.00,A
"jennifer_pendulum_il4","jennifer","slow-burst","brass_executioner","B",10102,Victory,5.560,350.00,A
"jennifer_pendulum_il4","jennifer","slow-burst","brass_executioner","B",10103,Victory,4.020,350.00,A
"jennifer_pendulum_il4","jennifer","slow-burst","thousand_handed_guardian","B",10201,Victory,6.620,350.00,A
"jennifer_pendulum_il4","jennifer","slow-burst","thousand_handed_guardian","B",10202,Victory,5.300,350.00,A
"jennifer_pendulum_il4","jennifer","slow-burst","thousand_handed_guardian","B",10203,Victory,6.620,350.00,A
"jennifer_pendulum_il4","jennifer","slow-burst","ashen_bastion","B",10301,Victory,10.600,350.00,A
"jennifer_pendulum_il4","jennifer","slow-burst","ashen_bastion","B",10302,Victory,10.600,350.00,A
"jennifer_pendulum_il4","jennifer","slow-burst","ashen_bastion","B",10303,Victory,12.060,350.00,A
"jennifer_pendulum_il4","jennifer","slow-burst","brass_executioner","A",20101,Victory,8.040,269.96,A
"jennifer_pendulum_il4","jennifer","slow-burst","brass_executioner","A",20102,Victory,5.300,346.66,A
"jennifer_pendulum_il4","jennifer","slow-burst","brass_executioner","A",20103,Victory,8.040,293.30,A
"jennifer_pendulum_il4","jennifer","slow-burst","thousand_handed_guardian","A",20201,Victory,8.040,350.00,A
"jennifer_pendulum_il4","jennifer","slow-burst","thousand_handed_guardian","A",20202,Victory,8.040,350.00,A
"jennifer_pendulum_il4","jennifer","slow-burst","thousand_handed_guardian","A",20203,Victory,8.040,350.00,A
"jennifer_pendulum_il4","jennifer","slow-burst","ashen_bastion","A",20301,Victory,20.100,350.00,A
"jennifer_pendulum_il4","jennifer","slow-burst","ashen_bastion","A",20302,Victory,16.080,350.00,A
"jennifer_pendulum_il4","jennifer","slow-burst","ashen_bastion","A",20303,Victory,16.080,350.00,A
"jennifer_pendulum_il4","jennifer","slow-burst","brass_executioner","S",30101,Defeat,10.000,0.00,A
"jennifer_pendulum_il4","jennifer","slow-burst","brass_executioner","S",30102,Victory,8.040,157.22,A
"jennifer_pendulum_il4","jennifer","slow-burst","brass_executioner","S",30103,Defeat,10.000,0.00,A
"jennifer_pendulum_il4","jennifer","slow-burst","thousand_handed_guardian","S",30201,Victory,9.260,350.00,A
"jennifer_pendulum_il4","jennifer","slow-burst","thousand_handed_guardian","S",30202,Victory,11.920,350.00,A
"jennifer_pendulum_il4","jennifer","slow-burst","thousand_handed_guardian","S",30203,Victory,10.600,350.00,A
"jennifer_pendulum_il4","jennifer","slow-burst","ashen_bastion","S",30301,Defeat,29.980,0.00,A
"jennifer_pendulum_il4","jennifer","slow-burst","ashen_bastion","S",30302,Victory,24.120,165.68,A
"jennifer_pendulum_il4","jennifer","slow-burst","ashen_bastion","S",30303,Defeat,29.240,0.00,A
"jennifer_pendulum_il4","jennifer","slow-burst","brass_executioner","S+",40101,Defeat,5.560,0.00,A
"jennifer_pendulum_il4","jennifer","slow-burst","brass_executioner","S+",40102,Defeat,5.560,0.00,A
"jennifer_pendulum_il4","jennifer","slow-burst","brass_executioner","S+",40103,Defeat,5.560,0.00,A
"jennifer_pendulum_il4","jennifer","slow-burst","thousand_handed_guardian","S+",40201,Defeat,10.840,0.00,A
"jennifer_pendulum_il4","jennifer","slow-burst","thousand_handed_guardian","S+",40202,Defeat,11.400,0.00,A
"jennifer_pendulum_il4","jennifer","slow-burst","thousand_handed_guardian","S+",40203,Defeat,10.840,0.00,A
"jennifer_pendulum_il4","jennifer","slow-burst","ashen_bastion","S+",40301,Defeat,19.760,0.00,A
"jennifer_pendulum_il4","jennifer","slow-burst","ashen_bastion","S+",40302,Defeat,19.033,0.00,A
"jennifer_pendulum_il4","jennifer","slow-burst","ashen_bastion","S+",40303,Defeat,19.040,0.00,A
"jennifer_pendulum_il8","jennifer","slow-burst","brass_executioner","B",10101,Victory,4.020,375.00,S
"jennifer_pendulum_il8","jennifer","slow-burst","brass_executioner","B",10102,Victory,4.020,375.00,S
"jennifer_pendulum_il8","jennifer","slow-burst","brass_executioner","B",10103,Victory,4.020,375.00,S
"jennifer_pendulum_il8","jennifer","slow-burst","thousand_handed_guardian","B",10201,Victory,4.020,375.00,S
"jennifer_pendulum_il8","jennifer","slow-burst","thousand_handed_guardian","B",10202,Victory,4.020,375.00,S
"jennifer_pendulum_il8","jennifer","slow-burst","thousand_handed_guardian","B",10203,Victory,4.020,375.00,S
"jennifer_pendulum_il8","jennifer","slow-burst","ashen_bastion","B",10301,Victory,5.120,375.00,S
"jennifer_pendulum_il8","jennifer","slow-burst","ashen_bastion","B",10302,Victory,5.120,375.00,S
"jennifer_pendulum_il8","jennifer","slow-burst","ashen_bastion","B",10303,Victory,6.380,375.00,S
"jennifer_pendulum_il8","jennifer","slow-burst","brass_executioner","A",20101,Victory,5.120,375.00,S
"jennifer_pendulum_il8","jennifer","slow-burst","brass_executioner","A",20102,Victory,4.020,375.00,S
"jennifer_pendulum_il8","jennifer","slow-burst","brass_executioner","A",20103,Victory,4.020,375.00,S
"jennifer_pendulum_il8","jennifer","slow-burst","thousand_handed_guardian","A",20201,Victory,5.120,375.00,S
"jennifer_pendulum_il8","jennifer","slow-burst","thousand_handed_guardian","A",20202,Victory,5.120,375.00,S
"jennifer_pendulum_il8","jennifer","slow-burst","thousand_handed_guardian","A",20203,Victory,7.500,375.00,S
"jennifer_pendulum_il8","jennifer","slow-burst","ashen_bastion","A",20301,Victory,12.060,375.00,S
"jennifer_pendulum_il8","jennifer","slow-burst","ashen_bastion","A",20302,Victory,8.040,375.00,S
"jennifer_pendulum_il8","jennifer","slow-burst","ashen_bastion","A",20303,Victory,8.940,375.00,S
"jennifer_pendulum_il8","jennifer","slow-burst","brass_executioner","S",30101,Victory,8.040,348.84,S
"jennifer_pendulum_il8","jennifer","slow-burst","brass_executioner","S",30102,Victory,5.120,374.46,S
"jennifer_pendulum_il8","jennifer","slow-burst","brass_executioner","S",30103,Victory,8.040,348.84,S
"jennifer_pendulum_il8","jennifer","slow-burst","thousand_handed_guardian","S",30201,Victory,8.040,375.00,S
"jennifer_pendulum_il8","jennifer","slow-burst","thousand_handed_guardian","S",30202,Victory,8.040,375.00,S
"jennifer_pendulum_il8","jennifer","slow-burst","thousand_handed_guardian","S",30203,Victory,8.040,375.00,S
"jennifer_pendulum_il8","jennifer","slow-burst","ashen_bastion","S",30301,Victory,14.040,375.00,S
"jennifer_pendulum_il8","jennifer","slow-burst","ashen_bastion","S",30302,Victory,16.600,375.00,S
"jennifer_pendulum_il8","jennifer","slow-burst","ashen_bastion","S",30303,Victory,17.867,375.00,S
"jennifer_pendulum_il8","jennifer","slow-burst","brass_executioner","S+",40101,Defeat,8.000,0.00,S
"jennifer_pendulum_il8","jennifer","slow-burst","brass_executioner","S+",40102,Defeat,8.000,0.00,S
"jennifer_pendulum_il8","jennifer","slow-burst","brass_executioner","S+",40103,Defeat,8.000,0.00,S
"jennifer_pendulum_il8","jennifer","slow-burst","thousand_handed_guardian","S+",40201,Victory,11.480,303.31,S
"jennifer_pendulum_il8","jennifer","slow-burst","thousand_handed_guardian","S+",40202,Victory,10.220,374.21,S
"jennifer_pendulum_il8","jennifer","slow-burst","thousand_handed_guardian","S+",40203,Victory,12.060,319.41,S
"jennifer_pendulum_il8","jennifer","slow-burst","ashen_bastion","S+",40301,Victory,24.254,178.57,S
"jennifer_pendulum_il8","jennifer","slow-burst","ashen_bastion","S+",40302,Victory,22.973,211.43,S
"jennifer_pendulum_il8","jennifer","slow-burst","ashen_bastion","S+",40303,Victory,28.067,6.71,S
"jennifer_pendulum_il12","jennifer","slow-burst","brass_executioner","B",10101,Victory,3.700,400.00,S+
"jennifer_pendulum_il12","jennifer","slow-burst","brass_executioner","B",10102,Victory,3.700,400.00,S+
"jennifer_pendulum_il12","jennifer","slow-burst","brass_executioner","B",10103,Victory,2.480,400.00,S+
"jennifer_pendulum_il12","jennifer","slow-burst","thousand_handed_guardian","B",10201,Victory,4.020,400.00,S+
"jennifer_pendulum_il12","jennifer","slow-burst","thousand_handed_guardian","B",10202,Victory,3.700,400.00,S+
"jennifer_pendulum_il12","jennifer","slow-burst","thousand_handed_guardian","B",10203,Victory,4.020,400.00,S+
"jennifer_pendulum_il12","jennifer","slow-burst","ashen_bastion","B",10301,Victory,4.020,400.00,S+
"jennifer_pendulum_il12","jennifer","slow-burst","ashen_bastion","B",10302,Victory,4.020,400.00,S+
"jennifer_pendulum_il12","jennifer","slow-burst","ashen_bastion","B",10303,Victory,4.020,400.00,S+
"jennifer_pendulum_il12","jennifer","slow-burst","brass_executioner","A",20101,Victory,4.020,400.00,S+
"jennifer_pendulum_il12","jennifer","slow-burst","brass_executioner","A",20102,Victory,3.700,400.00,S+
"jennifer_pendulum_il12","jennifer","slow-burst","brass_executioner","A",20103,Victory,4.020,400.00,S+
"jennifer_pendulum_il12","jennifer","slow-burst","thousand_handed_guardian","A",20201,Victory,4.020,400.00,S+
"jennifer_pendulum_il12","jennifer","slow-burst","thousand_handed_guardian","A",20202,Victory,4.020,400.00,S+
"jennifer_pendulum_il12","jennifer","slow-burst","thousand_handed_guardian","A",20203,Victory,4.020,400.00,S+
"jennifer_pendulum_il12","jennifer","slow-burst","ashen_bastion","A",20301,Victory,8.040,400.00,S+
"jennifer_pendulum_il12","jennifer","slow-burst","ashen_bastion","A",20302,Victory,6.160,400.00,S+
"jennifer_pendulum_il12","jennifer","slow-burst","ashen_bastion","A",20303,Victory,8.040,400.00,S+
"jennifer_pendulum_il12","jennifer","slow-burst","brass_executioner","S",30101,Victory,4.940,400.00,S+
"jennifer_pendulum_il12","jennifer","slow-burst","brass_executioner","S",30102,Victory,4.020,400.00,S+
"jennifer_pendulum_il12","jennifer","slow-burst","brass_executioner","S",30103,Victory,4.940,400.00,S+
"jennifer_pendulum_il12","jennifer","slow-burst","thousand_handed_guardian","S",30201,Victory,5.840,400.00,S+
"jennifer_pendulum_il12","jennifer","slow-burst","thousand_handed_guardian","S",30202,Victory,6.160,400.00,S+
"jennifer_pendulum_il12","jennifer","slow-burst","thousand_handed_guardian","S",30203,Victory,6.160,400.00,S+
"jennifer_pendulum_il12","jennifer","slow-burst","ashen_bastion","S",30301,Victory,8.640,400.00,S+
"jennifer_pendulum_il12","jennifer","slow-burst","ashen_bastion","S",30302,Victory,8.340,400.00,S+
"jennifer_pendulum_il12","jennifer","slow-burst","ashen_bastion","S",30303,Victory,9.860,400.00,S+
"jennifer_pendulum_il12","jennifer","slow-burst","brass_executioner","S+",40101,Victory,7.400,376.33,S+
"jennifer_pendulum_il12","jennifer","slow-burst","brass_executioner","S+",40102,Victory,7.400,376.33,S+
"jennifer_pendulum_il12","jennifer","slow-burst","brass_executioner","S+",40103,Victory,6.160,376.33,S+
"jennifer_pendulum_il12","jennifer","slow-burst","thousand_handed_guardian","S+",40201,Victory,8.040,400.00,S+
"jennifer_pendulum_il12","jennifer","slow-burst","thousand_handed_guardian","S+",40202,Victory,8.040,400.00,S+
"jennifer_pendulum_il12","jennifer","slow-burst","thousand_handed_guardian","S+",40203,Victory,8.640,400.00,S+
"jennifer_pendulum_il12","jennifer","slow-burst","ashen_bastion","S+",40301,Victory,18.480,400.00,S+
"jennifer_pendulum_il12","jennifer","slow-burst","ashen_bastion","S+",40302,Victory,14.793,400.00,S+
"jennifer_pendulum_il12","jennifer","slow-burst","ashen_bastion","S+",40303,Victory,18.480,400.00,S+
"jennifer_pendulum_il15","jennifer","slow-burst","brass_executioner","B",10101,Victory,2.400,425.00,S+
"jennifer_pendulum_il15","jennifer","slow-burst","brass_executioner","B",10102,Victory,2.400,425.00,S+
"jennifer_pendulum_il15","jennifer","slow-burst","brass_executioner","B",10103,Victory,2.400,425.00,S+
"jennifer_pendulum_il15","jennifer","slow-burst","thousand_handed_guardian","B",10201,Victory,3.580,425.00,S+
"jennifer_pendulum_il15","jennifer","slow-burst","thousand_handed_guardian","B",10202,Victory,2.400,425.00,S+
"jennifer_pendulum_il15","jennifer","slow-burst","thousand_handed_guardian","B",10203,Victory,3.580,425.00,S+
"jennifer_pendulum_il15","jennifer","slow-burst","ashen_bastion","B",10301,Victory,4.020,425.00,S+
"jennifer_pendulum_il15","jennifer","slow-burst","ashen_bastion","B",10302,Victory,4.020,425.00,S+
"jennifer_pendulum_il15","jennifer","slow-burst","ashen_bastion","B",10303,Victory,4.020,425.00,S+
"jennifer_pendulum_il15","jennifer","slow-burst","brass_executioner","A",20101,Victory,4.020,425.00,S+
"jennifer_pendulum_il15","jennifer","slow-burst","brass_executioner","A",20102,Victory,2.400,425.00,S+
"jennifer_pendulum_il15","jennifer","slow-burst","brass_executioner","A",20103,Victory,4.020,425.00,S+
"jennifer_pendulum_il15","jennifer","slow-burst","thousand_handed_guardian","A",20201,Victory,4.020,425.00,S+
"jennifer_pendulum_il15","jennifer","slow-burst","thousand_handed_guardian","A",20202,Victory,4.020,425.00,S+
"jennifer_pendulum_il15","jennifer","slow-burst","thousand_handed_guardian","A",20203,Victory,4.020,425.00,S+
"jennifer_pendulum_il15","jennifer","slow-burst","ashen_bastion","A",20301,Victory,5.960,425.00,S+
"jennifer_pendulum_il15","jennifer","slow-burst","ashen_bastion","A",20302,Victory,4.020,425.00,S+
"jennifer_pendulum_il15","jennifer","slow-burst","ashen_bastion","A",20303,Victory,4.780,425.00,S+
"jennifer_pendulum_il15","jennifer","slow-burst","brass_executioner","S",30101,Victory,4.020,425.00,S+
"jennifer_pendulum_il15","jennifer","slow-burst","brass_executioner","S",30102,Victory,4.020,425.00,S+
"jennifer_pendulum_il15","jennifer","slow-burst","brass_executioner","S",30103,Victory,4.020,425.00,S+
"jennifer_pendulum_il15","jennifer","slow-burst","thousand_handed_guardian","S",30201,Victory,4.020,425.00,S+
"jennifer_pendulum_il15","jennifer","slow-burst","thousand_handed_guardian","S",30202,Victory,4.780,425.00,S+
"jennifer_pendulum_il15","jennifer","slow-burst","thousand_handed_guardian","S",30203,Victory,4.020,425.00,S+
"jennifer_pendulum_il15","jennifer","slow-burst","ashen_bastion","S",30301,Victory,5.960,425.00,S+
"jennifer_pendulum_il15","jennifer","slow-burst","ashen_bastion","S",30302,Victory,5.960,425.00,S+
"jennifer_pendulum_il15","jennifer","slow-burst","ashen_bastion","S",30303,Victory,8.040,425.00,S+
"jennifer_pendulum_il15","jennifer","slow-burst","brass_executioner","S+",40101,Victory,4.020,425.00,S+
"jennifer_pendulum_il15","jennifer","slow-burst","brass_executioner","S+",40102,Victory,4.020,425.00,S+
"jennifer_pendulum_il15","jennifer","slow-burst","brass_executioner","S+",40103,Victory,4.020,425.00,S+
"jennifer_pendulum_il15","jennifer","slow-burst","thousand_handed_guardian","S+",40201,Victory,7.240,425.00,S+
"jennifer_pendulum_il15","jennifer","slow-burst","thousand_handed_guardian","S+",40202,Victory,7.160,425.00,S+
"jennifer_pendulum_il15","jennifer","slow-burst","thousand_handed_guardian","S+",40203,Victory,8.040,425.00,S+
"jennifer_pendulum_il15","jennifer","slow-burst","ashen_bastion","S+",40301,Victory,12.060,425.00,S+
"jennifer_pendulum_il15","jennifer","slow-burst","ashen_bastion","S+",40302,Victory,10.720,425.00,S+
"jennifer_pendulum_il15","jennifer","slow-burst","ashen_bastion","S+",40303,Victory,13.100,425.00,S+
"jennifer_spell_eater_il1","jennifer","anti-shield","brass_executioner","B",10101,Victory,4.020,285.75,S
"jennifer_spell_eater_il1","jennifer","anti-shield","brass_executioner","B",10102,Victory,3.580,285.75,S
"jennifer_spell_eater_il1","jennifer","anti-shield","brass_executioner","B",10103,Victory,4.020,285.75,S
"jennifer_spell_eater_il1","jennifer","anti-shield","thousand_handed_guardian","B",10201,Victory,4.020,310.00,S
"jennifer_spell_eater_il1","jennifer","anti-shield","thousand_handed_guardian","B",10202,Victory,3.580,310.00,S
"jennifer_spell_eater_il1","jennifer","anti-shield","thousand_handed_guardian","B",10203,Victory,4.020,310.00,S
"jennifer_spell_eater_il1","jennifer","anti-shield","ashen_bastion","B",10301,Victory,5.360,310.00,S
"jennifer_spell_eater_il1","jennifer","anti-shield","ashen_bastion","B",10302,Victory,5.360,310.00,S
"jennifer_spell_eater_il1","jennifer","anti-shield","ashen_bastion","B",10303,Victory,4.780,310.00,S
"jennifer_spell_eater_il1","jennifer","anti-shield","brass_executioner","A",20101,Victory,5.360,217.00,S
"jennifer_spell_eater_il1","jennifer","anti-shield","brass_executioner","A",20102,Victory,4.180,265.50,S
"jennifer_spell_eater_il1","jennifer","anti-shield","brass_executioner","A",20103,Victory,4.780,217.00,S
"jennifer_spell_eater_il1","jennifer","anti-shield","thousand_handed_guardian","A",20201,Victory,5.360,292.00,S
"jennifer_spell_eater_il1","jennifer","anti-shield","thousand_handed_guardian","A",20202,Victory,7.160,270.04,S
"jennifer_spell_eater_il1","jennifer","anti-shield","thousand_handed_guardian","A",20203,Victory,5.960,292.00,S
"jennifer_spell_eater_il1","jennifer","anti-shield","ashen_bastion","A",20301,Victory,8.940,271.50,S
"jennifer_spell_eater_il1","jennifer","anti-shield","ashen_bastion","A",20302,Victory,10.720,240.00,S
"jennifer_spell_eater_il1","jennifer","anti-shield","ashen_bastion","A",20303,Victory,9.840,251.50,S
"jennifer_spell_eater_il1","jennifer","anti-shield","brass_executioner","S",30101,Defeat,5.000,0.00,S
"jennifer_spell_eater_il1","jennifer","anti-shield","brass_executioner","S",30102,Defeat,5.000,0.00,S
"jennifer_spell_eater_il1","jennifer","anti-shield","brass_executioner","S",30103,Defeat,6.960,0.00,S
"jennifer_spell_eater_il1","jennifer","anti-shield","thousand_handed_guardian","S",30201,Victory,8.040,162.76,S
"jennifer_spell_eater_il1","jennifer","anti-shield","thousand_handed_guardian","S",30202,Victory,8.040,197.20,S
"jennifer_spell_eater_il1","jennifer","anti-shield","thousand_handed_guardian","S",30203,Victory,8.040,142.78,S
"jennifer_spell_eater_il1","jennifer","anti-shield","ashen_bastion","S",30301,Victory,12.060,171.60,S
"jennifer_spell_eater_il1","jennifer","anti-shield","ashen_bastion","S",30302,Victory,12.060,117.00,S
"jennifer_spell_eater_il1","jennifer","anti-shield","ashen_bastion","S",30303,Victory,11.320,86.70,S
"jennifer_spell_eater_il1","jennifer","anti-shield","brass_executioner","S+",40101,Defeat,4.000,0.00,S
"jennifer_spell_eater_il1","jennifer","anti-shield","brass_executioner","S+",40102,Defeat,4.000,0.00,S
"jennifer_spell_eater_il1","jennifer","anti-shield","brass_executioner","S+",40103,Defeat,4.000,0.00,S
"jennifer_spell_eater_il1","jennifer","anti-shield","thousand_handed_guardian","S+",40201,Defeat,5.540,0.00,S
"jennifer_spell_eater_il1","jennifer","anti-shield","thousand_handed_guardian","S+",40202,Defeat,6.220,0.00,S
"jennifer_spell_eater_il1","jennifer","anti-shield","thousand_handed_guardian","S+",40203,Defeat,5.540,0.00,S
"jennifer_spell_eater_il1","jennifer","anti-shield","ashen_bastion","S+",40301,Defeat,9.980,0.00,S
"jennifer_spell_eater_il1","jennifer","anti-shield","ashen_bastion","S+",40302,Defeat,9.980,0.00,S
"jennifer_spell_eater_il1","jennifer","anti-shield","ashen_bastion","S+",40303,Defeat,9.880,0.00,S
"jennifer_spell_eater_il4","jennifer","anti-shield","brass_executioner","B",10101,Victory,2.700,320.00,S
"jennifer_spell_eater_il4","jennifer","anti-shield","brass_executioner","B",10102,Victory,2.420,307.75,S
"jennifer_spell_eater_il4","jennifer","anti-shield","brass_executioner","B",10103,Victory,2.420,307.75,S
"jennifer_spell_eater_il4","jennifer","anti-shield","thousand_handed_guardian","B",10201,Victory,3.240,320.00,S
"jennifer_spell_eater_il4","jennifer","anti-shield","thousand_handed_guardian","B",10202,Victory,2.160,320.00,S
"jennifer_spell_eater_il4","jennifer","anti-shield","thousand_handed_guardian","B",10203,Victory,3.240,320.00,S
"jennifer_spell_eater_il4","jennifer","anti-shield","ashen_bastion","B",10301,Victory,4.020,320.00,S
"jennifer_spell_eater_il4","jennifer","anti-shield","ashen_bastion","B",10302,Victory,4.020,320.00,S
"jennifer_spell_eater_il4","jennifer","anti-shield","ashen_bastion","B",10303,Victory,4.020,320.00,S
"jennifer_spell_eater_il4","jennifer","anti-shield","brass_executioner","A",20101,Victory,4.020,287.50,S
"jennifer_spell_eater_il4","jennifer","anti-shield","brass_executioner","A",20102,Victory,2.700,287.50,S
"jennifer_spell_eater_il4","jennifer","anti-shield","brass_executioner","A",20103,Victory,4.020,287.50,S
"jennifer_spell_eater_il4","jennifer","anti-shield","thousand_handed_guardian","A",20201,Victory,4.020,320.00,S
"jennifer_spell_eater_il4","jennifer","anti-shield","thousand_handed_guardian","A",20202,Victory,4.020,320.00,S
"jennifer_spell_eater_il4","jennifer","anti-shield","thousand_handed_guardian","A",20203,Victory,4.040,320.00,S
"jennifer_spell_eater_il4","jennifer","anti-shield","ashen_bastion","A",20301,Victory,4.320,320.00,S
"jennifer_spell_eater_il4","jennifer","anti-shield","ashen_bastion","A",20302,Victory,4.840,320.00,S
"jennifer_spell_eater_il4","jennifer","anti-shield","ashen_bastion","A",20303,Victory,4.040,320.00,S
"jennifer_spell_eater_il4","jennifer","anti-shield","brass_executioner","S",30101,Victory,4.040,271.30,S
"jennifer_spell_eater_il4","jennifer","anti-shield","brass_executioner","S",30102,Victory,4.020,271.30,S
"jennifer_spell_eater_il4","jennifer","anti-shield","brass_executioner","S",30103,Victory,5.380,101.20,S
"jennifer_spell_eater_il4","jennifer","anti-shield","thousand_handed_guardian","S",30201,Victory,4.840,320.00,S
"jennifer_spell_eater_il4","jennifer","anti-shield","thousand_handed_guardian","S",30202,Victory,5.380,320.00,S
"jennifer_spell_eater_il4","jennifer","anti-shield","thousand_handed_guardian","S",30203,Victory,4.320,320.00,S
"jennifer_spell_eater_il4","jennifer","anti-shield","ashen_bastion","S",30301,Victory,5.660,306.80,S
"jennifer_spell_eater_il4","jennifer","anti-shield","ashen_bastion","S",30302,Victory,8.040,288.20,S
"jennifer_spell_eater_il4","jennifer","anti-shield","ashen_bastion","S",30303,Victory,8.040,313.10,S
"jennifer_spell_eater_il4","jennifer","anti-shield","brass_executioner","S+",40101,Defeat,4.000,0.00,S
"jennifer_spell_eater_il4","jennifer","anti-shield","brass_executioner","S+",40102,Defeat,4.000,0.00,S
"jennifer_spell_eater_il4","jennifer","anti-shield","brass_executioner","S+",40103,Defeat,4.000,0.00,S
"jennifer_spell_eater_il4","jennifer","anti-shield","thousand_handed_guardian","S+",40201,Victory,8.040,14.93,S
"jennifer_spell_eater_il4","jennifer","anti-shield","thousand_handed_guardian","S+",40202,Victory,8.040,111.00,S
"jennifer_spell_eater_il4","jennifer","anti-shield","thousand_handed_guardian","S+",40203,Victory,8.040,81.15,S
"jennifer_spell_eater_il4","jennifer","anti-shield","ashen_bastion","S+",40301,Victory,10.220,140.40,S
"jennifer_spell_eater_il4","jennifer","anti-shield","ashen_bastion","S+",40302,Victory,9.680,173.35,S
"jennifer_spell_eater_il4","jennifer","anti-shield","ashen_bastion","S+",40303,Victory,12.920,23.55,S
"jennifer_spell_eater_il8","jennifer","anti-shield","brass_executioner","B",10101,Victory,1.480,330.00,S+
"jennifer_spell_eater_il8","jennifer","anti-shield","brass_executioner","B",10102,Victory,1.480,330.00,S+
"jennifer_spell_eater_il8","jennifer","anti-shield","brass_executioner","B",10103,Victory,1.480,330.00,S+
"jennifer_spell_eater_il8","jennifer","anti-shield","thousand_handed_guardian","B",10201,Victory,1.980,330.00,S+
"jennifer_spell_eater_il8","jennifer","anti-shield","thousand_handed_guardian","B",10202,Victory,1.480,330.00,S+
"jennifer_spell_eater_il8","jennifer","anti-shield","thousand_handed_guardian","B",10203,Victory,2.220,330.00,S+
"jennifer_spell_eater_il8","jennifer","anti-shield","ashen_bastion","B",10301,Victory,2.960,330.00,S+
"jennifer_spell_eater_il8","jennifer","anti-shield","ashen_bastion","B",10302,Victory,2.960,330.00,S+
"jennifer_spell_eater_il8","jennifer","anti-shield","ashen_bastion","B",10303,Victory,2.960,330.00,S+
"jennifer_spell_eater_il8","jennifer","anti-shield","brass_executioner","A",20101,Victory,2.960,313.50,S+
"jennifer_spell_eater_il8","jennifer","anti-shield","brass_executioner","A",20102,Victory,1.480,330.00,S+
"jennifer_spell_eater_il8","jennifer","anti-shield","brass_executioner","A",20103,Victory,2.460,313.50,S+
"jennifer_spell_eater_il8","jennifer","anti-shield","thousand_handed_guardian","A",20201,Victory,2.460,330.00,S+
"jennifer_spell_eater_il8","jennifer","anti-shield","thousand_handed_guardian","A",20202,Victory,2.960,330.00,S+
"jennifer_spell_eater_il8","jennifer","anti-shield","thousand_handed_guardian","A",20203,Victory,3.440,330.00,S+
"jennifer_spell_eater_il8","jennifer","anti-shield","ashen_bastion","A",20301,Victory,3.940,330.00,S+
"jennifer_spell_eater_il8","jennifer","anti-shield","ashen_bastion","A",20302,Victory,4.020,330.00,S+
"jennifer_spell_eater_il8","jennifer","anti-shield","ashen_bastion","A",20303,Victory,3.680,330.00,S+
"jennifer_spell_eater_il8","jennifer","anti-shield","brass_executioner","S",30101,Victory,3.940,297.30,S+
"jennifer_spell_eater_il8","jennifer","anti-shield","brass_executioner","S",30102,Victory,2.960,297.30,S+
"jennifer_spell_eater_il8","jennifer","anti-shield","brass_executioner","S",30103,Victory,4.020,297.30,S+
"jennifer_spell_eater_il8","jennifer","anti-shield","thousand_handed_guardian","S",30201,Victory,3.680,330.00,S+
"jennifer_spell_eater_il8","jennifer","anti-shield","thousand_handed_guardian","S",30202,Victory,4.020,330.00,S+
"jennifer_spell_eater_il8","jennifer","anti-shield","thousand_handed_guardian","S",30203,Victory,3.680,330.00,S+
"jennifer_spell_eater_il8","jennifer","anti-shield","ashen_bastion","S",30301,Victory,4.420,330.00,S+
"jennifer_spell_eater_il8","jennifer","anti-shield","ashen_bastion","S",30302,Victory,4.420,330.00,S+
"jennifer_spell_eater_il8","jennifer","anti-shield","ashen_bastion","S",30303,Victory,4.020,330.00,S+
"jennifer_spell_eater_il8","jennifer","anti-shield","brass_executioner","S+",40101,Victory,4.420,201.90,S+
"jennifer_spell_eater_il8","jennifer","anti-shield","brass_executioner","S+",40102,Victory,4.020,49.80,S+
"jennifer_spell_eater_il8","jennifer","anti-shield","brass_executioner","S+",40103,Victory,4.020,49.80,S+
"jennifer_spell_eater_il8","jennifer","anti-shield","thousand_handed_guardian","S+",40201,Victory,4.420,330.00,S+
"jennifer_spell_eater_il8","jennifer","anti-shield","thousand_handed_guardian","S+",40202,Victory,5.900,321.09,S+
"jennifer_spell_eater_il8","jennifer","anti-shield","thousand_handed_guardian","S+",40203,Victory,4.420,330.00,S+
"jennifer_spell_eater_il8","jennifer","anti-shield","ashen_bastion","S+",40301,Victory,8.100,304.20,S+
"jennifer_spell_eater_il8","jennifer","anti-shield","ashen_bastion","S+",40302,Victory,5.160,323.10,S+
"jennifer_spell_eater_il8","jennifer","anti-shield","ashen_bastion","S+",40303,Victory,8.040,290.25,S+
"jennifer_spell_eater_il12","jennifer","anti-shield","brass_executioner","B",10101,Victory,0.920,340.00,S+
"jennifer_spell_eater_il12","jennifer","anti-shield","brass_executioner","B",10102,Victory,0.920,340.00,S+
"jennifer_spell_eater_il12","jennifer","anti-shield","brass_executioner","B",10103,Victory,0.920,340.00,S+
"jennifer_spell_eater_il12","jennifer","anti-shield","thousand_handed_guardian","B",10201,Victory,1.360,340.00,S+
"jennifer_spell_eater_il12","jennifer","anti-shield","thousand_handed_guardian","B",10202,Victory,0.680,340.00,S+
"jennifer_spell_eater_il12","jennifer","anti-shield","thousand_handed_guardian","B",10203,Victory,1.360,340.00,S+
"jennifer_spell_eater_il12","jennifer","anti-shield","ashen_bastion","B",10301,Victory,2.040,340.00,S+
"jennifer_spell_eater_il12","jennifer","anti-shield","ashen_bastion","B",10302,Victory,2.040,340.00,S+
"jennifer_spell_eater_il12","jennifer","anti-shield","ashen_bastion","B",10303,Victory,2.040,340.00,S+
"jennifer_spell_eater_il12","jennifer","anti-shield","brass_executioner","A",20101,Victory,2.040,340.00,S+
"jennifer_spell_eater_il12","jennifer","anti-shield","brass_executioner","A",20102,Victory,0.920,340.00,S+
"jennifer_spell_eater_il12","jennifer","anti-shield","brass_executioner","A",20103,Victory,1.820,340.00,S+
"jennifer_spell_eater_il12","jennifer","anti-shield","thousand_handed_guardian","A",20201,Victory,1.820,340.00,S+
"jennifer_spell_eater_il12","jennifer","anti-shield","thousand_handed_guardian","A",20202,Victory,2.260,340.00,S+
"jennifer_spell_eater_il12","jennifer","anti-shield","thousand_handed_guardian","A",20203,Victory,2.720,340.00,S+
"jennifer_spell_eater_il12","jennifer","anti-shield","ashen_bastion","A",20301,Victory,2.720,340.00,S+
"jennifer_spell_eater_il12","jennifer","anti-shield","ashen_bastion","A",20302,Victory,3.380,340.00,S+
"jennifer_spell_eater_il12","jennifer","anti-shield","ashen_bastion","A",20303,Victory,2.260,340.00,S+
"jennifer_spell_eater_il12","jennifer","anti-shield","brass_executioner","S",30101,Victory,2.720,323.30,S+
"jennifer_spell_eater_il12","jennifer","anti-shield","brass_executioner","S",30102,Victory,1.820,340.00,S+
"jennifer_spell_eater_il12","jennifer","anti-shield","brass_executioner","S",30103,Victory,2.720,323.30,S+
"jennifer_spell_eater_il12","jennifer","anti-shield","thousand_handed_guardian","S",30201,Victory,2.260,340.00,S+
"jennifer_spell_eater_il12","jennifer","anti-shield","thousand_handed_guardian","S",30202,Victory,2.720,340.00,S+
"jennifer_spell_eater_il12","jennifer","anti-shield","thousand_handed_guardian","S",30203,Victory,3.620,340.00,S+
"jennifer_spell_eater_il12","jennifer","anti-shield","ashen_bastion","S",30301,Victory,4.020,340.00,S+
"jennifer_spell_eater_il12","jennifer","anti-shield","ashen_bastion","S",30302,Victory,4.020,340.00,S+
"jennifer_spell_eater_il12","jennifer","anti-shield","ashen_bastion","S",30303,Victory,3.380,340.00,S+
"jennifer_spell_eater_il12","jennifer","anti-shield","brass_executioner","S+",40101,Victory,4.020,186.85,S+
"jennifer_spell_eater_il12","jennifer","anti-shield","brass_executioner","S+",40102,Victory,3.620,294.95,S+
"jennifer_spell_eater_il12","jennifer","anti-shield","brass_executioner","S+",40103,Victory,3.160,294.95,S+
"jennifer_spell_eater_il12","jennifer","anti-shield","thousand_handed_guardian","S+",40201,Victory,4.020,340.00,S+
"jennifer_spell_eater_il12","jennifer","anti-shield","thousand_handed_guardian","S+",40202,Victory,4.020,340.00,S+
"jennifer_spell_eater_il12","jennifer","anti-shield","thousand_handed_guardian","S+",40203,Victory,4.020,340.00,S+
"jennifer_spell_eater_il12","jennifer","anti-shield","ashen_bastion","S+",40301,Victory,4.520,340.00,S+
"jennifer_spell_eater_il12","jennifer","anti-shield","ashen_bastion","S+",40302,Victory,4.020,340.00,S+
"jennifer_spell_eater_il12","jennifer","anti-shield","ashen_bastion","S+",40303,Victory,4.520,340.00,S+
"jennifer_spell_eater_il15","jennifer","anti-shield","brass_executioner","B",10101,Victory,0.640,350.00,S+
"jennifer_spell_eater_il15","jennifer","anti-shield","brass_executioner","B",10102,Victory,0.640,350.00,S+
"jennifer_spell_eater_il15","jennifer","anti-shield","brass_executioner","B",10103,Victory,0.420,350.00,S+
"jennifer_spell_eater_il15","jennifer","anti-shield","thousand_handed_guardian","B",10201,Victory,0.640,350.00,S+
"jennifer_spell_eater_il15","jennifer","anti-shield","thousand_handed_guardian","B",10202,Victory,0.420,350.00,S+
"jennifer_spell_eater_il15","jennifer","anti-shield","thousand_handed_guardian","B",10203,Victory,0.640,350.00,S+
"jennifer_spell_eater_il15","jennifer","anti-shield","ashen_bastion","B",10301,Victory,1.260,350.00,S+
"jennifer_spell_eater_il15","jennifer","anti-shield","ashen_bastion","B",10302,Victory,1.260,350.00,S+
"jennifer_spell_eater_il15","jennifer","anti-shield","ashen_bastion","B",10303,Victory,1.260,350.00,S+
"jennifer_spell_eater_il15","jennifer","anti-shield","brass_executioner","A",20101,Victory,1.260,350.00,S+
"jennifer_spell_eater_il15","jennifer","anti-shield","brass_executioner","A",20102,Victory,0.640,350.00,S+
"jennifer_spell_eater_il15","jennifer","anti-shield","brass_executioner","A",20103,Victory,1.260,350.00,S+
"jennifer_spell_eater_il15","jennifer","anti-shield","thousand_handed_guardian","A",20201,Victory,1.260,350.00,S+
"jennifer_spell_eater_il15","jennifer","anti-shield","thousand_handed_guardian","A",20202,Victory,1.680,350.00,S+
"jennifer_spell_eater_il15","jennifer","anti-shield","thousand_handed_guardian","A",20203,Victory,1.880,350.00,S+
"jennifer_spell_eater_il15","jennifer","anti-shield","ashen_bastion","A",20301,Victory,1.880,350.00,S+
"jennifer_spell_eater_il15","jennifer","anti-shield","ashen_bastion","A",20302,Victory,2.520,350.00,S+
"jennifer_spell_eater_il15","jennifer","anti-shield","ashen_bastion","A",20303,Victory,1.680,350.00,S+
"jennifer_spell_eater_il15","jennifer","anti-shield","brass_executioner","S",30101,Victory,1.880,350.00,S+
"jennifer_spell_eater_il15","jennifer","anti-shield","brass_executioner","S",30102,Victory,1.260,350.00,S+
"jennifer_spell_eater_il15","jennifer","anti-shield","brass_executioner","S",30103,Victory,1.880,350.00,S+
"jennifer_spell_eater_il15","jennifer","anti-shield","thousand_handed_guardian","S",30201,Victory,1.680,350.00,S+
"jennifer_spell_eater_il15","jennifer","anti-shield","thousand_handed_guardian","S",30202,Victory,2.100,350.00,S+
"jennifer_spell_eater_il15","jennifer","anti-shield","thousand_handed_guardian","S",30203,Victory,2.520,350.00,S+
"jennifer_spell_eater_il15","jennifer","anti-shield","ashen_bastion","S",30301,Victory,3.020,350.00,S+
"jennifer_spell_eater_il15","jennifer","anti-shield","ashen_bastion","S",30302,Victory,2.920,350.00,S+
"jennifer_spell_eater_il15","jennifer","anti-shield","ashen_bastion","S",30303,Victory,2.520,350.00,S+
"jennifer_spell_eater_il15","jennifer","anti-shield","brass_executioner","S+",40101,Victory,2.520,316.95,S+
"jennifer_spell_eater_il15","jennifer","anti-shield","brass_executioner","S+",40102,Victory,2.520,316.95,S+
"jennifer_spell_eater_il15","jennifer","anti-shield","brass_executioner","S+",40103,Victory,2.500,316.95,S+
"jennifer_spell_eater_il15","jennifer","anti-shield","thousand_handed_guardian","S+",40201,Victory,3.340,350.00,S+
"jennifer_spell_eater_il15","jennifer","anti-shield","thousand_handed_guardian","S+",40202,Victory,3.140,350.00,S+
"jennifer_spell_eater_il15","jennifer","anti-shield","thousand_handed_guardian","S+",40203,Victory,3.140,350.00,S+
"jennifer_spell_eater_il15","jennifer","anti-shield","ashen_bastion","S+",40301,Victory,4.020,350.00,S+
"jennifer_spell_eater_il15","jennifer","anti-shield","ashen_bastion","S+",40302,Victory,3.760,350.00,S+
"jennifer_spell_eater_il15","jennifer","anti-shield","ashen_bastion","S+",40303,Victory,4.020,350.00,S+
"jennifer_cursed_berserker_il1","jennifer","cursed-speed","brass_executioner","B",10101,Victory,4.020,270.56,A
"jennifer_cursed_berserker_il1","jennifer","cursed-speed","brass_executioner","B",10102,Victory,3.580,277.34,A
"jennifer_cursed_berserker_il1","jennifer","cursed-speed","brass_executioner","B",10103,Victory,3.580,276.08,A
"jennifer_cursed_berserker_il1","jennifer","cursed-speed","thousand_handed_guardian","B",10201,Victory,4.020,309.17,A
"jennifer_cursed_berserker_il1","jennifer","cursed-speed","thousand_handed_guardian","B",10202,Victory,4.020,310.00,A
"jennifer_cursed_berserker_il1","jennifer","cursed-speed","thousand_handed_guardian","B",10203,Victory,4.020,307.38,A
"jennifer_cursed_berserker_il1","jennifer","cursed-speed","ashen_bastion","B",10301,Victory,4.020,310.00,A
"jennifer_cursed_berserker_il1","jennifer","cursed-speed","ashen_bastion","B",10302,Victory,4.020,308.94,A
"jennifer_cursed_berserker_il1","jennifer","cursed-speed","ashen_bastion","B",10303,Victory,4.380,310.00,A
"jennifer_cursed_berserker_il1","jennifer","cursed-speed","brass_executioner","A",20101,Victory,4.780,184.44,A
"jennifer_cursed_berserker_il1","jennifer","cursed-speed","brass_executioner","A",20102,Victory,4.020,175.50,A
"jennifer_cursed_berserker_il1","jennifer","cursed-speed","brass_executioner","A",20103,Victory,4.380,175.50,A
"jennifer_cursed_berserker_il1","jennifer","cursed-speed","thousand_handed_guardian","A",20201,Victory,5.100,258.25,A
"jennifer_cursed_berserker_il1","jennifer","cursed-speed","thousand_handed_guardian","A",20202,Victory,5.360,223.67,A
"jennifer_cursed_berserker_il1","jennifer","cursed-speed","thousand_handed_guardian","A",20203,Victory,5.100,226.76,A
"jennifer_cursed_berserker_il1","jennifer","cursed-speed","ashen_bastion","A",20301,Victory,8.040,174.97,A
"jennifer_cursed_berserker_il1","jennifer","cursed-speed","ashen_bastion","A",20302,Victory,8.040,198.97,A
"jennifer_cursed_berserker_il1","jennifer","cursed-speed","ashen_bastion","A",20303,Victory,7.020,216.68,A
"jennifer_cursed_berserker_il1","jennifer","cursed-speed","brass_executioner","S",30101,Defeat,5.000,0.00,A
"jennifer_cursed_berserker_il1","jennifer","cursed-speed","brass_executioner","S",30102,Defeat,5.000,0.00,A
"jennifer_cursed_berserker_il1","jennifer","cursed-speed","brass_executioner","S",30103,Defeat,5.000,0.00,A
"jennifer_cursed_berserker_il1","jennifer","cursed-speed","thousand_handed_guardian","S",30201,Defeat,5.840,0.00,A
"jennifer_cursed_berserker_il1","jennifer","cursed-speed","thousand_handed_guardian","S",30202,Defeat,5.560,0.00,A
"jennifer_cursed_berserker_il1","jennifer","cursed-speed","thousand_handed_guardian","S",30203,Defeat,5.840,0.00,A
"jennifer_cursed_berserker_il1","jennifer","cursed-speed","ashen_bastion","S",30301,Victory,10.720,139.77,A
"jennifer_cursed_berserker_il1","jennifer","cursed-speed","ashen_bastion","S",30302,Defeat,10.020,0.00,A
"jennifer_cursed_berserker_il1","jennifer","cursed-speed","ashen_bastion","S",30303,Defeat,10.020,0.00,A
"jennifer_cursed_berserker_il1","jennifer","cursed-speed","brass_executioner","S+",40101,Defeat,4.000,0.00,A
"jennifer_cursed_berserker_il1","jennifer","cursed-speed","brass_executioner","S+",40102,Defeat,4.000,0.00,A
"jennifer_cursed_berserker_il1","jennifer","cursed-speed","brass_executioner","S+",40103,Defeat,4.000,0.00,A
"jennifer_cursed_berserker_il1","jennifer","cursed-speed","thousand_handed_guardian","S+",40201,Defeat,3.900,0.00,A
"jennifer_cursed_berserker_il1","jennifer","cursed-speed","thousand_handed_guardian","S+",40202,Defeat,4.740,0.00,A
"jennifer_cursed_berserker_il1","jennifer","cursed-speed","thousand_handed_guardian","S+",40203,Defeat,5.280,0.00,A
"jennifer_cursed_berserker_il1","jennifer","cursed-speed","ashen_bastion","S+",40301,Defeat,7.520,0.00,A
"jennifer_cursed_berserker_il1","jennifer","cursed-speed","ashen_bastion","S+",40302,Defeat,7.520,0.00,A
"jennifer_cursed_berserker_il1","jennifer","cursed-speed","ashen_bastion","S+",40303,Defeat,7.520,0.00,A
"jennifer_cursed_berserker_il4","jennifer","cursed-speed","brass_executioner","B",10101,Victory,2.680,292.56,S
"jennifer_cursed_berserker_il4","jennifer","cursed-speed","brass_executioner","B",10102,Victory,2.160,302.18,S
"jennifer_cursed_berserker_il4","jennifer","cursed-speed","brass_executioner","B",10103,Victory,2.160,299.89,S
"jennifer_cursed_berserker_il4","jennifer","cursed-speed","thousand_handed_guardian","B",10201,Victory,2.680,320.00,S
"jennifer_cursed_berserker_il4","jennifer","cursed-speed","thousand_handed_guardian","B",10202,Victory,2.020,320.00,S
"jennifer_cursed_berserker_il4","jennifer","cursed-speed","thousand_handed_guardian","B",10203,Victory,3.020,320.00,S
"jennifer_cursed_berserker_il4","jennifer","cursed-speed","ashen_bastion","B",10301,Victory,3.320,320.00,S
"jennifer_cursed_berserker_il4","jennifer","cursed-speed","ashen_bastion","B",10302,Victory,3.320,320.00,S
"jennifer_cursed_berserker_il4","jennifer","cursed-speed","ashen_bastion","B",10303,Victory,4.020,320.00,S
"jennifer_cursed_berserker_il4","jennifer","cursed-speed","brass_executioner","A",20101,Victory,4.020,222.98,S
"jennifer_cursed_berserker_il4","jennifer","cursed-speed","brass_executioner","A",20102,Victory,2.700,267.25,S
"jennifer_cursed_berserker_il4","jennifer","cursed-speed","brass_executioner","A",20103,Victory,3.320,267.25,S
"jennifer_cursed_berserker_il4","jennifer","cursed-speed","thousand_handed_guardian","A",20201,Victory,4.020,320.00,S
"jennifer_cursed_berserker_il4","jennifer","cursed-speed","thousand_handed_guardian","A",20202,Victory,4.020,320.00,S
"jennifer_cursed_berserker_il4","jennifer","cursed-speed","thousand_handed_guardian","A",20203,Victory,4.020,320.00,S
"jennifer_cursed_berserker_il4","jennifer","cursed-speed","ashen_bastion","A",20301,Victory,4.600,316.39,S
"jennifer_cursed_berserker_il4","jennifer","cursed-speed","ashen_bastion","A",20302,Victory,4.840,315.75,S
"jennifer_cursed_berserker_il4","jennifer","cursed-speed","ashen_bastion","A",20303,Victory,4.320,318.95,S
"jennifer_cursed_berserker_il4","jennifer","cursed-speed","brass_executioner","S",30101,Victory,4.020,256.43,S
"jennifer_cursed_berserker_il4","jennifer","cursed-speed","brass_executioner","S",30102,Victory,4.020,247.00,S
"jennifer_cursed_berserker_il4","jennifer","cursed-speed","brass_executioner","S",30103,Victory,4.600,176.12,S
"jennifer_cursed_berserker_il4","jennifer","cursed-speed","thousand_handed_guardian","S",30201,Victory,4.600,286.29,S
"jennifer_cursed_berserker_il4","jennifer","cursed-speed","thousand_handed_guardian","S",30202,Victory,5.260,295.95,S
"jennifer_cursed_berserker_il4","jennifer","cursed-speed","thousand_handed_guardian","S",30203,Victory,5.260,222.02,S
"jennifer_cursed_berserker_il4","jennifer","cursed-speed","ashen_bastion","S",30301,Victory,7.840,243.73,S
"jennifer_cursed_berserker_il4","jennifer","cursed-speed","ashen_bastion","S",30302,Victory,7.180,210.95,S
"jennifer_cursed_berserker_il4","jennifer","cursed-speed","ashen_bastion","S",30303,Victory,5.260,259.36,S
"jennifer_cursed_berserker_il4","jennifer","cursed-speed","brass_executioner","S+",40101,Defeat,4.000,0.00,S
"jennifer_cursed_berserker_il4","jennifer","cursed-speed","brass_executioner","S+",40102,Defeat,4.000,0.00,S
"jennifer_cursed_berserker_il4","jennifer","cursed-speed","brass_executioner","S+",40103,Defeat,4.000,0.00,S
"jennifer_cursed_berserker_il4","jennifer","cursed-speed","thousand_handed_guardian","S+",40201,Defeat,5.560,0.00,S
"jennifer_cursed_berserker_il4","jennifer","cursed-speed","thousand_handed_guardian","S+",40202,Defeat,5.560,0.00,S
"jennifer_cursed_berserker_il4","jennifer","cursed-speed","thousand_handed_guardian","S+",40203,Defeat,6.120,0.00,S
"jennifer_cursed_berserker_il4","jennifer","cursed-speed","ashen_bastion","S+",40301,Victory,9.140,177.58,S
"jennifer_cursed_berserker_il4","jennifer","cursed-speed","ashen_bastion","S+",40302,Victory,9.780,10.31,S
"jennifer_cursed_berserker_il4","jennifer","cursed-speed","ashen_bastion","S+",40303,Defeat,10.020,0.00,S
"jennifer_cursed_berserker_il8","jennifer","cursed-speed","brass_executioner","B",10101,Victory,1.860,330.00,S
"jennifer_cursed_berserker_il8","jennifer","cursed-speed","brass_executioner","B",10102,Victory,1.480,330.00,S
"jennifer_cursed_berserker_il8","jennifer","cursed-speed","brass_executioner","B",10103,Victory,1.480,330.00,S
"jennifer_cursed_berserker_il8","jennifer","cursed-speed","thousand_handed_guardian","B",10201,Victory,1.980,330.00,S
"jennifer_cursed_berserker_il8","jennifer","cursed-speed","thousand_handed_guardian","B",10202,Victory,1.260,330.00,S
"jennifer_cursed_berserker_il8","jennifer","cursed-speed","thousand_handed_guardian","B",10203,Victory,1.980,330.00,S
"jennifer_cursed_berserker_il8","jennifer","cursed-speed","ashen_bastion","B",10301,Victory,2.960,330.00,S
"jennifer_cursed_berserker_il8","jennifer","cursed-speed","ashen_bastion","B",10302,Victory,2.960,330.00,S
"jennifer_cursed_berserker_il8","jennifer","cursed-speed","ashen_bastion","B",10303,Victory,2.960,330.00,S
"jennifer_cursed_berserker_il8","jennifer","cursed-speed","brass_executioner","A",20101,Victory,2.960,307.88,S
"jennifer_cursed_berserker_il8","jennifer","cursed-speed","brass_executioner","A",20102,Victory,1.860,330.00,S
"jennifer_cursed_berserker_il8","jennifer","cursed-speed","brass_executioner","A",20103,Victory,2.440,293.25,S
"jennifer_cursed_berserker_il8","jennifer","cursed-speed","thousand_handed_guardian","A",20201,Victory,2.440,330.00,S
"jennifer_cursed_berserker_il8","jennifer","cursed-speed","thousand_handed_guardian","A",20202,Victory,3.020,330.00,S
"jennifer_cursed_berserker_il8","jennifer","cursed-speed","thousand_handed_guardian","A",20203,Victory,3.440,330.00,S
"jennifer_cursed_berserker_il8","jennifer","cursed-speed","ashen_bastion","A",20301,Victory,4.020,330.00,S
"jennifer_cursed_berserker_il8","jennifer","cursed-speed","ashen_bastion","A",20302,Victory,4.020,330.00,S
"jennifer_cursed_berserker_il8","jennifer","cursed-speed","ashen_bastion","A",20303,Victory,3.940,330.00,S
"jennifer_cursed_berserker_il8","jennifer","cursed-speed","brass_executioner","S",30101,Victory,3.020,290.58,S
"jennifer_cursed_berserker_il8","jennifer","cursed-speed","brass_executioner","S",30102,Victory,2.460,273.00,S
"jennifer_cursed_berserker_il8","jennifer","cursed-speed","brass_executioner","S",30103,Victory,3.940,245.82,S
"jennifer_cursed_berserker_il8","jennifer","cursed-speed","thousand_handed_guardian","S",30201,Victory,4.020,330.00,S
"jennifer_cursed_berserker_il8","jennifer","cursed-speed","thousand_handed_guardian","S",30202,Victory,4.020,330.00,S
"jennifer_cursed_berserker_il8","jennifer","cursed-speed","thousand_handed_guardian","S",30203,Victory,3.620,330.00,S
"jennifer_cursed_berserker_il8","jennifer","cursed-speed","ashen_bastion","S",30301,Victory,4.020,330.00,S
"jennifer_cursed_berserker_il8","jennifer","cursed-speed","ashen_bastion","S",30302,Victory,4.020,330.00,S
"jennifer_cursed_berserker_il8","jennifer","cursed-speed","ashen_bastion","S",30303,Victory,4.020,330.00,S
"jennifer_cursed_berserker_il8","jennifer","cursed-speed","brass_executioner","S+",40101,Defeat,4.000,0.00,S
"jennifer_cursed_berserker_il8","jennifer","cursed-speed","brass_executioner","S+",40102,Defeat,4.000,0.00,S
"jennifer_cursed_berserker_il8","jennifer","cursed-speed","brass_executioner","S+",40103,Defeat,4.000,0.00,S
"jennifer_cursed_berserker_il8","jennifer","cursed-speed","thousand_handed_guardian","S+",40201,Victory,4.200,299.79,S
"jennifer_cursed_berserker_il8","jennifer","cursed-speed","thousand_handed_guardian","S+",40202,Victory,4.920,303.98,S
"jennifer_cursed_berserker_il8","jennifer","cursed-speed","thousand_handed_guardian","S+",40203,Victory,5.960,255.17,S
"jennifer_cursed_berserker_il8","jennifer","cursed-speed","ashen_bastion","S+",40301,Victory,7.020,317.39,S
"jennifer_cursed_berserker_il8","jennifer","cursed-speed","ashen_bastion","S+",40302,Victory,4.920,330.00,S
"jennifer_cursed_berserker_il8","jennifer","cursed-speed","ashen_bastion","S+",40303,Victory,8.020,270.81,S
"jennifer_cursed_berserker_il12","jennifer","cursed-speed","brass_executioner","B",10101,Victory,1.160,340.00,S+
"jennifer_cursed_berserker_il12","jennifer","cursed-speed","brass_executioner","B",10102,Victory,0.920,340.00,S+
"jennifer_cursed_berserker_il12","jennifer","cursed-speed","brass_executioner","B",10103,Victory,0.920,340.00,S+
"jennifer_cursed_berserker_il12","jennifer","cursed-speed","thousand_handed_guardian","B",10201,Victory,1.360,340.00,S+
"jennifer_cursed_berserker_il12","jennifer","cursed-speed","thousand_handed_guardian","B",10202,Victory,0.920,340.00,S+
"jennifer_cursed_berserker_il12","jennifer","cursed-speed","thousand_handed_guardian","B",10203,Victory,1.360,340.00,S+
"jennifer_cursed_berserker_il12","jennifer","cursed-speed","ashen_bastion","B",10301,Victory,1.820,340.00,S+
"jennifer_cursed_berserker_il12","jennifer","cursed-speed","ashen_bastion","B",10302,Victory,1.700,340.00,S+
"jennifer_cursed_berserker_il12","jennifer","cursed-speed","ashen_bastion","B",10303,Victory,2.240,340.00,S+
"jennifer_cursed_berserker_il12","jennifer","cursed-speed","brass_executioner","A",20101,Victory,2.240,319.25,S+
"jennifer_cursed_berserker_il12","jennifer","cursed-speed","brass_executioner","A",20102,Victory,1.160,340.00,S+
"jennifer_cursed_berserker_il12","jennifer","cursed-speed","brass_executioner","A",20103,Victory,1.360,340.00,S+
"jennifer_cursed_berserker_il12","jennifer","cursed-speed","thousand_handed_guardian","A",20201,Victory,1.700,340.00,S+
"jennifer_cursed_berserker_il12","jennifer","cursed-speed","thousand_handed_guardian","A",20202,Victory,2.240,340.00,S+
"jennifer_cursed_berserker_il12","jennifer","cursed-speed","thousand_handed_guardian","A",20203,Victory,2.260,340.00,S+
"jennifer_cursed_berserker_il12","jennifer","cursed-speed","ashen_bastion","A",20301,Victory,2.780,340.00,S+
"jennifer_cursed_berserker_il12","jennifer","cursed-speed","ashen_bastion","A",20302,Victory,2.780,340.00,S+
"jennifer_cursed_berserker_il12","jennifer","cursed-speed","ashen_bastion","A",20303,Victory,2.720,340.00,S+
"jennifer_cursed_berserker_il12","jennifer","cursed-speed","brass_executioner","S",30101,Victory,2.240,299.00,S+
"jennifer_cursed_berserker_il12","jennifer","cursed-speed","brass_executioner","S",30102,Victory,1.820,340.00,S+
"jennifer_cursed_berserker_il12","jennifer","cursed-speed","brass_executioner","S",30103,Victory,2.780,325.28,S+
"jennifer_cursed_berserker_il12","jennifer","cursed-speed","thousand_handed_guardian","S",30201,Victory,2.720,340.00,S+
"jennifer_cursed_berserker_il12","jennifer","cursed-speed","thousand_handed_guardian","S",30202,Victory,3.320,340.00,S+
"jennifer_cursed_berserker_il12","jennifer","cursed-speed","thousand_handed_guardian","S",30203,Victory,2.720,340.00,S+
"jennifer_cursed_berserker_il12","jennifer","cursed-speed","ashen_bastion","S",30301,Victory,3.320,340.00,S+
"jennifer_cursed_berserker_il12","jennifer","cursed-speed","ashen_bastion","S",30302,Victory,3.320,340.00,S+
"jennifer_cursed_berserker_il12","jennifer","cursed-speed","ashen_bastion","S",30303,Victory,3.620,340.00,S+
"jennifer_cursed_berserker_il12","jennifer","cursed-speed","brass_executioner","S+",40101,Victory,3.860,263.56,S+
"jennifer_cursed_berserker_il12","jennifer","cursed-speed","brass_executioner","S+",40102,Victory,3.320,340.00,S+
"jennifer_cursed_berserker_il12","jennifer","cursed-speed","brass_executioner","S+",40103,Victory,3.160,340.00,S+
"jennifer_cursed_berserker_il12","jennifer","cursed-speed","thousand_handed_guardian","S+",40201,Victory,4.020,340.00,S+
"jennifer_cursed_berserker_il12","jennifer","cursed-speed","thousand_handed_guardian","S+",40202,Victory,4.020,340.00,S+
"jennifer_cursed_berserker_il12","jennifer","cursed-speed","thousand_handed_guardian","S+",40203,Victory,4.020,340.00,S+
"jennifer_cursed_berserker_il12","jennifer","cursed-speed","ashen_bastion","S+",40301,Victory,4.400,328.88,S+
"jennifer_cursed_berserker_il12","jennifer","cursed-speed","ashen_bastion","S+",40302,Victory,4.020,340.00,S+
"jennifer_cursed_berserker_il12","jennifer","cursed-speed","ashen_bastion","S+",40303,Victory,4.520,340.00,S+
"jennifer_cursed_berserker_il15","jennifer","cursed-speed","brass_executioner","B",10101,Victory,0.840,350.00,S+
"jennifer_cursed_berserker_il15","jennifer","cursed-speed","brass_executioner","B",10102,Victory,0.560,350.00,S+
"jennifer_cursed_berserker_il15","jennifer","cursed-speed","brass_executioner","B",10103,Victory,0.560,350.00,S+
"jennifer_cursed_berserker_il15","jennifer","cursed-speed","thousand_handed_guardian","B",10201,Victory,1.080,350.00,S+
"jennifer_cursed_berserker_il15","jennifer","cursed-speed","thousand_handed_guardian","B",10202,Victory,0.560,350.00,S+
"jennifer_cursed_berserker_il15","jennifer","cursed-speed","thousand_handed_guardian","B",10203,Victory,1.020,350.00,S+
"jennifer_cursed_berserker_il15","jennifer","cursed-speed","ashen_bastion","B",10301,Victory,1.580,350.00,S+
"jennifer_cursed_berserker_il15","jennifer","cursed-speed","ashen_bastion","B",10302,Victory,1.260,350.00,S+
"jennifer_cursed_berserker_il15","jennifer","cursed-speed","ashen_bastion","B",10303,Victory,1.580,350.00,S+
"jennifer_cursed_berserker_il15","jennifer","cursed-speed","brass_executioner","A",20101,Victory,1.580,350.00,S+
"jennifer_cursed_berserker_il15","jennifer","cursed-speed","brass_executioner","A",20102,Victory,0.840,350.00,S+
"jennifer_cursed_berserker_il15","jennifer","cursed-speed","brass_executioner","A",20103,Victory,1.080,350.00,S+
"jennifer_cursed_berserker_il15","jennifer","cursed-speed","thousand_handed_guardian","A",20201,Victory,1.260,350.00,S+
"jennifer_cursed_berserker_il15","jennifer","cursed-speed","thousand_handed_guardian","A",20202,Victory,1.580,350.00,S+
"jennifer_cursed_berserker_il15","jennifer","cursed-speed","thousand_handed_guardian","A",20203,Victory,1.580,350.00,S+
"jennifer_cursed_berserker_il15","jennifer","cursed-speed","ashen_bastion","A",20301,Victory,2.080,350.00,S+
"jennifer_cursed_berserker_il15","jennifer","cursed-speed","ashen_bastion","A",20302,Victory,2.500,350.00,S+
"jennifer_cursed_berserker_il15","jennifer","cursed-speed","ashen_bastion","A",20303,Victory,1.580,350.00,S+
"jennifer_cursed_berserker_il15","jennifer","cursed-speed","brass_executioner","S",30101,Victory,1.680,350.00,S+
"jennifer_cursed_berserker_il15","jennifer","cursed-speed","brass_executioner","S",30102,Victory,1.260,350.00,S+
"jennifer_cursed_berserker_il15","jennifer","cursed-speed","brass_executioner","S",30103,Victory,2.100,321.00,S+
"jennifer_cursed_berserker_il15","jennifer","cursed-speed","thousand_handed_guardian","S",30201,Victory,1.680,350.00,S+
"jennifer_cursed_berserker_il15","jennifer","cursed-speed","thousand_handed_guardian","S",30202,Victory,2.100,350.00,S+
"jennifer_cursed_berserker_il15","jennifer","cursed-speed","thousand_handed_guardian","S",30203,Victory,2.100,350.00,S+
"jennifer_cursed_berserker_il15","jennifer","cursed-speed","ashen_bastion","S",30301,Victory,3.080,350.00,S+
"jennifer_cursed_berserker_il15","jennifer","cursed-speed","ashen_bastion","S",30302,Victory,2.920,350.00,S+
"jennifer_cursed_berserker_il15","jennifer","cursed-speed","ashen_bastion","S",30303,Victory,2.580,350.00,S+
"jennifer_cursed_berserker_il15","jennifer","cursed-speed","brass_executioner","S+",40101,Victory,2.920,350.00,S+
"jennifer_cursed_berserker_il15","jennifer","cursed-speed","brass_executioner","S+",40102,Victory,2.580,350.00,S+
"jennifer_cursed_berserker_il15","jennifer","cursed-speed","brass_executioner","S+",40103,Victory,2.100,335.74,S+
"jennifer_cursed_berserker_il15","jennifer","cursed-speed","thousand_handed_guardian","S+",40201,Victory,3.080,350.00,S+
"jennifer_cursed_berserker_il15","jennifer","cursed-speed","thousand_handed_guardian","S+",40202,Victory,3.580,350.00,S+
"jennifer_cursed_berserker_il15","jennifer","cursed-speed","thousand_handed_guardian","S+",40203,Victory,3.080,350.00,S+
"jennifer_cursed_berserker_il15","jennifer","cursed-speed","ashen_bastion","S+",40301,Victory,4.020,350.00,S+
"jennifer_cursed_berserker_il15","jennifer","cursed-speed","ashen_bastion","S+",40302,Victory,4.020,350.00,S+
"jennifer_cursed_berserker_il15","jennifer","cursed-speed","ashen_bastion","S+",40303,Victory,4.020,350.00,S+
"jennifer_cursed_last_argument_il1","jennifer","cursed-hp","brass_executioner","B",10101,Victory,8.040,284.85,A
"jennifer_cursed_last_argument_il1","jennifer","cursed-hp","brass_executioner","B",10102,Victory,8.040,284.85,A
"jennifer_cursed_last_argument_il1","jennifer","cursed-hp","brass_executioner","B",10103,Victory,8.040,298.88,A
"jennifer_cursed_last_argument_il1","jennifer","cursed-hp","thousand_handed_guardian","B",10201,Victory,8.040,325.00,A
"jennifer_cursed_last_argument_il1","jennifer","cursed-hp","thousand_handed_guardian","B",10202,Victory,8.040,325.00,A
"jennifer_cursed_last_argument_il1","jennifer","cursed-hp","thousand_handed_guardian","B",10203,Victory,8.040,325.00,A
"jennifer_cursed_last_argument_il1","jennifer","cursed-hp","ashen_bastion","B",10301,Victory,12.060,325.00,A
"jennifer_cursed_last_argument_il1","jennifer","cursed-hp","ashen_bastion","B",10302,Victory,16.020,325.00,A
"jennifer_cursed_last_argument_il1","jennifer","cursed-hp","ashen_bastion","B",10303,Victory,16.500,325.00,A
"jennifer_cursed_last_argument_il1","jennifer","cursed-hp","brass_executioner","A",20101,Defeat,12.000,0.00,A
"jennifer_cursed_last_argument_il1","jennifer","cursed-hp","brass_executioner","A",20102,Victory,8.040,127.04,A
"jennifer_cursed_last_argument_il1","jennifer","cursed-hp","brass_executioner","A",20103,Victory,11.000,82.76,A
"jennifer_cursed_last_argument_il1","jennifer","cursed-hp","thousand_handed_guardian","A",20201,Victory,12.060,304.70,A
"jennifer_cursed_last_argument_il1","jennifer","cursed-hp","thousand_handed_guardian","A",20202,Victory,10.280,325.00,A
"jennifer_cursed_last_argument_il1","jennifer","cursed-hp","thousand_handed_guardian","A",20203,Victory,10.020,325.00,A
"jennifer_cursed_last_argument_il1","jennifer","cursed-hp","ashen_bastion","A",20301,Victory,24.740,293.92,A
"jennifer_cursed_last_argument_il1","jennifer","cursed-hp","ashen_bastion","A",20302,Victory,24.120,299.10,A
"jennifer_cursed_last_argument_il1","jennifer","cursed-hp","ashen_bastion","A",20303,Victory,28.140,223.20,A
"jennifer_cursed_last_argument_il1","jennifer","cursed-hp","brass_executioner","S",30101,Defeat,9.260,0.00,A
"jennifer_cursed_last_argument_il1","jennifer","cursed-hp","brass_executioner","S",30102,Defeat,9.260,0.00,A
"jennifer_cursed_last_argument_il1","jennifer","cursed-hp","brass_executioner","S",30103,Defeat,9.260,0.00,A
"jennifer_cursed_last_argument_il1","jennifer","cursed-hp","thousand_handed_guardian","S",30201,Victory,12.060,240.83,A
"jennifer_cursed_last_argument_il1","jennifer","cursed-hp","thousand_handed_guardian","S",30202,Victory,13.740,213.36,A
"jennifer_cursed_last_argument_il1","jennifer","cursed-hp","thousand_handed_guardian","S",30203,Victory,13.740,127.46,A
"jennifer_cursed_last_argument_il1","jennifer","cursed-hp","ashen_bastion","S",30301,Defeat,22.540,0.00,A
"jennifer_cursed_last_argument_il1","jennifer","cursed-hp","ashen_bastion","S",30302,Defeat,22.540,0.00,A
"jennifer_cursed_last_argument_il1","jennifer","cursed-hp","ashen_bastion","S",30303,Defeat,21.800,0.00,A
"jennifer_cursed_last_argument_il1","jennifer","cursed-hp","brass_executioner","S+",40101,Defeat,4.000,0.00,A
"jennifer_cursed_last_argument_il1","jennifer","cursed-hp","brass_executioner","S+",40102,Defeat,4.000,0.00,A
"jennifer_cursed_last_argument_il1","jennifer","cursed-hp","brass_executioner","S+",40103,Defeat,4.000,0.00,A
"jennifer_cursed_last_argument_il1","jennifer","cursed-hp","thousand_handed_guardian","S+",40201,Defeat,8.340,0.00,A
"jennifer_cursed_last_argument_il1","jennifer","cursed-hp","thousand_handed_guardian","S+",40202,Defeat,8.900,0.00,A
"jennifer_cursed_last_argument_il1","jennifer","cursed-hp","thousand_handed_guardian","S+",40203,Defeat,8.340,0.00,A
"jennifer_cursed_last_argument_il1","jennifer","cursed-hp","ashen_bastion","S+",40301,Defeat,15.400,0.00,A
"jennifer_cursed_last_argument_il1","jennifer","cursed-hp","ashen_bastion","S+",40302,Defeat,16.860,0.00,A
"jennifer_cursed_last_argument_il1","jennifer","cursed-hp","ashen_bastion","S+",40303,Defeat,13.953,0.00,A
"jennifer_cursed_last_argument_il4","jennifer","cursed-hp","brass_executioner","B",10101,Victory,6.620,350.00,S
"jennifer_cursed_last_argument_il4","jennifer","cursed-hp","brass_executioner","B",10102,Victory,5.560,350.00,S
"jennifer_cursed_last_argument_il4","jennifer","cursed-hp","brass_executioner","B",10103,Victory,5.300,350.00,S
"jennifer_cursed_last_argument_il4","jennifer","cursed-hp","thousand_handed_guardian","B",10201,Victory,7.780,350.00,S
"jennifer_cursed_last_argument_il4","jennifer","cursed-hp","thousand_handed_guardian","B",10202,Victory,6.620,350.00,S
"jennifer_cursed_last_argument_il4","jennifer","cursed-hp","thousand_handed_guardian","B",10203,Victory,7.020,350.00,S
"jennifer_cursed_last_argument_il4","jennifer","cursed-hp","ashen_bastion","B",10301,Victory,12.060,350.00,S
"jennifer_cursed_last_argument_il4","jennifer","cursed-hp","ashen_bastion","B",10302,Victory,12.060,350.00,S
"jennifer_cursed_last_argument_il4","jennifer","cursed-hp","ashen_bastion","B",10303,Victory,14.560,350.00,S
"jennifer_cursed_last_argument_il4","jennifer","cursed-hp","brass_executioner","A",20101,Victory,8.040,303.60,S
"jennifer_cursed_last_argument_il4","jennifer","cursed-hp","brass_executioner","A",20102,Victory,6.620,320.88,S
"jennifer_cursed_last_argument_il4","jennifer","cursed-hp","brass_executioner","A",20103,Victory,8.040,320.88,S
"jennifer_cursed_last_argument_il4","jennifer","cursed-hp","thousand_handed_guardian","A",20201,Victory,9.180,350.00,S
"jennifer_cursed_last_argument_il4","jennifer","cursed-hp","thousand_handed_guardian","A",20202,Victory,8.040,350.00,S
"jennifer_cursed_last_argument_il4","jennifer","cursed-hp","thousand_handed_guardian","A",20203,Victory,8.040,350.00,S
"jennifer_cursed_last_argument_il4","jennifer","cursed-hp","ashen_bastion","A",20301,Victory,21.180,350.00,S
"jennifer_cursed_last_argument_il4","jennifer","cursed-hp","ashen_bastion","A",20302,Victory,16.080,350.00,S
"jennifer_cursed_last_argument_il4","jennifer","cursed-hp","ashen_bastion","A",20303,Victory,16.080,350.00,S
"jennifer_cursed_last_argument_il4","jennifer","cursed-hp","brass_executioner","S",30101,Defeat,10.000,0.00,S
"jennifer_cursed_last_argument_il4","jennifer","cursed-hp","brass_executioner","S",30102,Victory,9.260,199.64,S
"jennifer_cursed_last_argument_il4","jennifer","cursed-hp","brass_executioner","S",30103,Defeat,11.120,0.00,S
"jennifer_cursed_last_argument_il4","jennifer","cursed-hp","thousand_handed_guardian","S",30201,Victory,10.560,350.00,S
"jennifer_cursed_last_argument_il4","jennifer","cursed-hp","thousand_handed_guardian","S",30202,Victory,12.020,350.00,S
"jennifer_cursed_last_argument_il4","jennifer","cursed-hp","thousand_handed_guardian","S",30203,Victory,10.600,350.00,S
"jennifer_cursed_last_argument_il4","jennifer","cursed-hp","ashen_bastion","S",30301,Victory,21.167,326.52,S
"jennifer_cursed_last_argument_il4","jennifer","cursed-hp","ashen_bastion","S",30302,Victory,28.127,98.86,S
"jennifer_cursed_last_argument_il4","jennifer","cursed-hp","ashen_bastion","S",30303,Victory,25.147,232.34,S
"jennifer_cursed_last_argument_il4","jennifer","cursed-hp","brass_executioner","S+",40101,Defeat,7.420,0.00,S
"jennifer_cursed_last_argument_il4","jennifer","cursed-hp","brass_executioner","S+",40102,Defeat,7.420,0.00,S
"jennifer_cursed_last_argument_il4","jennifer","cursed-hp","brass_executioner","S+",40103,Defeat,7.420,0.00,S
"jennifer_cursed_last_argument_il4","jennifer","cursed-hp","thousand_handed_guardian","S+",40201,Defeat,11.680,0.00,S
"jennifer_cursed_last_argument_il4","jennifer","cursed-hp","thousand_handed_guardian","S+",40202,Defeat,12.240,0.00,S
"jennifer_cursed_last_argument_il4","jennifer","cursed-hp","thousand_handed_guardian","S+",40203,Defeat,11.680,0.00,S
"jennifer_cursed_last_argument_il4","jennifer","cursed-hp","ashen_bastion","S+",40301,Defeat,21.200,0.00,S
"jennifer_cursed_last_argument_il4","jennifer","cursed-hp","ashen_bastion","S+",40302,Defeat,19.760,0.00,S
"jennifer_cursed_last_argument_il4","jennifer","cursed-hp","ashen_bastion","S+",40303,Defeat,20.480,0.00,S
"jennifer_cursed_last_argument_il8","jennifer","cursed-hp","brass_executioner","B",10101,Victory,4.020,375.00,S
"jennifer_cursed_last_argument_il8","jennifer","cursed-hp","brass_executioner","B",10102,Victory,4.020,375.00,S
"jennifer_cursed_last_argument_il8","jennifer","cursed-hp","brass_executioner","B",10103,Victory,4.020,375.00,S
"jennifer_cursed_last_argument_il8","jennifer","cursed-hp","thousand_handed_guardian","B",10201,Victory,6.380,375.00,S
"jennifer_cursed_last_argument_il8","jennifer","cursed-hp","thousand_handed_guardian","B",10202,Victory,5.120,375.00,S
"jennifer_cursed_last_argument_il8","jennifer","cursed-hp","thousand_handed_guardian","B",10203,Victory,5.560,375.00,S
"jennifer_cursed_last_argument_il8","jennifer","cursed-hp","ashen_bastion","B",10301,Victory,10.020,375.00,S
"jennifer_cursed_last_argument_il8","jennifer","cursed-hp","ashen_bastion","B",10302,Victory,10.220,375.00,S
"jennifer_cursed_last_argument_il8","jennifer","cursed-hp","ashen_bastion","B",10303,Victory,10.220,375.00,S
"jennifer_cursed_last_argument_il8","jennifer","cursed-hp","brass_executioner","A",20101,Victory,7.660,375.00,S
"jennifer_cursed_last_argument_il8","jennifer","cursed-hp","brass_executioner","A",20102,Victory,4.020,375.00,S
"jennifer_cursed_last_argument_il8","jennifer","cursed-hp","brass_executioner","A",20103,Victory,7.660,375.00,S
"jennifer_cursed_last_argument_il8","jennifer","cursed-hp","thousand_handed_guardian","A",20201,Victory,8.040,375.00,S
"jennifer_cursed_last_argument_il8","jennifer","cursed-hp","thousand_handed_guardian","A",20202,Victory,8.040,375.00,S
"jennifer_cursed_last_argument_il8","jennifer","cursed-hp","thousand_handed_guardian","A",20203,Victory,8.040,375.00,S
"jennifer_cursed_last_argument_il8","jennifer","cursed-hp","ashen_bastion","A",20301,Victory,21.700,375.00,S
"jennifer_cursed_last_argument_il8","jennifer","cursed-hp","ashen_bastion","A",20302,Victory,15.320,375.00,S
"jennifer_cursed_last_argument_il8","jennifer","cursed-hp","ashen_bastion","A",20303,Victory,15.020,375.00,S
"jennifer_cursed_last_argument_il8","jennifer","cursed-hp","brass_executioner","S",30101,Victory,8.040,370.04,S
"jennifer_cursed_last_argument_il8","jennifer","cursed-hp","brass_executioner","S",30102,Victory,8.040,375.00,S
"jennifer_cursed_last_argument_il8","jennifer","cursed-hp","brass_executioner","S",30103,Victory,8.040,370.04,S
"jennifer_cursed_last_argument_il8","jennifer","cursed-hp","thousand_handed_guardian","S",30201,Victory,8.040,375.00,S
"jennifer_cursed_last_argument_il8","jennifer","cursed-hp","thousand_handed_guardian","S",30202,Victory,8.940,375.00,S
"jennifer_cursed_last_argument_il8","jennifer","cursed-hp","thousand_handed_guardian","S",30203,Victory,8.940,375.00,S
"jennifer_cursed_last_argument_il8","jennifer","cursed-hp","ashen_bastion","S",30301,Victory,16.600,375.00,S
"jennifer_cursed_last_argument_il8","jennifer","cursed-hp","ashen_bastion","S",30302,Victory,24.120,375.00,S
"jennifer_cursed_last_argument_il8","jennifer","cursed-hp","ashen_bastion","S",30303,Victory,21.700,375.00,S
"jennifer_cursed_last_argument_il8","jennifer","cursed-hp","brass_executioner","S+",40101,Defeat,8.000,0.00,S
"jennifer_cursed_last_argument_il8","jennifer","cursed-hp","brass_executioner","S+",40102,Defeat,8.000,0.00,S
"jennifer_cursed_last_argument_il8","jennifer","cursed-hp","brass_executioner","S+",40103,Defeat,8.000,0.00,S
"jennifer_cursed_last_argument_il8","jennifer","cursed-hp","thousand_handed_guardian","S+",40201,Victory,12.760,298.07,S
"jennifer_cursed_last_argument_il8","jennifer","cursed-hp","thousand_handed_guardian","S+",40202,Victory,12.060,361.49,S
"jennifer_cursed_last_argument_il8","jennifer","cursed-hp","thousand_handed_guardian","S+",40203,Victory,14.033,261.51,S
"jennifer_cursed_last_argument_il8","jennifer","cursed-hp","ashen_bastion","S+",40301,Defeat,28.800,0.00,S
"jennifer_cursed_last_argument_il8","jennifer","cursed-hp","ashen_bastion","S+",40302,Defeat,28.807,0.00,S
"jennifer_cursed_last_argument_il8","jennifer","cursed-hp","ashen_bastion","S+",40303,Defeat,31.313,0.00,S
"jennifer_cursed_last_argument_il12","jennifer","cursed-hp","brass_executioner","B",10101,Victory,4.020,400.00,S+
"jennifer_cursed_last_argument_il12","jennifer","cursed-hp","brass_executioner","B",10102,Victory,4.020,400.00,S+
"jennifer_cursed_last_argument_il12","jennifer","cursed-hp","brass_executioner","B",10103,Victory,4.020,400.00,S+
"jennifer_cursed_last_argument_il12","jennifer","cursed-hp","thousand_handed_guardian","B",10201,Victory,4.020,400.00,S+
"jennifer_cursed_last_argument_il12","jennifer","cursed-hp","thousand_handed_guardian","B",10202,Victory,4.020,400.00,S+
"jennifer_cursed_last_argument_il12","jennifer","cursed-hp","thousand_handed_guardian","B",10203,Victory,4.020,400.00,S+
"jennifer_cursed_last_argument_il12","jennifer","cursed-hp","ashen_bastion","B",10301,Victory,6.160,400.00,S+
"jennifer_cursed_last_argument_il12","jennifer","cursed-hp","ashen_bastion","B",10302,Victory,6.160,400.00,S+
"jennifer_cursed_last_argument_il12","jennifer","cursed-hp","ashen_bastion","B",10303,Victory,8.040,400.00,S+
"jennifer_cursed_last_argument_il12","jennifer","cursed-hp","brass_executioner","A",20101,Victory,6.160,400.00,S+
"jennifer_cursed_last_argument_il12","jennifer","cursed-hp","brass_executioner","A",20102,Victory,4.020,400.00,S+
"jennifer_cursed_last_argument_il12","jennifer","cursed-hp","brass_executioner","A",20103,Victory,6.020,400.00,S+
"jennifer_cursed_last_argument_il12","jennifer","cursed-hp","thousand_handed_guardian","A",20201,Victory,7.400,400.00,S+
"jennifer_cursed_last_argument_il12","jennifer","cursed-hp","thousand_handed_guardian","A",20202,Victory,6.160,400.00,S+
"jennifer_cursed_last_argument_il12","jennifer","cursed-hp","thousand_handed_guardian","A",20203,Victory,7.400,400.00,S+
"jennifer_cursed_last_argument_il12","jennifer","cursed-hp","ashen_bastion","A",20301,Victory,16.080,400.00,S+
"jennifer_cursed_last_argument_il12","jennifer","cursed-hp","ashen_bastion","A",20302,Victory,9.860,400.00,S+
"jennifer_cursed_last_argument_il12","jennifer","cursed-hp","ashen_bastion","A",20303,Victory,12.060,400.00,S+
"jennifer_cursed_last_argument_il12","jennifer","cursed-hp","brass_executioner","S",30101,Victory,8.040,400.00,S+
"jennifer_cursed_last_argument_il12","jennifer","cursed-hp","brass_executioner","S",30102,Victory,7.400,400.00,S+
"jennifer_cursed_last_argument_il12","jennifer","cursed-hp","brass_executioner","S",30103,Victory,8.040,400.00,S+
"jennifer_cursed_last_argument_il12","jennifer","cursed-hp","thousand_handed_guardian","S",30201,Victory,8.040,400.00,S+
"jennifer_cursed_last_argument_il12","jennifer","cursed-hp","thousand_handed_guardian","S",30202,Victory,8.040,400.00,S+
"jennifer_cursed_last_argument_il12","jennifer","cursed-hp","thousand_handed_guardian","S",30203,Victory,8.040,400.00,S+
"jennifer_cursed_last_argument_il12","jennifer","cursed-hp","ashen_bastion","S",30301,Victory,18.487,400.00,S+
"jennifer_cursed_last_argument_il12","jennifer","cursed-hp","ashen_bastion","S",30302,Victory,20.087,400.00,S+
"jennifer_cursed_last_argument_il12","jennifer","cursed-hp","ashen_bastion","S",30303,Victory,19.707,400.00,S+
"jennifer_cursed_last_argument_il12","jennifer","cursed-hp","brass_executioner","S+",40101,Victory,8.040,223.69,S+
"jennifer_cursed_last_argument_il12","jennifer","cursed-hp","brass_executioner","S+",40102,Victory,9.860,186.86,S+
"jennifer_cursed_last_argument_il12","jennifer","cursed-hp","brass_executioner","S+",40103,Victory,11.100,186.86,S+
"jennifer_cursed_last_argument_il12","jennifer","cursed-hp","thousand_handed_guardian","S+",40201,Victory,11.100,400.00,S+
"jennifer_cursed_last_argument_il12","jennifer","cursed-hp","thousand_handed_guardian","S+",40202,Victory,12.060,400.00,S+
"jennifer_cursed_last_argument_il12","jennifer","cursed-hp","thousand_handed_guardian","S+",40203,Victory,12.060,400.00,S+
"jennifer_cursed_last_argument_il12","jennifer","cursed-hp","ashen_bastion","S+",40301,Victory,27.107,375.18,S+
"jennifer_cursed_last_argument_il12","jennifer","cursed-hp","ashen_bastion","S+",40302,Victory,25.880,393.41,S+
"jennifer_cursed_last_argument_il12","jennifer","cursed-hp","ashen_bastion","S+",40303,Victory,27.107,382.98,S+
"jennifer_cursed_last_argument_il15","jennifer","cursed-hp","brass_executioner","B",10101,Victory,4.020,425.00,S+
"jennifer_cursed_last_argument_il15","jennifer","cursed-hp","brass_executioner","B",10102,Victory,4.020,425.00,S+
"jennifer_cursed_last_argument_il15","jennifer","cursed-hp","brass_executioner","B",10103,Victory,4.020,425.00,S+
"jennifer_cursed_last_argument_il15","jennifer","cursed-hp","thousand_handed_guardian","B",10201,Victory,4.020,425.00,S+
"jennifer_cursed_last_argument_il15","jennifer","cursed-hp","thousand_handed_guardian","B",10202,Victory,4.020,425.00,S+
"jennifer_cursed_last_argument_il15","jennifer","cursed-hp","thousand_handed_guardian","B",10203,Victory,4.020,425.00,S+
"jennifer_cursed_last_argument_il15","jennifer","cursed-hp","ashen_bastion","B",10301,Victory,4.780,425.00,S+
"jennifer_cursed_last_argument_il15","jennifer","cursed-hp","ashen_bastion","B",10302,Victory,5.960,425.00,S+
"jennifer_cursed_last_argument_il15","jennifer","cursed-hp","ashen_bastion","B",10303,Victory,5.960,425.00,S+
"jennifer_cursed_last_argument_il15","jennifer","cursed-hp","brass_executioner","A",20101,Victory,4.780,425.00,S+
"jennifer_cursed_last_argument_il15","jennifer","cursed-hp","brass_executioner","A",20102,Victory,4.020,425.00,S+
"jennifer_cursed_last_argument_il15","jennifer","cursed-hp","brass_executioner","A",20103,Victory,4.780,425.00,S+
"jennifer_cursed_last_argument_il15","jennifer","cursed-hp","thousand_handed_guardian","A",20201,Victory,5.000,425.00,S+
"jennifer_cursed_last_argument_il15","jennifer","cursed-hp","thousand_handed_guardian","A",20202,Victory,4.780,425.00,S+
"jennifer_cursed_last_argument_il15","jennifer","cursed-hp","thousand_handed_guardian","A",20203,Victory,5.960,425.00,S+
"jennifer_cursed_last_argument_il15","jennifer","cursed-hp","ashen_bastion","A",20301,Victory,12.060,425.00,S+
"jennifer_cursed_last_argument_il15","jennifer","cursed-hp","ashen_bastion","A",20302,Victory,8.340,425.00,S+
"jennifer_cursed_last_argument_il15","jennifer","cursed-hp","ashen_bastion","A",20303,Victory,8.340,425.00,S+
"jennifer_cursed_last_argument_il15","jennifer","cursed-hp","brass_executioner","S",30101,Victory,7.160,425.00,S+
"jennifer_cursed_last_argument_il15","jennifer","cursed-hp","brass_executioner","S",30102,Victory,5.960,425.00,S+
"jennifer_cursed_last_argument_il15","jennifer","cursed-hp","brass_executioner","S",30103,Victory,7.020,425.00,S+
"jennifer_cursed_last_argument_il15","jennifer","cursed-hp","thousand_handed_guardian","S",30201,Victory,8.040,425.00,S+
"jennifer_cursed_last_argument_il15","jennifer","cursed-hp","thousand_handed_guardian","S",30202,Victory,8.040,425.00,S+
"jennifer_cursed_last_argument_il15","jennifer","cursed-hp","thousand_handed_guardian","S",30203,Victory,8.040,425.00,S+
"jennifer_cursed_last_argument_il15","jennifer","cursed-hp","ashen_bastion","S",30301,Victory,14.300,425.00,S+
"jennifer_cursed_last_argument_il15","jennifer","cursed-hp","ashen_bastion","S",30302,Victory,14.300,425.00,S+
"jennifer_cursed_last_argument_il15","jennifer","cursed-hp","ashen_bastion","S",30303,Victory,16.080,425.00,S+
"jennifer_cursed_last_argument_il15","jennifer","cursed-hp","brass_executioner","S+",40101,Victory,8.040,331.35,S+
"jennifer_cursed_last_argument_il15","jennifer","cursed-hp","brass_executioner","S+",40102,Victory,8.040,331.35,S+
"jennifer_cursed_last_argument_il15","jennifer","cursed-hp","brass_executioner","S+",40103,Victory,8.340,349.35,S+
"jennifer_cursed_last_argument_il15","jennifer","cursed-hp","thousand_handed_guardian","S+",40201,Victory,9.540,425.00,S+
"jennifer_cursed_last_argument_il15","jennifer","cursed-hp","thousand_handed_guardian","S+",40202,Victory,10.720,425.00,S+
"jennifer_cursed_last_argument_il15","jennifer","cursed-hp","thousand_handed_guardian","S+",40203,Victory,11.920,425.00,S+
"jennifer_cursed_last_argument_il15","jennifer","cursed-hp","ashen_bastion","S+",40301,Victory,24.114,425.00,S+
"jennifer_cursed_last_argument_il15","jennifer","cursed-hp","ashen_bastion","S+",40302,Victory,24.120,425.00,S+
"jennifer_cursed_last_argument_il15","jennifer","cursed-hp","ashen_bastion","S+",40303,Victory,24.120,425.00,S+
"jennifer_balanced_il1","jennifer","balanced","brass_executioner","B",10101,Victory,6.020,317.09,A
"jennifer_balanced_il1","jennifer","balanced","brass_executioner","B",10102,Victory,5.780,322.22,A
"jennifer_balanced_il1","jennifer","balanced","brass_executioner","B",10103,Victory,6.420,319.05,A
"jennifer_balanced_il1","jennifer","balanced","thousand_handed_guardian","B",10201,Victory,7.700,325.00,A
"jennifer_balanced_il1","jennifer","balanced","thousand_handed_guardian","B",10202,Victory,6.420,325.00,A
"jennifer_balanced_il1","jennifer","balanced","thousand_handed_guardian","B",10203,Victory,7.060,325.00,A
"jennifer_balanced_il1","jennifer","balanced","ashen_bastion","B",10301,Victory,10.900,325.00,A
"jennifer_balanced_il1","jennifer","balanced","ashen_bastion","B",10302,Victory,9.620,325.00,A
"jennifer_balanced_il1","jennifer","balanced","ashen_bastion","B",10303,Victory,11.540,325.00,A
"jennifer_balanced_il1","jennifer","balanced","brass_executioner","A",20101,Victory,10.900,177.87,A
"jennifer_balanced_il1","jennifer","balanced","brass_executioner","A",20102,Victory,10.900,95.54,A
"jennifer_balanced_il1","jennifer","balanced","brass_executioner","A",20103,Victory,10.900,99.05,A
"jennifer_balanced_il1","jennifer","balanced","thousand_handed_guardian","A",20201,Victory,12.180,298.02,A
"jennifer_balanced_il1","jennifer","balanced","thousand_handed_guardian","A",20202,Victory,10.900,309.84,A
"jennifer_balanced_il1","jennifer","balanced","thousand_handed_guardian","A",20203,Victory,11.540,325.00,A
"jennifer_balanced_il1","jennifer","balanced","ashen_bastion","A",20301,Victory,19.240,325.00,A
"jennifer_balanced_il1","jennifer","balanced","ashen_bastion","A",20302,Victory,19.240,325.00,A
"jennifer_balanced_il1","jennifer","balanced","ashen_bastion","A",20303,Victory,20.100,323.09,A
"jennifer_balanced_il1","jennifer","balanced","brass_executioner","S",30101,Defeat,7.420,0.00,A
"jennifer_balanced_il1","jennifer","balanced","brass_executioner","S",30102,Defeat,10.000,0.00,A
"jennifer_balanced_il1","jennifer","balanced","brass_executioner","S",30103,Defeat,7.420,0.00,A
"jennifer_balanced_il1","jennifer","balanced","thousand_handed_guardian","S",30201,Victory,14.120,56.13,A
"jennifer_balanced_il1","jennifer","balanced","thousand_handed_guardian","S",30202,Victory,12.060,251.84,A
"jennifer_balanced_il1","jennifer","balanced","thousand_handed_guardian","S",30203,Victory,13.020,239.08,A
"jennifer_balanced_il1","jennifer","balanced","ashen_bastion","S",30301,Defeat,23.287,0.00,A
"jennifer_balanced_il1","jennifer","balanced","ashen_bastion","S",30302,Defeat,21.800,0.00,A
"jennifer_balanced_il1","jennifer","balanced","ashen_bastion","S",30303,Defeat,22.540,0.00,A
"jennifer_balanced_il1","jennifer","balanced","brass_executioner","S+",40101,Defeat,5.560,0.00,A
"jennifer_balanced_il1","jennifer","balanced","brass_executioner","S+",40102,Defeat,4.000,0.00,A
"jennifer_balanced_il1","jennifer","balanced","brass_executioner","S+",40103,Defeat,4.000,0.00,A
"jennifer_balanced_il1","jennifer","balanced","thousand_handed_guardian","S+",40201,Defeat,8.900,0.00,A
"jennifer_balanced_il1","jennifer","balanced","thousand_handed_guardian","S+",40202,Defeat,8.340,0.00,A
"jennifer_balanced_il1","jennifer","balanced","thousand_handed_guardian","S+",40203,Defeat,8.620,0.00,A
"jennifer_balanced_il1","jennifer","balanced","ashen_bastion","S+",40301,Defeat,14.693,0.00,A
"jennifer_balanced_il1","jennifer","balanced","ashen_bastion","S+",40302,Defeat,14.693,0.00,A
"jennifer_balanced_il1","jennifer","balanced","ashen_bastion","S+",40303,Defeat,15.400,0.00,A
"jennifer_balanced_il4","jennifer","balanced","brass_executioner","B",10101,Victory,4.940,350.00,S
"jennifer_balanced_il4","jennifer","balanced","brass_executioner","B",10102,Victory,4.340,350.00,S
"jennifer_balanced_il4","jennifer","balanced","brass_executioner","B",10103,Victory,5.020,350.00,S
"jennifer_balanced_il4","jennifer","balanced","thousand_handed_guardian","B",10201,Victory,6.180,350.00,S
"jennifer_balanced_il4","jennifer","balanced","thousand_handed_guardian","B",10202,Victory,4.340,350.00,S
"jennifer_balanced_il4","jennifer","balanced","thousand_handed_guardian","B",10203,Victory,5.560,350.00,S
"jennifer_balanced_il4","jennifer","balanced","ashen_bastion","B",10301,Victory,8.660,350.00,S
"jennifer_balanced_il4","jennifer","balanced","ashen_bastion","B",10302,Victory,6.180,350.00,S
"jennifer_balanced_il4","jennifer","balanced","ashen_bastion","B",10303,Victory,8.660,350.00,S
"jennifer_balanced_il4","jennifer","balanced","brass_executioner","A",20101,Victory,8.040,281.91,S
"jennifer_balanced_il4","jennifer","balanced","brass_executioner","A",20102,Victory,7.420,279.47,S
"jennifer_balanced_il4","jennifer","balanced","brass_executioner","A",20103,Victory,8.040,307.12,S
"jennifer_balanced_il4","jennifer","balanced","thousand_handed_guardian","A",20201,Victory,8.040,350.00,S
"jennifer_balanced_il4","jennifer","balanced","thousand_handed_guardian","A",20202,Victory,8.040,350.00,S
"jennifer_balanced_il4","jennifer","balanced","thousand_handed_guardian","A",20203,Victory,8.040,350.00,S
"jennifer_balanced_il4","jennifer","balanced","ashen_bastion","A",20301,Victory,12.360,350.00,S
"jennifer_balanced_il4","jennifer","balanced","ashen_bastion","A",20302,Victory,16.080,350.00,S
"jennifer_balanced_il4","jennifer","balanced","ashen_bastion","A",20303,Victory,16.680,350.00,S
"jennifer_balanced_il4","jennifer","balanced","brass_executioner","S",30101,Defeat,10.000,0.00,S
"jennifer_balanced_il4","jennifer","balanced","brass_executioner","S",30102,Victory,10.500,76.09,S
"jennifer_balanced_il4","jennifer","balanced","brass_executioner","S",30103,Victory,10.500,30.43,S
"jennifer_balanced_il4","jennifer","balanced","thousand_handed_guardian","S",30201,Victory,11.740,350.00,S
"jennifer_balanced_il4","jennifer","balanced","thousand_handed_guardian","S",30202,Victory,9.880,350.00,S
"jennifer_balanced_il4","jennifer","balanced","thousand_handed_guardian","S",30203,Victory,12.060,350.00,S
"jennifer_balanced_il4","jennifer","balanced","ashen_bastion","S",30301,Victory,19.767,329.02,S
"jennifer_balanced_il4","jennifer","balanced","ashen_bastion","S",30302,Victory,19.767,299.81,S
"jennifer_balanced_il4","jennifer","balanced","ashen_bastion","S",30303,Victory,16.060,350.00,S
"jennifer_balanced_il4","jennifer","balanced","brass_executioner","S+",40101,Defeat,8.000,0.00,S
"jennifer_balanced_il4","jennifer","balanced","brass_executioner","S+",40102,Defeat,5.560,0.00,S
"jennifer_balanced_il4","jennifer","balanced","brass_executioner","S+",40103,Defeat,7.420,0.00,S
"jennifer_balanced_il4","jennifer","balanced","thousand_handed_guardian","S+",40201,Defeat,12.240,0.00,S
"jennifer_balanced_il4","jennifer","balanced","thousand_handed_guardian","S+",40202,Defeat,11.680,0.00,S
"jennifer_balanced_il4","jennifer","balanced","thousand_handed_guardian","S+",40203,Defeat,12.240,0.00,S
"jennifer_balanced_il4","jennifer","balanced","ashen_bastion","S+",40301,Defeat,21.200,0.00,S
"jennifer_balanced_il4","jennifer","balanced","ashen_bastion","S+",40302,Defeat,21.940,0.00,S
"jennifer_balanced_il4","jennifer","balanced","ashen_bastion","S+",40303,Defeat,19.040,0.00,S
"jennifer_balanced_il8","jennifer","balanced","brass_executioner","B",10101,Victory,4.020,375.00,S
"jennifer_balanced_il8","jennifer","balanced","brass_executioner","B",10102,Victory,4.020,375.00,S
"jennifer_balanced_il8","jennifer","balanced","brass_executioner","B",10103,Victory,4.020,375.00,S
"jennifer_balanced_il8","jennifer","balanced","thousand_handed_guardian","B",10201,Victory,4.780,375.00,S
"jennifer_balanced_il8","jennifer","balanced","thousand_handed_guardian","B",10202,Victory,4.020,375.00,S
"jennifer_balanced_il8","jennifer","balanced","thousand_handed_guardian","B",10203,Victory,4.180,375.00,S
"jennifer_balanced_il8","jennifer","balanced","ashen_bastion","B",10301,Victory,8.040,375.00,S
"jennifer_balanced_il8","jennifer","balanced","ashen_bastion","B",10302,Victory,4.180,375.00,S
"jennifer_balanced_il8","jennifer","balanced","ashen_bastion","B",10303,Victory,5.360,375.00,S
"jennifer_balanced_il8","jennifer","balanced","brass_executioner","A",20101,Victory,6.020,375.00,S
"jennifer_balanced_il8","jennifer","balanced","brass_executioner","A",20102,Victory,5.360,375.00,S
"jennifer_balanced_il8","jennifer","balanced","brass_executioner","A",20103,Victory,7.160,375.00,S
"jennifer_balanced_il8","jennifer","balanced","thousand_handed_guardian","A",20201,Victory,5.960,375.00,S
"jennifer_balanced_il8","jennifer","balanced","thousand_handed_guardian","A",20202,Victory,5.960,375.00,S
"jennifer_balanced_il8","jennifer","balanced","thousand_handed_guardian","A",20203,Victory,6.560,375.00,S
"jennifer_balanced_il8","jennifer","balanced","ashen_bastion","A",20301,Victory,11.320,375.00,S
"jennifer_balanced_il8","jennifer","balanced","ashen_bastion","A",20302,Victory,11.920,375.00,S
"jennifer_balanced_il8","jennifer","balanced","ashen_bastion","A",20303,Victory,11.920,375.00,S
"jennifer_balanced_il8","jennifer","balanced","brass_executioner","S",30101,Victory,9.540,334.96,S
"jennifer_balanced_il8","jennifer","balanced","brass_executioner","S",30102,Victory,8.040,375.00,S
"jennifer_balanced_il8","jennifer","balanced","brass_executioner","S",30103,Victory,8.340,375.00,S
"jennifer_balanced_il8","jennifer","balanced","thousand_handed_guardian","S",30201,Victory,8.040,375.00,S
"jennifer_balanced_il8","jennifer","balanced","thousand_handed_guardian","S",30202,Victory,8.940,375.00,S
"jennifer_balanced_il8","jennifer","balanced","thousand_handed_guardian","S",30203,Victory,9.020,375.00,S
"jennifer_balanced_il8","jennifer","balanced","ashen_bastion","S",30301,Victory,15.480,375.00,S
"jennifer_balanced_il8","jennifer","balanced","ashen_bastion","S",30302,Victory,15.480,375.00,S
"jennifer_balanced_il8","jennifer","balanced","ashen_bastion","S",30303,Victory,12.060,375.00,S
"jennifer_balanced_il8","jennifer","balanced","brass_executioner","S+",40101,Defeat,9.260,0.00,S
"jennifer_balanced_il8","jennifer","balanced","brass_executioner","S+",40102,Defeat,8.000,0.00,S
"jennifer_balanced_il8","jennifer","balanced","brass_executioner","S+",40103,Defeat,8.000,0.00,S
"jennifer_balanced_il8","jennifer","balanced","thousand_handed_guardian","S+",40201,Victory,13.100,256.42,S
"jennifer_balanced_il8","jennifer","balanced","thousand_handed_guardian","S+",40202,Victory,12.060,339.93,S
"jennifer_balanced_il8","jennifer","balanced","thousand_handed_guardian","S+",40203,Victory,12.060,375.00,S
"jennifer_balanced_il8","jennifer","balanced","ashen_bastion","S+",40301,Victory,20.100,370.08,S
"jennifer_balanced_il8","jennifer","balanced","ashen_bastion","S+",40302,Victory,21.440,217.29,S
"jennifer_balanced_il8","jennifer","balanced","ashen_bastion","S+",40303,Victory,22.040,308.51,S
"jennifer_balanced_il12","jennifer","balanced","brass_executioner","B",10101,Victory,4.020,400.00,S+
"jennifer_balanced_il12","jennifer","balanced","brass_executioner","B",10102,Victory,3.460,400.00,S+
"jennifer_balanced_il12","jennifer","balanced","brass_executioner","B",10103,Victory,3.460,400.00,S+
"jennifer_balanced_il12","jennifer","balanced","thousand_handed_guardian","B",10201,Victory,4.020,400.00,S+
"jennifer_balanced_il12","jennifer","balanced","thousand_handed_guardian","B",10202,Victory,3.460,400.00,S+
"jennifer_balanced_il12","jennifer","balanced","thousand_handed_guardian","B",10203,Victory,4.020,400.00,S+
"jennifer_balanced_il12","jennifer","balanced","ashen_bastion","B",10301,Victory,4.600,400.00,S+
"jennifer_balanced_il12","jennifer","balanced","ashen_bastion","B",10302,Victory,4.020,400.00,S+
"jennifer_balanced_il12","jennifer","balanced","ashen_bastion","B",10303,Victory,4.040,400.00,S+
"jennifer_balanced_il12","jennifer","balanced","brass_executioner","A",20101,Victory,4.600,400.00,S+
"jennifer_balanced_il12","jennifer","balanced","brass_executioner","A",20102,Victory,4.040,400.00,S+
"jennifer_balanced_il12","jennifer","balanced","brass_executioner","A",20103,Victory,5.180,400.00,S+
"jennifer_balanced_il12","jennifer","balanced","thousand_handed_guardian","A",20201,Victory,4.600,400.00,S+
"jennifer_balanced_il12","jennifer","balanced","thousand_handed_guardian","A",20202,Victory,4.600,400.00,S+
"jennifer_balanced_il12","jennifer","balanced","thousand_handed_guardian","A",20203,Victory,6.340,400.00,S+
"jennifer_balanced_il12","jennifer","balanced","ashen_bastion","A",20301,Victory,8.060,400.00,S+
"jennifer_balanced_il12","jennifer","balanced","ashen_bastion","A",20302,Victory,8.040,400.00,S+
"jennifer_balanced_il12","jennifer","balanced","ashen_bastion","A",20303,Victory,9.200,400.00,S+
"jennifer_balanced_il12","jennifer","balanced","brass_executioner","S",30101,Victory,6.900,400.00,S+
"jennifer_balanced_il12","jennifer","balanced","brass_executioner","S",30102,Victory,6.340,400.00,S+
"jennifer_balanced_il12","jennifer","balanced","brass_executioner","S",30103,Victory,7.480,400.00,S+
"jennifer_balanced_il12","jennifer","balanced","thousand_handed_guardian","S",30201,Victory,6.340,400.00,S+
"jennifer_balanced_il12","jennifer","balanced","thousand_handed_guardian","S",30202,Victory,7.480,400.00,S+
"jennifer_balanced_il12","jennifer","balanced","thousand_handed_guardian","S",30203,Victory,6.900,400.00,S+
"jennifer_balanced_il12","jennifer","balanced","ashen_bastion","S",30301,Victory,10.360,400.00,S+
"jennifer_balanced_il12","jennifer","balanced","ashen_bastion","S",30302,Victory,10.360,400.00,S+
"jennifer_balanced_il12","jennifer","balanced","ashen_bastion","S",30303,Victory,9.780,400.00,S+
"jennifer_balanced_il12","jennifer","balanced","brass_executioner","S+",40101,Victory,10.360,292.48,S+
"jennifer_balanced_il12","jennifer","balanced","brass_executioner","S+",40102,Victory,9.200,331.22,S+
"jennifer_balanced_il12","jennifer","balanced","brass_executioner","S+",40103,Victory,8.640,158.80,S+
"jennifer_balanced_il12","jennifer","balanced","thousand_handed_guardian","S+",40201,Victory,10.920,400.00,S+
"jennifer_balanced_il12","jennifer","balanced","thousand_handed_guardian","S+",40202,Victory,10.360,400.00,S+
"jennifer_balanced_il12","jennifer","balanced","thousand_handed_guardian","S+",40203,Victory,10.920,400.00,S+
"jennifer_balanced_il12","jennifer","balanced","ashen_bastion","S+",40301,Victory,13.220,400.00,S+
"jennifer_balanced_il12","jennifer","balanced","ashen_bastion","S+",40302,Victory,16.680,400.00,S+
"jennifer_balanced_il12","jennifer","balanced","ashen_bastion","S+",40303,Victory,16.680,400.00,S+
"jennifer_balanced_il15","jennifer","balanced","brass_executioner","B",10101,Victory,3.340,425.00,S+
"jennifer_balanced_il15","jennifer","balanced","brass_executioner","B",10102,Victory,2.780,425.00,S+
"jennifer_balanced_il15","jennifer","balanced","brass_executioner","B",10103,Victory,3.020,425.00,S+
"jennifer_balanced_il15","jennifer","balanced","thousand_handed_guardian","B",10201,Victory,3.340,425.00,S+
"jennifer_balanced_il15","jennifer","balanced","thousand_handed_guardian","B",10202,Victory,2.780,425.00,S+
"jennifer_balanced_il15","jennifer","balanced","thousand_handed_guardian","B",10203,Victory,3.340,425.00,S+
"jennifer_balanced_il15","jennifer","balanced","ashen_bastion","B",10301,Victory,4.020,425.00,S+
"jennifer_balanced_il15","jennifer","balanced","ashen_bastion","B",10302,Victory,4.020,425.00,S+
"jennifer_balanced_il15","jennifer","balanced","ashen_bastion","B",10303,Victory,4.020,425.00,S+
"jennifer_balanced_il15","jennifer","balanced","brass_executioner","A",20101,Victory,4.020,425.00,S+
"jennifer_balanced_il15","jennifer","balanced","brass_executioner","A",20102,Victory,3.900,425.00,S+
"jennifer_balanced_il15","jennifer","balanced","brass_executioner","A",20103,Victory,4.460,425.00,S+
"jennifer_balanced_il15","jennifer","balanced","thousand_handed_guardian","A",20201,Victory,4.020,425.00,S+
"jennifer_balanced_il15","jennifer","balanced","thousand_handed_guardian","A",20202,Victory,4.020,425.00,S+
"jennifer_balanced_il15","jennifer","balanced","thousand_handed_guardian","A",20203,Victory,5.000,425.00,S+
"jennifer_balanced_il15","jennifer","balanced","ashen_bastion","A",20301,Victory,7.780,425.00,S+
"jennifer_balanced_il15","jennifer","balanced","ashen_bastion","A",20302,Victory,5.560,425.00,S+
"jennifer_balanced_il15","jennifer","balanced","ashen_bastion","A",20303,Victory,8.040,425.00,S+
"jennifer_balanced_il15","jennifer","balanced","brass_executioner","S",30101,Victory,5.560,425.00,S+
"jennifer_balanced_il15","jennifer","balanced","brass_executioner","S",30102,Victory,5.000,425.00,S+
"jennifer_balanced_il15","jennifer","balanced","brass_executioner","S",30103,Victory,6.120,425.00,S+
"jennifer_balanced_il15","jennifer","balanced","thousand_handed_guardian","S",30201,Victory,5.000,425.00,S+
"jennifer_balanced_il15","jennifer","balanced","thousand_handed_guardian","S",30202,Victory,6.120,425.00,S+
"jennifer_balanced_il15","jennifer","balanced","thousand_handed_guardian","S",30203,Victory,6.120,425.00,S+
"jennifer_balanced_il15","jennifer","balanced","ashen_bastion","S",30301,Victory,8.340,425.00,S+
"jennifer_balanced_il15","jennifer","balanced","ashen_bastion","S",30302,Victory,8.900,425.00,S+
"jennifer_balanced_il15","jennifer","balanced","ashen_bastion","S",30303,Victory,8.040,425.00,S+
"jennifer_balanced_il15","jennifer","balanced","brass_executioner","S+",40101,Victory,8.900,311.60,S+
"jennifer_balanced_il15","jennifer","balanced","brass_executioner","S+",40102,Victory,8.040,387.45,S+
"jennifer_balanced_il15","jennifer","balanced","brass_executioner","S+",40103,Victory,7.780,418.84,S+
"jennifer_balanced_il15","jennifer","balanced","thousand_handed_guardian","S+",40201,Victory,8.340,425.00,S+
"jennifer_balanced_il15","jennifer","balanced","thousand_handed_guardian","S+",40202,Victory,8.040,425.00,S+
"jennifer_balanced_il15","jennifer","balanced","thousand_handed_guardian","S+",40203,Victory,8.900,425.00,S+
"jennifer_balanced_il15","jennifer","balanced","ashen_bastion","S+",40301,Victory,13.353,425.00,S+
"jennifer_balanced_il15","jennifer","balanced","ashen_bastion","S+",40302,Victory,12.020,425.00,S+
"jennifer_balanced_il15","jennifer","balanced","ashen_bastion","S+",40303,Victory,12.060,425.00,S+
"violet_evasion_il1","violet","evasion-riposte","brass_executioner","B",10101,Defeat,9.260,0.00,B
"violet_evasion_il1","violet","evasion-riposte","brass_executioner","B",10102,Victory,11.280,34.25,B
"violet_evasion_il1","violet","evasion-riposte","brass_executioner","B",10103,Victory,11.360,119.55,B
"violet_evasion_il1","violet","evasion-riposte","thousand_handed_guardian","B",10201,Victory,10.380,194.80,B
"violet_evasion_il1","violet","evasion-riposte","thousand_handed_guardian","B",10202,Victory,10.740,194.80,B
"violet_evasion_il1","violet","evasion-riposte","thousand_handed_guardian","B",10203,Victory,10.740,167.46,B
"violet_evasion_il1","violet","evasion-riposte","ashen_bastion","B",10301,Victory,27.260,91.26,B
"violet_evasion_il1","violet","evasion-riposte","ashen_bastion","B",10302,Victory,23.420,110.25,B
"violet_evasion_il1","violet","evasion-riposte","ashen_bastion","B",10303,Victory,26.940,122.56,B
"violet_evasion_il1","violet","evasion-riposte","brass_executioner","A",20101,Victory,13.940,34.55,B
"violet_evasion_il1","violet","evasion-riposte","brass_executioner","A",20102,Defeat,6.000,0.00,B
"violet_evasion_il1","violet","evasion-riposte","brass_executioner","A",20103,Defeat,11.120,0.00,B
"violet_evasion_il1","violet","evasion-riposte","thousand_handed_guardian","A",20201,Victory,13.420,70.70,B
"violet_evasion_il1","violet","evasion-riposte","thousand_handed_guardian","A",20202,Defeat,13.340,0.00,B
"violet_evasion_il1","violet","evasion-riposte","thousand_handed_guardian","A",20203,Victory,13.800,25.23,B
"violet_evasion_il1","violet","evasion-riposte","ashen_bastion","A",20301,Defeat,21.440,0.00,B
"violet_evasion_il1","violet","evasion-riposte","ashen_bastion","A",20302,Defeat,36.600,0.00,B
"violet_evasion_il1","violet","evasion-riposte","ashen_bastion","A",20303,Defeat,20.020,0.00,B
"violet_evasion_il1","violet","evasion-riposte","brass_executioner","S",30101,Defeat,11.120,0.00,B
"violet_evasion_il1","violet","evasion-riposte","brass_executioner","S",30102,Defeat,9.260,0.00,B
"violet_evasion_il1","violet","evasion-riposte","brass_executioner","S",30103,Defeat,11.120,0.00,B
"violet_evasion_il1","violet","evasion-riposte","thousand_handed_guardian","S",30201,Defeat,12.500,0.00,B
"violet_evasion_il1","violet","evasion-riposte","thousand_handed_guardian","S",30202,Defeat,11.680,0.00,B
"violet_evasion_il1","violet","evasion-riposte","thousand_handed_guardian","S",30203,Defeat,8.060,0.00,B
"violet_evasion_il1","violet","evasion-riposte","ashen_bastion","S",30301,Defeat,10.020,0.00,B
"violet_evasion_il1","violet","evasion-riposte","ashen_bastion","S",30302,Defeat,17.327,0.00,B
"violet_evasion_il1","violet","evasion-riposte","ashen_bastion","S",30303,Defeat,18.067,0.00,B
"violet_evasion_il1","violet","evasion-riposte","brass_executioner","S+",40101,Defeat,4.000,0.00,B
"violet_evasion_il1","violet","evasion-riposte","brass_executioner","S+",40102,Defeat,8.000,0.00,B
"violet_evasion_il1","violet","evasion-riposte","brass_executioner","S+",40103,Defeat,7.420,0.00,B
"violet_evasion_il1","violet","evasion-riposte","thousand_handed_guardian","S+",40201,Defeat,5.280,0.00,B
"violet_evasion_il1","violet","evasion-riposte","thousand_handed_guardian","S+",40202,Defeat,5.560,0.00,B
"violet_evasion_il1","violet","evasion-riposte","thousand_handed_guardian","S+",40203,Defeat,5.000,0.00,B
"violet_evasion_il1","violet","evasion-riposte","ashen_bastion","S+",40301,Defeat,10.020,0.00,B
"violet_evasion_il1","violet","evasion-riposte","ashen_bastion","S+",40302,Defeat,15.400,0.00,B
"violet_evasion_il1","violet","evasion-riposte","ashen_bastion","S+",40303,Defeat,16.140,0.00,B
"violet_evasion_il4","violet","evasion-riposte","brass_executioner","B",10101,Victory,6.100,204.85,S
"violet_evasion_il4","violet","evasion-riposte","brass_executioner","B",10102,Victory,5.640,225.00,S
"violet_evasion_il4","violet","evasion-riposte","brass_executioner","B",10103,Victory,6.340,204.85,S
"violet_evasion_il4","violet","evasion-riposte","thousand_handed_guardian","B",10201,Victory,5.220,225.00,S
"violet_evasion_il4","violet","evasion-riposte","thousand_handed_guardian","B",10202,Victory,5.200,225.00,S
"violet_evasion_il4","violet","evasion-riposte","thousand_handed_guardian","B",10203,Victory,5.200,225.00,S
"violet_evasion_il4","violet","evasion-riposte","ashen_bastion","B",10301,Victory,9.040,225.00,S
"violet_evasion_il4","violet","evasion-riposte","ashen_bastion","B",10302,Victory,9.380,225.00,S
"violet_evasion_il4","violet","evasion-riposte","ashen_bastion","B",10303,Victory,9.380,225.00,S
"violet_evasion_il4","violet","evasion-riposte","brass_executioner","A",20101,Victory,7.720,184.60,S
"violet_evasion_il4","violet","evasion-riposte","brass_executioner","A",20102,Victory,8.180,39.40,S
"violet_evasion_il4","violet","evasion-riposte","brass_executioner","A",20103,Victory,7.920,91.80,S
"violet_evasion_il4","violet","evasion-riposte","thousand_handed_guardian","A",20201,Victory,6.920,225.00,S
"violet_evasion_il4","violet","evasion-riposte","thousand_handed_guardian","A",20202,Victory,6.600,225.00,S
"violet_evasion_il4","violet","evasion-riposte","thousand_handed_guardian","A",20203,Victory,6.240,225.00,S
"violet_evasion_il4","violet","evasion-riposte","ashen_bastion","A",20301,Victory,12.500,223.20,S
"violet_evasion_il4","violet","evasion-riposte","ashen_bastion","A",20302,Victory,12.500,223.20,S
"violet_evasion_il4","violet","evasion-riposte","ashen_bastion","A",20303,Victory,11.600,220.80,S
"violet_evasion_il4","violet","evasion-riposte","brass_executioner","S",30101,Victory,9.460,225.00,S
"violet_evasion_il4","violet","evasion-riposte","brass_executioner","S",30102,Victory,9.480,43.20,S
"violet_evasion_il4","violet","evasion-riposte","brass_executioner","S",30103,Victory,9.460,168.40,S
"violet_evasion_il4","violet","evasion-riposte","thousand_handed_guardian","S",30201,Victory,7.620,225.00,S
"violet_evasion_il4","violet","evasion-riposte","thousand_handed_guardian","S",30202,Victory,6.920,225.00,S
"violet_evasion_il4","violet","evasion-riposte","thousand_handed_guardian","S",30203,Victory,7.280,210.98,S
"violet_evasion_il4","violet","evasion-riposte","ashen_bastion","S",30301,Victory,15.440,119.40,S
"violet_evasion_il4","violet","evasion-riposte","ashen_bastion","S",30302,Victory,15.300,188.20,S
"violet_evasion_il4","violet","evasion-riposte","ashen_bastion","S",30303,Victory,15.360,139.60,S
"violet_evasion_il4","violet","evasion-riposte","brass_executioner","S+",40101,Defeat,7.420,0.00,S
"violet_evasion_il4","violet","evasion-riposte","brass_executioner","S+",40102,Defeat,8.000,0.00,S
"violet_evasion_il4","violet","evasion-riposte","brass_executioner","S+",40103,Defeat,8.000,0.00,S
"violet_evasion_il4","violet","evasion-riposte","thousand_handed_guardian","S+",40201,Victory,10.060,141.75,S
"violet_evasion_il4","violet","evasion-riposte","thousand_handed_guardian","S+",40202,Victory,9.340,121.60,S
"violet_evasion_il4","violet","evasion-riposte","thousand_handed_guardian","S+",40203,Victory,9.740,159.00,S
"violet_evasion_il4","violet","evasion-riposte","ashen_bastion","S+",40301,Defeat,16.860,0.00,S
"violet_evasion_il4","violet","evasion-riposte","ashen_bastion","S+",40302,Defeat,16.140,0.00,S
"violet_evasion_il4","violet","evasion-riposte","ashen_bastion","S+",40303,Defeat,16.140,0.00,S
"violet_evasion_il8","violet","evasion-riposte","brass_executioner","B",10101,Victory,4.000,220.85,S+
"violet_evasion_il8","violet","evasion-riposte","brass_executioner","B",10102,Victory,3.880,225.00,S+
"violet_evasion_il8","violet","evasion-riposte","brass_executioner","B",10103,Victory,3.580,225.00,S+
"violet_evasion_il8","violet","evasion-riposte","thousand_handed_guardian","B",10201,Victory,2.560,225.00,S+
"violet_evasion_il8","violet","evasion-riposte","thousand_handed_guardian","B",10202,Victory,2.540,225.00,S+
"violet_evasion_il8","violet","evasion-riposte","thousand_handed_guardian","B",10203,Victory,3.160,225.00,S+
"violet_evasion_il8","violet","evasion-riposte","ashen_bastion","B",10301,Victory,5.100,225.00,S+
"violet_evasion_il8","violet","evasion-riposte","ashen_bastion","B",10302,Victory,5.100,225.00,S+
"violet_evasion_il8","violet","evasion-riposte","ashen_bastion","B",10303,Victory,5.100,225.00,S+
"violet_evasion_il8","violet","evasion-riposte","brass_executioner","A",20101,Victory,5.140,225.00,S+
"violet_evasion_il8","violet","evasion-riposte","brass_executioner","A",20102,Victory,5.260,200.60,S+
"violet_evasion_il8","violet","evasion-riposte","brass_executioner","A",20103,Victory,5.260,200.60,S+
"violet_evasion_il8","violet","evasion-riposte","thousand_handed_guardian","A",20201,Victory,3.800,225.00,S+
"violet_evasion_il8","violet","evasion-riposte","thousand_handed_guardian","A",20202,Victory,3.180,225.00,S+
"violet_evasion_il8","violet","evasion-riposte","thousand_handed_guardian","A",20203,Victory,3.480,225.00,S+
"violet_evasion_il8","violet","evasion-riposte","ashen_bastion","A",20301,Victory,6.360,225.00,S+
"violet_evasion_il8","violet","evasion-riposte","ashen_bastion","A",20302,Victory,6.660,225.00,S+
"violet_evasion_il8","violet","evasion-riposte","ashen_bastion","A",20303,Victory,6.780,225.00,S+
"violet_evasion_il8","violet","evasion-riposte","brass_executioner","S",30101,Victory,5.460,91.20,S+
"violet_evasion_il8","violet","evasion-riposte","brass_executioner","S",30102,Victory,5.460,184.40,S+
"violet_evasion_il8","violet","evasion-riposte","brass_executioner","S",30103,Victory,5.460,225.00,S+
"violet_evasion_il8","violet","evasion-riposte","thousand_handed_guardian","S",30201,Victory,3.800,225.00,S+
"violet_evasion_il8","violet","evasion-riposte","thousand_handed_guardian","S",30202,Victory,4.100,225.00,S+
"violet_evasion_il8","violet","evasion-riposte","thousand_handed_guardian","S",30203,Victory,4.420,225.00,S+
"violet_evasion_il8","violet","evasion-riposte","ashen_bastion","S",30301,Victory,7.700,225.00,S+
"violet_evasion_il8","violet","evasion-riposte","ashen_bastion","S",30302,Victory,7.980,225.00,S+
"violet_evasion_il8","violet","evasion-riposte","ashen_bastion","S",30303,Victory,7.980,225.00,S+
"violet_evasion_il8","violet","evasion-riposte","brass_executioner","S+",40101,Victory,7.400,156.05,S+
"violet_evasion_il8","violet","evasion-riposte","brass_executioner","S+",40102,Victory,7.680,156.05,S+
"violet_evasion_il8","violet","evasion-riposte","brass_executioner","S+",40103,Victory,7.060,81.10,S+
"violet_evasion_il8","violet","evasion-riposte","thousand_handed_guardian","S+",40201,Victory,5.080,225.00,S+
"violet_evasion_il8","violet","evasion-riposte","thousand_handed_guardian","S+",40202,Victory,5.060,225.00,S+
"violet_evasion_il8","violet","evasion-riposte","thousand_handed_guardian","S+",40203,Victory,5.400,225.00,S+
"violet_evasion_il8","violet","evasion-riposte","ashen_bastion","S+",40301,Victory,10.200,191.60,S+
"violet_evasion_il8","violet","evasion-riposte","ashen_bastion","S+",40302,Victory,10.160,191.60,S+
"violet_evasion_il8","violet","evasion-riposte","ashen_bastion","S+",40303,Victory,9.820,214.30,S+
"violet_evasion_il12","violet","evasion-riposte","brass_executioner","B",10101,Victory,2.140,225.00,S+
"violet_evasion_il12","violet","evasion-riposte","brass_executioner","B",10102,Victory,2.780,225.00,S+
"violet_evasion_il12","violet","evasion-riposte","brass_executioner","B",10103,Victory,2.460,225.00,S+
"violet_evasion_il12","violet","evasion-riposte","thousand_handed_guardian","B",10201,Victory,1.480,225.00,S+
"violet_evasion_il12","violet","evasion-riposte","thousand_handed_guardian","B",10202,Victory,1.460,225.00,S+
"violet_evasion_il12","violet","evasion-riposte","thousand_handed_guardian","B",10203,Victory,1.740,225.00,S+
"violet_evasion_il12","violet","evasion-riposte","ashen_bastion","B",10301,Victory,3.240,225.00,S+
"violet_evasion_il12","violet","evasion-riposte","ashen_bastion","B",10302,Victory,3.520,225.00,S+
"violet_evasion_il12","violet","evasion-riposte","ashen_bastion","B",10303,Victory,3.240,225.00,S+
"violet_evasion_il12","violet","evasion-riposte","brass_executioner","A",20101,Victory,3.080,216.60,S+
"violet_evasion_il12","violet","evasion-riposte","brass_executioner","A",20102,Victory,3.380,216.60,S+
"violet_evasion_il12","violet","evasion-riposte","brass_executioner","A",20103,Victory,3.700,216.60,S+
"violet_evasion_il12","violet","evasion-riposte","thousand_handed_guardian","A",20201,Victory,2.320,225.00,S+
"violet_evasion_il12","violet","evasion-riposte","thousand_handed_guardian","A",20202,Victory,2.060,225.00,S+
"violet_evasion_il12","violet","evasion-riposte","thousand_handed_guardian","A",20203,Victory,2.040,225.00,S+
"violet_evasion_il12","violet","evasion-riposte","ashen_bastion","A",20301,Victory,3.820,225.00,S+
"violet_evasion_il12","violet","evasion-riposte","ashen_bastion","A",20302,Victory,4.100,225.00,S+
"violet_evasion_il12","violet","evasion-riposte","ashen_bastion","A",20303,Victory,3.920,225.00,S+
"violet_evasion_il12","violet","evasion-riposte","brass_executioner","S",30101,Victory,4.280,200.40,S+
"violet_evasion_il12","violet","evasion-riposte","brass_executioner","S",30102,Victory,4.000,171.80,S+
"violet_evasion_il12","violet","evasion-riposte","brass_executioner","S",30103,Victory,4.300,171.80,S+
"violet_evasion_il12","violet","evasion-riposte","thousand_handed_guardian","S",30201,Victory,2.320,225.00,S+
"violet_evasion_il12","violet","evasion-riposte","thousand_handed_guardian","S",30202,Victory,2.320,225.00,S+
"violet_evasion_il12","violet","evasion-riposte","thousand_handed_guardian","S",30203,Victory,2.620,225.00,S+
"violet_evasion_il12","violet","evasion-riposte","ashen_bastion","S",30301,Victory,5.080,225.00,S+
"violet_evasion_il12","violet","evasion-riposte","ashen_bastion","S",30302,Victory,5.020,225.00,S+
"violet_evasion_il12","violet","evasion-riposte","ashen_bastion","S",30303,Victory,4.740,225.00,S+
"violet_evasion_il12","violet","evasion-riposte","brass_executioner","S+",40101,Victory,4.860,113.10,S+
"violet_evasion_il12","violet","evasion-riposte","brass_executioner","S+",40102,Victory,5.440,113.10,S+
"violet_evasion_il12","violet","evasion-riposte","brass_executioner","S+",40103,Victory,5.040,172.05,S+
"violet_evasion_il12","violet","evasion-riposte","thousand_handed_guardian","S+",40201,Victory,2.920,225.00,S+
"violet_evasion_il12","violet","evasion-riposte","thousand_handed_guardian","S+",40202,Victory,2.900,225.00,S+
"violet_evasion_il12","violet","evasion-riposte","thousand_handed_guardian","S+",40203,Victory,3.240,225.00,S+
"violet_evasion_il12","violet","evasion-riposte","ashen_bastion","S+",40301,Victory,5.600,225.00,S+
"violet_evasion_il12","violet","evasion-riposte","ashen_bastion","S+",40302,Victory,5.540,225.00,S+
"violet_evasion_il12","violet","evasion-riposte","ashen_bastion","S+",40303,Victory,6.120,225.00,S+
"violet_evasion_il15","violet","evasion-riposte","brass_executioner","B",10101,Victory,1.720,225.00,S+
"violet_evasion_il15","violet","evasion-riposte","brass_executioner","B",10102,Victory,1.720,225.00,S+
"violet_evasion_il15","violet","evasion-riposte","brass_executioner","B",10103,Victory,1.720,225.00,S+
"violet_evasion_il15","violet","evasion-riposte","thousand_handed_guardian","B",10201,Victory,1.360,225.00,S+
"violet_evasion_il15","violet","evasion-riposte","thousand_handed_guardian","B",10202,Victory,1.360,225.00,S+
"violet_evasion_il15","violet","evasion-riposte","thousand_handed_guardian","B",10203,Victory,1.360,225.00,S+
"violet_evasion_il15","violet","evasion-riposte","ashen_bastion","B",10301,Victory,2.460,225.00,S+
"violet_evasion_il15","violet","evasion-riposte","ashen_bastion","B",10302,Victory,1.920,225.00,S+
"violet_evasion_il15","violet","evasion-riposte","ashen_bastion","B",10303,Victory,2.460,225.00,S+
"violet_evasion_il15","violet","evasion-riposte","brass_executioner","A",20101,Victory,2.280,225.00,S+
"violet_evasion_il15","violet","evasion-riposte","brass_executioner","A",20102,Victory,2.280,225.00,S+
"violet_evasion_il15","violet","evasion-riposte","brass_executioner","A",20103,Victory,2.560,225.00,S+
"violet_evasion_il15","violet","evasion-riposte","thousand_handed_guardian","A",20201,Victory,1.360,225.00,S+
"violet_evasion_il15","violet","evasion-riposte","thousand_handed_guardian","A",20202,Victory,1.640,225.00,S+
"violet_evasion_il15","violet","evasion-riposte","thousand_handed_guardian","A",20203,Victory,1.360,225.00,S+
"violet_evasion_il15","violet","evasion-riposte","ashen_bastion","A",20301,Victory,3.260,225.00,S+
"violet_evasion_il15","violet","evasion-riposte","ashen_bastion","A",20302,Victory,3.000,225.00,S+
"violet_evasion_il15","violet","evasion-riposte","ashen_bastion","A",20303,Victory,2.820,225.00,S+
"violet_evasion_il15","violet","evasion-riposte","brass_executioner","S",30101,Victory,2.860,212.40,S+
"violet_evasion_il15","violet","evasion-riposte","brass_executioner","S",30102,Victory,2.860,212.40,S+
"violet_evasion_il15","violet","evasion-riposte","brass_executioner","S",30103,Victory,3.140,212.40,S+
"violet_evasion_il15","violet","evasion-riposte","thousand_handed_guardian","S",30201,Victory,1.880,225.00,S+
"violet_evasion_il15","violet","evasion-riposte","thousand_handed_guardian","S",30202,Victory,1.620,225.00,S+
"violet_evasion_il15","violet","evasion-riposte","thousand_handed_guardian","S",30203,Victory,1.360,225.00,S+
"violet_evasion_il15","violet","evasion-riposte","ashen_bastion","S",30301,Victory,3.360,225.00,S+
"violet_evasion_il15","violet","evasion-riposte","ashen_bastion","S",30302,Victory,3.580,225.00,S+
"violet_evasion_il15","violet","evasion-riposte","ashen_bastion","S",30303,Victory,3.580,225.00,S+
"violet_evasion_il15","violet","evasion-riposte","brass_executioner","S+",40101,Victory,3.420,184.05,S+
"violet_evasion_il15","violet","evasion-riposte","brass_executioner","S+",40102,Victory,3.980,184.05,S+
"violet_evasion_il15","violet","evasion-riposte","brass_executioner","S+",40103,Victory,3.060,225.00,S+
"violet_evasion_il15","violet","evasion-riposte","thousand_handed_guardian","S+",40201,Victory,2.180,225.00,S+
"violet_evasion_il15","violet","evasion-riposte","thousand_handed_guardian","S+",40202,Victory,2.160,225.00,S+
"violet_evasion_il15","violet","evasion-riposte","thousand_handed_guardian","S+",40203,Victory,2.460,225.00,S+
"violet_evasion_il15","violet","evasion-riposte","ashen_bastion","S+",40301,Victory,4.380,225.00,S+
"violet_evasion_il15","violet","evasion-riposte","ashen_bastion","S+",40302,Victory,3.800,225.00,S+
"violet_evasion_il15","violet","evasion-riposte","ashen_bastion","S+",40303,Victory,4.860,225.00,S+
"violet_poison_il1","violet","poison-execution","brass_executioner","B",10101,Defeat,9.260,0.00,B
"violet_poison_il1","violet","poison-execution","brass_executioner","B",10102,Defeat,7.500,0.00,B
"violet_poison_il1","violet","poison-execution","brass_executioner","B",10103,Defeat,7.500,0.00,B
"violet_poison_il1","violet","poison-execution","thousand_handed_guardian","B",10201,Victory,9.760,51.47,B
"violet_poison_il1","violet","poison-execution","thousand_handed_guardian","B",10202,Defeat,9.460,0.00,B
"violet_poison_il1","violet","poison-execution","thousand_handed_guardian","B",10203,Victory,8.940,177.53,B
"violet_poison_il1","violet","poison-execution","ashen_bastion","B",10301,Victory,17.860,74.95,B
"violet_poison_il1","violet","poison-execution","ashen_bastion","B",10302,Victory,17.060,124.90,B
"violet_poison_il1","violet","poison-execution","ashen_bastion","B",10303,Victory,17.860,74.95,B
"violet_poison_il1","violet","poison-execution","brass_executioner","A",20101,Defeat,6.000,0.00,B
"violet_poison_il1","violet","poison-execution","brass_executioner","A",20102,Defeat,6.000,0.00,B
"violet_poison_il1","violet","poison-execution","brass_executioner","A",20103,Defeat,6.000,0.00,B
"violet_poison_il1","violet","poison-execution","thousand_handed_guardian","A",20201,Defeat,8.620,0.00,B
"violet_poison_il1","violet","poison-execution","thousand_handed_guardian","A",20202,Defeat,10.560,0.00,B
"violet_poison_il1","violet","poison-execution","thousand_handed_guardian","A",20203,Defeat,8.060,0.00,B
"violet_poison_il1","violet","poison-execution","ashen_bastion","A",20301,Defeat,20.700,0.00,B
"violet_poison_il1","violet","poison-execution","ashen_bastion","A",20302,Defeat,12.520,0.00,B
"violet_poison_il1","violet","poison-execution","ashen_bastion","A",20303,Defeat,15.020,0.00,B
"violet_poison_il1","violet","poison-execution","brass_executioner","S",30101,Defeat,7.420,0.00,B
"violet_poison_il1","violet","poison-execution","brass_executioner","S",30102,Defeat,5.000,0.00,B
"violet_poison_il1","violet","poison-execution","brass_executioner","S",30103,Defeat,9.260,0.00,B
"violet_poison_il1","violet","poison-execution","thousand_handed_guardian","S",30201,Defeat,7.780,0.00,B
"violet_poison_il1","violet","poison-execution","thousand_handed_guardian","S",30202,Defeat,7.500,0.00,B
"violet_poison_il1","violet","poison-execution","thousand_handed_guardian","S",30203,Defeat,6.680,0.00,B
"violet_poison_il1","violet","poison-execution","ashen_bastion","S",30301,Defeat,10.840,0.00,B
"violet_poison_il1","violet","poison-execution","ashen_bastion","S",30302,Defeat,11.680,0.00,B
"violet_poison_il1","violet","poison-execution","ashen_bastion","S",30303,Defeat,10.020,0.00,B
"violet_poison_il1","violet","poison-execution","brass_executioner","S+",40101,Defeat,4.000,0.00,B
"violet_poison_il1","violet","poison-execution","brass_executioner","S+",40102,Defeat,4.000,0.00,B
"violet_poison_il1","violet","poison-execution","brass_executioner","S+",40103,Defeat,4.000,0.00,B
"violet_poison_il1","violet","poison-execution","thousand_handed_guardian","S+",40201,Defeat,3.900,0.00,B
"violet_poison_il1","violet","poison-execution","thousand_handed_guardian","S+",40202,Defeat,4.180,0.00,B
"violet_poison_il1","violet","poison-execution","thousand_handed_guardian","S+",40203,Defeat,3.900,0.00,B
"violet_poison_il1","violet","poison-execution","ashen_bastion","S+",40301,Defeat,5.840,0.00,B
"violet_poison_il1","violet","poison-execution","ashen_bastion","S+",40302,Defeat,12.520,0.00,B
"violet_poison_il1","violet","poison-execution","ashen_bastion","S+",40303,Defeat,10.020,0.00,B
"violet_poison_il4","violet","poison-execution","brass_executioner","B",10101,Victory,5.140,204.85,S
"violet_poison_il4","violet","poison-execution","brass_executioner","B",10102,Victory,5.140,225.00,S
"violet_poison_il4","violet","poison-execution","brass_executioner","B",10103,Victory,5.500,204.85,S
"violet_poison_il4","violet","poison-execution","thousand_handed_guardian","B",10201,Victory,4.780,225.00,S
"violet_poison_il4","violet","poison-execution","thousand_handed_guardian","B",10202,Victory,5.140,225.00,S
"violet_poison_il4","violet","poison-execution","thousand_handed_guardian","B",10203,Victory,4.780,225.00,S
"violet_poison_il4","violet","poison-execution","ashen_bastion","B",10301,Victory,7.340,225.00,S
"violet_poison_il4","violet","poison-execution","ashen_bastion","B",10302,Victory,7.700,225.00,S
"violet_poison_il4","violet","poison-execution","ashen_bastion","B",10303,Victory,8.080,225.00,S
"violet_poison_il4","violet","poison-execution","brass_executioner","A",20101,Victory,6.980,140.20,S
"violet_poison_il4","violet","poison-execution","brass_executioner","A",20102,Defeat,6.000,0.00,S
"violet_poison_il4","violet","poison-execution","brass_executioner","A",20103,Defeat,6.000,0.00,S
"violet_poison_il4","violet","poison-execution","thousand_handed_guardian","A",20201,Victory,6.240,223.03,S
"violet_poison_il4","violet","poison-execution","thousand_handed_guardian","A",20202,Victory,5.880,225.00,S
"violet_poison_il4","violet","poison-execution","thousand_handed_guardian","A",20203,Victory,5.500,225.00,S
"violet_poison_il4","violet","poison-execution","ashen_bastion","A",20301,Victory,11.000,185.40,S
"violet_poison_il4","violet","poison-execution","ashen_bastion","A",20302,Victory,10.280,207.60,S
"violet_poison_il4","violet","poison-execution","ashen_bastion","A",20303,Victory,10.280,207.60,S
"violet_poison_il4","violet","poison-execution","brass_executioner","S",30101,Defeat,7.420,0.00,S
"violet_poison_il4","violet","poison-execution","brass_executioner","S",30102,Defeat,5.000,0.00,S
"violet_poison_il4","violet","poison-execution","brass_executioner","S",30103,Victory,9.180,43.20,S
"violet_poison_il4","violet","poison-execution","thousand_handed_guardian","S",30201,Victory,6.600,219.91,S
"violet_poison_il4","violet","poison-execution","thousand_handed_guardian","S",30202,Victory,7.340,205.08,S
"violet_poison_il4","violet","poison-execution","thousand_handed_guardian","S",30203,Victory,7.340,181.61,S
"violet_poison_il4","violet","poison-execution","ashen_bastion","S",30301,Victory,10.640,139.60,S
"violet_poison_il4","violet","poison-execution","ashen_bastion","S",30302,Defeat,15.020,0.00,S
"violet_poison_il4","violet","poison-execution","ashen_bastion","S",30303,Victory,13.940,46.80,S
"violet_poison_il4","violet","poison-execution","brass_executioner","S+",40101,Defeat,4.000,0.00,S
"violet_poison_il4","violet","poison-execution","brass_executioner","S+",40102,Defeat,8.000,0.00,S
"violet_poison_il4","violet","poison-execution","brass_executioner","S+",40103,Defeat,4.000,0.00,S
"violet_poison_il4","violet","poison-execution","thousand_handed_guardian","S+",40201,Defeat,6.680,0.00,S
"violet_poison_il4","violet","poison-execution","thousand_handed_guardian","S+",40202,Defeat,6.680,0.00,S
"violet_poison_il4","violet","poison-execution","thousand_handed_guardian","S+",40203,Defeat,6.400,0.00,S
"violet_poison_il4","violet","poison-execution","ashen_bastion","S+",40301,Defeat,9.180,0.00,S
"violet_poison_il4","violet","poison-execution","ashen_bastion","S+",40302,Defeat,14.693,0.00,S
"violet_poison_il4","violet","poison-execution","ashen_bastion","S+",40303,Defeat,14.693,0.00,S
"violet_poison_il8","violet","poison-execution","brass_executioner","B",10101,Victory,3.360,220.85,S
"violet_poison_il8","violet","poison-execution","brass_executioner","B",10102,Victory,3.020,225.00,S
"violet_poison_il8","violet","poison-execution","brass_executioner","B",10103,Victory,3.360,225.00,S
"violet_poison_il8","violet","poison-execution","thousand_handed_guardian","B",10201,Victory,2.680,225.00,S
"violet_poison_il8","violet","poison-execution","thousand_handed_guardian","B",10202,Victory,2.340,225.00,S
"violet_poison_il8","violet","poison-execution","thousand_handed_guardian","B",10203,Victory,3.360,225.00,S
"violet_poison_il8","violet","poison-execution","ashen_bastion","B",10301,Victory,5.020,225.00,S
"violet_poison_il8","violet","poison-execution","ashen_bastion","B",10302,Victory,5.360,225.00,S
"violet_poison_il8","violet","poison-execution","ashen_bastion","B",10303,Victory,4.360,225.00,S
"violet_poison_il8","violet","poison-execution","brass_executioner","A",20101,Victory,4.360,172.20,S
"violet_poison_il8","violet","poison-execution","brass_executioner","A",20102,Victory,4.680,172.20,S
"violet_poison_il8","violet","poison-execution","brass_executioner","A",20103,Victory,4.020,200.60,S
"violet_poison_il8","violet","poison-execution","thousand_handed_guardian","A",20201,Victory,3.360,225.00,S
"violet_poison_il8","violet","poison-execution","thousand_handed_guardian","A",20202,Victory,3.360,225.00,S
"violet_poison_il8","violet","poison-execution","thousand_handed_guardian","A",20203,Victory,3.360,225.00,S
"violet_poison_il8","violet","poison-execution","ashen_bastion","A",20301,Victory,6.020,225.00,S
"violet_poison_il8","violet","poison-execution","ashen_bastion","A",20302,Victory,5.700,225.00,S
"violet_poison_il8","violet","poison-execution","ashen_bastion","A",20303,Victory,6.040,225.00,S
"violet_poison_il8","violet","poison-execution","brass_executioner","S",30101,Victory,4.680,184.40,S
"violet_poison_il8","violet","poison-execution","brass_executioner","S",30102,Victory,5.020,91.20,S
"violet_poison_il8","violet","poison-execution","brass_executioner","S",30103,Victory,5.360,91.20,S
"violet_poison_il8","violet","poison-execution","thousand_handed_guardian","S",30201,Victory,4.020,225.00,S
"violet_poison_il8","violet","poison-execution","thousand_handed_guardian","S",30202,Victory,3.680,225.00,S
"violet_poison_il8","violet","poison-execution","thousand_handed_guardian","S",30203,Victory,4.360,225.00,S
"violet_poison_il8","violet","poison-execution","ashen_bastion","S",30301,Victory,6.360,225.00,S
"violet_poison_il8","violet","poison-execution","ashen_bastion","S",30302,Victory,7.020,225.00,S
"violet_poison_il8","violet","poison-execution","ashen_bastion","S",30303,Victory,7.020,225.00,S
"violet_poison_il8","violet","poison-execution","brass_executioner","S+",40101,Defeat,5.560,0.00,S
"violet_poison_il8","violet","poison-execution","brass_executioner","S+",40102,Defeat,5.560,0.00,S
"violet_poison_il8","violet","poison-execution","brass_executioner","S+",40103,Victory,6.360,81.10,S
"violet_poison_il8","violet","poison-execution","thousand_handed_guardian","S+",40201,Victory,5.700,203.61,S
"violet_poison_il8","violet","poison-execution","thousand_handed_guardian","S+",40202,Victory,4.680,225.00,S
"violet_poison_il8","violet","poison-execution","thousand_handed_guardian","S+",40203,Victory,4.680,225.00,S
"violet_poison_il8","violet","poison-execution","ashen_bastion","S+",40301,Victory,9.700,110.20,S
"violet_poison_il8","violet","poison-execution","ashen_bastion","S+",40302,Victory,8.700,156.90,S
"violet_poison_il8","violet","poison-execution","ashen_bastion","S+",40303,Victory,8.360,191.60,S
"violet_poison_il12","violet","poison-execution","brass_executioner","B",10101,Victory,2.160,225.00,S+
"violet_poison_il12","violet","poison-execution","brass_executioner","B",10102,Victory,1.860,225.00,S+
"violet_poison_il12","violet","poison-execution","brass_executioner","B",10103,Victory,2.160,225.00,S+
"violet_poison_il12","violet","poison-execution","thousand_handed_guardian","B",10201,Victory,1.540,225.00,S+
"violet_poison_il12","violet","poison-execution","thousand_handed_guardian","B",10202,Victory,1.540,225.00,S+
"violet_poison_il12","violet","poison-execution","thousand_handed_guardian","B",10203,Victory,2.160,225.00,S+
"violet_poison_il12","violet","poison-execution","ashen_bastion","B",10301,Victory,2.780,225.00,S+
"violet_poison_il12","violet","poison-execution","ashen_bastion","B",10302,Victory,3.080,225.00,S+
"violet_poison_il12","violet","poison-execution","ashen_bastion","B",10303,Victory,3.080,225.00,S+
"violet_poison_il12","violet","poison-execution","brass_executioner","A",20101,Victory,2.780,216.60,S+
"violet_poison_il12","violet","poison-execution","brass_executioner","A",20102,Victory,2.780,216.60,S+
"violet_poison_il12","violet","poison-execution","brass_executioner","A",20103,Victory,2.780,216.60,S+
"violet_poison_il12","violet","poison-execution","thousand_handed_guardian","A",20201,Victory,2.460,225.00,S+
"violet_poison_il12","violet","poison-execution","thousand_handed_guardian","A",20202,Victory,1.860,225.00,S+
"violet_poison_il12","violet","poison-execution","thousand_handed_guardian","A",20203,Victory,2.160,225.00,S+
"violet_poison_il12","violet","poison-execution","ashen_bastion","A",20301,Victory,3.700,225.00,S+
"violet_poison_il12","violet","poison-execution","ashen_bastion","A",20302,Victory,4.300,225.00,S+
"violet_poison_il12","violet","poison-execution","ashen_bastion","A",20303,Victory,3.380,225.00,S+
"violet_poison_il12","violet","poison-execution","brass_executioner","S",30101,Victory,3.380,200.40,S+
"violet_poison_il12","violet","poison-execution","brass_executioner","S",30102,Victory,3.080,200.40,S+
"violet_poison_il12","violet","poison-execution","brass_executioner","S",30103,Victory,3.700,200.40,S+
"violet_poison_il12","violet","poison-execution","thousand_handed_guardian","S",30201,Victory,2.460,225.00,S+
"violet_poison_il12","violet","poison-execution","thousand_handed_guardian","S",30202,Victory,1.860,225.00,S+
"violet_poison_il12","violet","poison-execution","thousand_handed_guardian","S",30203,Victory,3.380,225.00,S+
"violet_poison_il12","violet","poison-execution","ashen_bastion","S",30301,Victory,4.300,225.00,S+
"violet_poison_il12","violet","poison-execution","ashen_bastion","S",30302,Victory,4.300,225.00,S+
"violet_poison_il12","violet","poison-execution","ashen_bastion","S",30303,Victory,4.920,225.00,S+
"violet_poison_il12","violet","poison-execution","brass_executioner","S+",40101,Victory,4.300,48.15,S+
"violet_poison_il12","violet","poison-execution","brass_executioner","S+",40102,Defeat,4.000,0.00,S+
"violet_poison_il12","violet","poison-execution","brass_executioner","S+",40103,Victory,4.000,172.05,S+
"violet_poison_il12","violet","poison-execution","thousand_handed_guardian","S+",40201,Victory,3.080,225.00,S+
"violet_poison_il12","violet","poison-execution","thousand_handed_guardian","S+",40202,Victory,2.780,225.00,S+
"violet_poison_il12","violet","poison-execution","thousand_handed_guardian","S+",40203,Victory,3.080,225.00,S+
"violet_poison_il12","violet","poison-execution","ashen_bastion","S+",40301,Victory,6.160,225.00,S+
"violet_poison_il12","violet","poison-execution","ashen_bastion","S+",40302,Victory,4.300,225.00,S+
"violet_poison_il12","violet","poison-execution","ashen_bastion","S+",40303,Victory,5.540,225.00,S+
"violet_poison_il15","violet","poison-execution","brass_executioner","B",10101,Victory,1.440,225.00,S+
"violet_poison_il15","violet","poison-execution","brass_executioner","B",10102,Victory,1.440,225.00,S+
"violet_poison_il15","violet","poison-execution","brass_executioner","B",10103,Victory,1.440,225.00,S+
"violet_poison_il15","violet","poison-execution","thousand_handed_guardian","B",10201,Victory,1.440,225.00,S+
"violet_poison_il15","violet","poison-execution","thousand_handed_guardian","B",10202,Victory,1.140,225.00,S+
"violet_poison_il15","violet","poison-execution","thousand_handed_guardian","B",10203,Victory,1.140,225.00,S+
"violet_poison_il15","violet","poison-execution","ashen_bastion","B",10301,Victory,2.000,225.00,S+
"violet_poison_il15","violet","poison-execution","ashen_bastion","B",10302,Victory,2.280,225.00,S+
"violet_poison_il15","violet","poison-execution","ashen_bastion","B",10303,Victory,2.280,225.00,S+
"violet_poison_il15","violet","poison-execution","brass_executioner","A",20101,Victory,2.000,225.00,S+
"violet_poison_il15","violet","poison-execution","brass_executioner","A",20102,Victory,1.720,225.00,S+
"violet_poison_il15","violet","poison-execution","brass_executioner","A",20103,Victory,2.000,225.00,S+
"violet_poison_il15","violet","poison-execution","thousand_handed_guardian","A",20201,Victory,1.440,225.00,S+
"violet_poison_il15","violet","poison-execution","thousand_handed_guardian","A",20202,Victory,1.440,225.00,S+
"violet_poison_il15","violet","poison-execution","thousand_handed_guardian","A",20203,Victory,1.440,225.00,S+
"violet_poison_il15","violet","poison-execution","ashen_bastion","A",20301,Victory,2.560,225.00,S+
"violet_poison_il15","violet","poison-execution","ashen_bastion","A",20302,Victory,2.860,225.00,S+
"violet_poison_il15","violet","poison-execution","ashen_bastion","A",20303,Victory,2.560,225.00,S+
"violet_poison_il15","violet","poison-execution","brass_executioner","S",30101,Victory,2.560,212.40,S+
"violet_poison_il15","violet","poison-execution","brass_executioner","S",30102,Victory,2.280,212.40,S+
"violet_poison_il15","violet","poison-execution","brass_executioner","S",30103,Victory,2.560,212.40,S+
"violet_poison_il15","violet","poison-execution","thousand_handed_guardian","S",30201,Victory,1.440,225.00,S+
"violet_poison_il15","violet","poison-execution","thousand_handed_guardian","S",30202,Victory,1.140,225.00,S+
"violet_poison_il15","violet","poison-execution","thousand_handed_guardian","S",30203,Victory,2.560,225.00,S+
"violet_poison_il15","violet","poison-execution","ashen_bastion","S",30301,Victory,3.420,225.00,S+
"violet_poison_il15","violet","poison-execution","ashen_bastion","S",30302,Victory,3.140,225.00,S+
"violet_poison_il15","violet","poison-execution","ashen_bastion","S",30303,Victory,3.140,225.00,S+
"violet_poison_il15","violet","poison-execution","brass_executioner","S+",40101,Victory,3.140,184.05,S+
"violet_poison_il15","violet","poison-execution","brass_executioner","S+",40102,Victory,3.140,184.05,S+
"violet_poison_il15","violet","poison-execution","brass_executioner","S+",40103,Victory,2.280,225.00,S+
"violet_poison_il15","violet","poison-execution","thousand_handed_guardian","S+",40201,Victory,2.000,225.00,S+
"violet_poison_il15","violet","poison-execution","thousand_handed_guardian","S+",40202,Victory,1.720,225.00,S+
"violet_poison_il15","violet","poison-execution","thousand_handed_guardian","S+",40203,Victory,2.280,225.00,S+
"violet_poison_il15","violet","poison-execution","ashen_bastion","S+",40301,Victory,4.280,225.00,S+
"violet_poison_il15","violet","poison-execution","ashen_bastion","S+",40302,Victory,2.860,225.00,S+
"violet_poison_il15","violet","poison-execution","ashen_bastion","S+",40303,Victory,4.280,225.00,S+
"violet_smoke_crit_il1","violet","smoke-crit","brass_executioner","B",10101,Defeat,7.500,0.00,B
"violet_smoke_crit_il1","violet","smoke-crit","brass_executioner","B",10102,Defeat,7.500,0.00,B
"violet_smoke_crit_il1","violet","smoke-crit","brass_executioner","B",10103,Defeat,7.500,0.00,B
"violet_smoke_crit_il1","violet","smoke-crit","thousand_handed_guardian","B",10201,Defeat,6.400,0.00,B
"violet_smoke_crit_il1","violet","smoke-crit","thousand_handed_guardian","B",10202,Defeat,8.340,0.00,B
"violet_smoke_crit_il1","violet","smoke-crit","thousand_handed_guardian","B",10203,Defeat,7.500,0.00,B
"violet_smoke_crit_il1","violet","smoke-crit","ashen_bastion","B",10301,Defeat,14.180,0.00,B
"violet_smoke_crit_il1","violet","smoke-crit","ashen_bastion","B",10302,Victory,15.740,5.90,B
"violet_smoke_crit_il1","violet","smoke-crit","ashen_bastion","B",10303,Victory,15.400,10.69,B
"violet_smoke_crit_il1","violet","smoke-crit","brass_executioner","A",20101,Defeat,6.000,0.00,B
"violet_smoke_crit_il1","violet","smoke-crit","brass_executioner","A",20102,Defeat,6.000,0.00,B
"violet_smoke_crit_il1","violet","smoke-crit","brass_executioner","A",20103,Defeat,6.000,0.00,B
"violet_smoke_crit_il1","violet","smoke-crit","thousand_handed_guardian","A",20201,Defeat,5.840,0.00,B
"violet_smoke_crit_il1","violet","smoke-crit","thousand_handed_guardian","A",20202,Defeat,5.840,0.00,B
"violet_smoke_crit_il1","violet","smoke-crit","thousand_handed_guardian","A",20203,Defeat,5.000,0.00,B
"violet_smoke_crit_il1","violet","smoke-crit","ashen_bastion","A",20301,Defeat,8.340,0.00,B
"violet_smoke_crit_il1","violet","smoke-crit","ashen_bastion","A",20302,Defeat,10.840,0.00,B
"violet_smoke_crit_il1","violet","smoke-crit","ashen_bastion","A",20303,Defeat,9.180,0.00,B
"violet_smoke_crit_il1","violet","smoke-crit","brass_executioner","S",30101,Defeat,5.000,0.00,B
"violet_smoke_crit_il1","violet","smoke-crit","brass_executioner","S",30102,Defeat,5.000,0.00,B
"violet_smoke_crit_il1","violet","smoke-crit","brass_executioner","S",30103,Defeat,5.000,0.00,B
"violet_smoke_crit_il1","violet","smoke-crit","thousand_handed_guardian","S",30201,Defeat,3.340,0.00,B
"violet_smoke_crit_il1","violet","smoke-crit","thousand_handed_guardian","S",30202,Defeat,4.180,0.00,B
"violet_smoke_crit_il1","violet","smoke-crit","thousand_handed_guardian","S",30203,Defeat,3.900,0.00,B
"violet_smoke_crit_il1","violet","smoke-crit","ashen_bastion","S",30301,Defeat,9.180,0.00,B
"violet_smoke_crit_il1","violet","smoke-crit","ashen_bastion","S",30302,Defeat,9.180,0.00,B
"violet_smoke_crit_il1","violet","smoke-crit","ashen_bastion","S",30303,Defeat,6.680,0.00,B
"violet_smoke_crit_il1","violet","smoke-crit","brass_executioner","S+",40101,Defeat,4.000,0.00,B
"violet_smoke_crit_il1","violet","smoke-crit","brass_executioner","S+",40102,Defeat,4.000,0.00,B
"violet_smoke_crit_il1","violet","smoke-crit","brass_executioner","S+",40103,Defeat,4.000,0.00,B
"violet_smoke_crit_il1","violet","smoke-crit","thousand_handed_guardian","S+",40201,Defeat,3.340,0.00,B
"violet_smoke_crit_il1","violet","smoke-crit","thousand_handed_guardian","S+",40202,Defeat,3.060,0.00,B
"violet_smoke_crit_il1","violet","smoke-crit","thousand_handed_guardian","S+",40203,Defeat,3.060,0.00,B
"violet_smoke_crit_il1","violet","smoke-crit","ashen_bastion","S+",40301,Defeat,5.020,0.00,B
"violet_smoke_crit_il1","violet","smoke-crit","ashen_bastion","S+",40302,Defeat,5.840,0.00,B
"violet_smoke_crit_il1","violet","smoke-crit","ashen_bastion","S+",40303,Defeat,5.020,0.00,B
"violet_smoke_crit_il4","violet","smoke-crit","brass_executioner","B",10101,Victory,4.640,214.25,A
"violet_smoke_crit_il4","violet","smoke-crit","brass_executioner","B",10102,Victory,4.640,197.51,A
"violet_smoke_crit_il4","violet","smoke-crit","brass_executioner","B",10103,Victory,4.640,174.89,A
"violet_smoke_crit_il4","violet","smoke-crit","thousand_handed_guardian","B",10201,Victory,4.940,195.66,A
"violet_smoke_crit_il4","violet","smoke-crit","thousand_handed_guardian","B",10202,Victory,5.060,213.12,A
"violet_smoke_crit_il4","violet","smoke-crit","thousand_handed_guardian","B",10203,Victory,5.480,220.88,A
"violet_smoke_crit_il4","violet","smoke-crit","ashen_bastion","B",10301,Victory,7.580,225.00,A
"violet_smoke_crit_il4","violet","smoke-crit","ashen_bastion","B",10302,Victory,7.160,214.50,A
"violet_smoke_crit_il4","violet","smoke-crit","ashen_bastion","B",10303,Victory,7.580,220.25,A
"violet_smoke_crit_il4","violet","smoke-crit","brass_executioner","A",20101,Victory,6.740,10.15,A
"violet_smoke_crit_il4","violet","smoke-crit","brass_executioner","A",20102,Defeat,6.000,0.00,A
"violet_smoke_crit_il4","violet","smoke-crit","brass_executioner","A",20103,Defeat,6.000,0.00,A
"violet_smoke_crit_il4","violet","smoke-crit","thousand_handed_guardian","A",20201,Victory,5.560,193.75,A
"violet_smoke_crit_il4","violet","smoke-crit","thousand_handed_guardian","A",20202,Victory,6.320,133.91,A
"violet_smoke_crit_il4","violet","smoke-crit","thousand_handed_guardian","A",20203,Victory,6.740,91.78,A
"violet_smoke_crit_il4","violet","smoke-crit","ashen_bastion","A",20301,Victory,10.120,95.91,A
"violet_smoke_crit_il4","violet","smoke-crit","ashen_bastion","A",20302,Victory,9.880,177.12,A
"violet_smoke_crit_il4","violet","smoke-crit","ashen_bastion","A",20303,Victory,9.700,165.44,A
"violet_smoke_crit_il4","violet","smoke-crit","brass_executioner","S",30101,Defeat,5.000,0.00,A
"violet_smoke_crit_il4","violet","smoke-crit","brass_executioner","S",30102,Defeat,5.000,0.00,A
"violet_smoke_crit_il4","violet","smoke-crit","brass_executioner","S",30103,Defeat,5.000,0.00,A
"violet_smoke_crit_il4","violet","smoke-crit","thousand_handed_guardian","S",30201,Defeat,6.960,0.00,A
"violet_smoke_crit_il4","violet","smoke-crit","thousand_handed_guardian","S",30202,Defeat,7.240,0.00,A
"violet_smoke_crit_il4","violet","smoke-crit","thousand_handed_guardian","S",30203,Defeat,7.240,0.00,A
"violet_smoke_crit_il4","violet","smoke-crit","ashen_bastion","S",30301,Victory,12.220,10.62,A
"violet_smoke_crit_il4","violet","smoke-crit","ashen_bastion","S",30302,Victory,11.800,35.12,A
"violet_smoke_crit_il4","violet","smoke-crit","ashen_bastion","S",30303,Defeat,9.180,0.00,A
"violet_smoke_crit_il4","violet","smoke-crit","brass_executioner","S+",40101,Defeat,4.000,0.00,A
"violet_smoke_crit_il4","violet","smoke-crit","brass_executioner","S+",40102,Defeat,4.000,0.00,A
"violet_smoke_crit_il4","violet","smoke-crit","brass_executioner","S+",40103,Defeat,4.000,0.00,A
"violet_smoke_crit_il4","violet","smoke-crit","thousand_handed_guardian","S+",40201,Defeat,3.900,0.00,A
"violet_smoke_crit_il4","violet","smoke-crit","thousand_handed_guardian","S+",40202,Defeat,4.460,0.00,A
"violet_smoke_crit_il4","violet","smoke-crit","thousand_handed_guardian","S+",40203,Defeat,4.740,0.00,A
"violet_smoke_crit_il4","violet","smoke-crit","ashen_bastion","S+",40301,Defeat,6.680,0.00,A
"violet_smoke_crit_il4","violet","smoke-crit","ashen_bastion","S+",40302,Defeat,12.520,0.00,A
"violet_smoke_crit_il4","violet","smoke-crit","ashen_bastion","S+",40303,Defeat,6.680,0.00,A
"violet_smoke_crit_il8","violet","smoke-crit","brass_executioner","B",10101,Victory,3.260,225.00,S
"violet_smoke_crit_il8","violet","smoke-crit","brass_executioner","B",10102,Victory,2.860,225.00,S
"violet_smoke_crit_il8","violet","smoke-crit","brass_executioner","B",10103,Victory,3.260,216.92,S
"violet_smoke_crit_il8","violet","smoke-crit","thousand_handed_guardian","B",10201,Victory,3.260,225.00,S
"violet_smoke_crit_il8","violet","smoke-crit","thousand_handed_guardian","B",10202,Victory,3.660,225.00,S
"violet_smoke_crit_il8","violet","smoke-crit","thousand_handed_guardian","B",10203,Victory,3.660,225.00,S
"violet_smoke_crit_il8","violet","smoke-crit","ashen_bastion","B",10301,Victory,4.480,225.00,S
"violet_smoke_crit_il8","violet","smoke-crit","ashen_bastion","B",10302,Victory,4.480,225.00,S
"violet_smoke_crit_il8","violet","smoke-crit","ashen_bastion","B",10303,Victory,4.480,225.00,S
"violet_smoke_crit_il8","violet","smoke-crit","brass_executioner","A",20101,Victory,4.060,225.00,S
"violet_smoke_crit_il8","violet","smoke-crit","brass_executioner","A",20102,Victory,4.880,142.00,S
"violet_smoke_crit_il8","violet","smoke-crit","brass_executioner","A",20103,Victory,4.880,159.72,S
"violet_smoke_crit_il8","violet","smoke-crit","thousand_handed_guardian","A",20201,Victory,4.060,225.00,S
"violet_smoke_crit_il8","violet","smoke-crit","thousand_handed_guardian","A",20202,Victory,4.480,225.00,S
"violet_smoke_crit_il8","violet","smoke-crit","thousand_handed_guardian","A",20203,Victory,4.060,225.00,S
"violet_smoke_crit_il8","violet","smoke-crit","ashen_bastion","A",20301,Victory,6.500,225.00,S
"violet_smoke_crit_il8","violet","smoke-crit","ashen_bastion","A",20302,Victory,6.500,225.00,S
"violet_smoke_crit_il8","violet","smoke-crit","ashen_bastion","A",20303,Victory,6.900,225.00,S
"violet_smoke_crit_il8","violet","smoke-crit","brass_executioner","S",30101,Victory,4.880,136.32,S
"violet_smoke_crit_il8","violet","smoke-crit","brass_executioner","S",30102,Victory,4.880,135.86,S
"violet_smoke_crit_il8","violet","smoke-crit","brass_executioner","S",30103,Victory,4.880,190.76,S
"violet_smoke_crit_il8","violet","smoke-crit","thousand_handed_guardian","S",30201,Victory,4.880,215.41,S
"violet_smoke_crit_il8","violet","smoke-crit","thousand_handed_guardian","S",30202,Victory,5.280,221.88,S
"violet_smoke_crit_il8","violet","smoke-crit","thousand_handed_guardian","S",30203,Victory,4.880,225.00,S
"violet_smoke_crit_il8","violet","smoke-crit","ashen_bastion","S",30301,Victory,7.320,225.00,S
"violet_smoke_crit_il8","violet","smoke-crit","ashen_bastion","S",30302,Victory,8.120,211.70,S
"violet_smoke_crit_il8","violet","smoke-crit","ashen_bastion","S",30303,Victory,8.540,139.48,S
"violet_smoke_crit_il8","violet","smoke-crit","brass_executioner","S+",40101,Defeat,4.000,0.00,S
"violet_smoke_crit_il8","violet","smoke-crit","brass_executioner","S+",40102,Defeat,4.000,0.00,S
"violet_smoke_crit_il8","violet","smoke-crit","brass_executioner","S+",40103,Defeat,4.000,0.00,S
"violet_smoke_crit_il8","violet","smoke-crit","thousand_handed_guardian","S+",40201,Defeat,5.280,0.00,S
"violet_smoke_crit_il8","violet","smoke-crit","thousand_handed_guardian","S+",40202,Defeat,5.560,0.00,S
"violet_smoke_crit_il8","violet","smoke-crit","thousand_handed_guardian","S+",40203,Defeat,5.840,0.00,S
"violet_smoke_crit_il8","violet","smoke-crit","ashen_bastion","S+",40301,Victory,9.340,106.45,S
"violet_smoke_crit_il8","violet","smoke-crit","ashen_bastion","S+",40302,Victory,9.540,167.77,S
"violet_smoke_crit_il8","violet","smoke-crit","ashen_bastion","S+",40303,Victory,9.760,139.09,S
"violet_smoke_crit_il12","violet","smoke-crit","brass_executioner","B",10101,Victory,2.760,225.00,S
"violet_smoke_crit_il12","violet","smoke-crit","brass_executioner","B",10102,Victory,2.360,225.00,S
"violet_smoke_crit_il12","violet","smoke-crit","brass_executioner","B",10103,Victory,2.360,225.00,S
"violet_smoke_crit_il12","violet","smoke-crit","thousand_handed_guardian","B",10201,Victory,2.420,225.00,S
"violet_smoke_crit_il12","violet","smoke-crit","thousand_handed_guardian","B",10202,Victory,2.760,225.00,S
"violet_smoke_crit_il12","violet","smoke-crit","thousand_handed_guardian","B",10203,Victory,2.880,225.00,S
"violet_smoke_crit_il12","violet","smoke-crit","ashen_bastion","B",10301,Victory,3.540,225.00,S
"violet_smoke_crit_il12","violet","smoke-crit","ashen_bastion","B",10302,Victory,3.540,225.00,S
"violet_smoke_crit_il12","violet","smoke-crit","ashen_bastion","B",10303,Victory,3.540,225.00,S
"violet_smoke_crit_il12","violet","smoke-crit","brass_executioner","A",20101,Victory,2.880,225.00,S
"violet_smoke_crit_il12","violet","smoke-crit","brass_executioner","A",20102,Victory,3.540,197.50,S
"violet_smoke_crit_il12","violet","smoke-crit","brass_executioner","A",20103,Victory,3.460,214.52,S
"violet_smoke_crit_il12","violet","smoke-crit","thousand_handed_guardian","A",20201,Victory,3.140,225.00,S
"violet_smoke_crit_il12","violet","smoke-crit","thousand_handed_guardian","A",20202,Victory,3.140,225.00,S
"violet_smoke_crit_il12","violet","smoke-crit","thousand_handed_guardian","A",20203,Victory,3.140,225.00,S
"violet_smoke_crit_il12","violet","smoke-crit","ashen_bastion","A",20301,Victory,4.720,225.00,S
"violet_smoke_crit_il12","violet","smoke-crit","ashen_bastion","A",20302,Victory,4.320,225.00,S
"violet_smoke_crit_il12","violet","smoke-crit","ashen_bastion","A",20303,Victory,4.720,225.00,S
"violet_smoke_crit_il12","violet","smoke-crit","brass_executioner","S",30101,Victory,3.540,197.80,S
"violet_smoke_crit_il12","violet","smoke-crit","brass_executioner","S",30102,Victory,3.140,195.03,S
"violet_smoke_crit_il12","violet","smoke-crit","brass_executioner","S",30103,Victory,3.540,225.00,S
"violet_smoke_crit_il12","violet","smoke-crit","thousand_handed_guardian","S",30201,Victory,3.540,225.00,S
"violet_smoke_crit_il12","violet","smoke-crit","thousand_handed_guardian","S",30202,Victory,3.540,225.00,S
"violet_smoke_crit_il12","violet","smoke-crit","thousand_handed_guardian","S",30203,Victory,3.920,225.00,S
"violet_smoke_crit_il12","violet","smoke-crit","ashen_bastion","S",30301,Victory,5.180,225.00,S
"violet_smoke_crit_il12","violet","smoke-crit","ashen_bastion","S",30302,Victory,5.180,225.00,S
"violet_smoke_crit_il12","violet","smoke-crit","ashen_bastion","S",30303,Victory,5.880,219.70,S
"violet_smoke_crit_il12","violet","smoke-crit","brass_executioner","S+",40101,Defeat,4.000,0.00,S
"violet_smoke_crit_il12","violet","smoke-crit","brass_executioner","S+",40102,Defeat,4.000,0.00,S
"violet_smoke_crit_il12","violet","smoke-crit","brass_executioner","S+",40103,Defeat,4.000,0.00,S
"violet_smoke_crit_il12","violet","smoke-crit","thousand_handed_guardian","S+",40201,Victory,4.600,218.21,S
"violet_smoke_crit_il12","violet","smoke-crit","thousand_handed_guardian","S+",40202,Victory,4.720,211.64,S
"violet_smoke_crit_il12","violet","smoke-crit","thousand_handed_guardian","S+",40203,Victory,4.720,215.31,S
"violet_smoke_crit_il12","violet","smoke-crit","ashen_bastion","S+",40301,Victory,6.680,222.05,S
"violet_smoke_crit_il12","violet","smoke-crit","ashen_bastion","S+",40302,Victory,7.060,225.00,S
"violet_smoke_crit_il12","violet","smoke-crit","ashen_bastion","S+",40303,Victory,7.060,225.00,S
"violet_smoke_crit_il15","violet","smoke-crit","brass_executioner","B",10101,Victory,2.240,225.00,S+
"violet_smoke_crit_il15","violet","smoke-crit","brass_executioner","B",10102,Victory,1.900,225.00,S+
"violet_smoke_crit_il15","violet","smoke-crit","brass_executioner","B",10103,Victory,2.240,225.00,S+
"violet_smoke_crit_il15","violet","smoke-crit","thousand_handed_guardian","B",10201,Victory,2.280,225.00,S+
"violet_smoke_crit_il15","violet","smoke-crit","thousand_handed_guardian","B",10202,Victory,2.660,225.00,S+
"violet_smoke_crit_il15","violet","smoke-crit","thousand_handed_guardian","B",10203,Victory,2.280,225.00,S+
"violet_smoke_crit_il15","violet","smoke-crit","ashen_bastion","B",10301,Victory,2.660,225.00,S+
"violet_smoke_crit_il15","violet","smoke-crit","ashen_bastion","B",10302,Victory,2.780,225.00,S+
"violet_smoke_crit_il15","violet","smoke-crit","ashen_bastion","B",10303,Victory,3.040,225.00,S+
"violet_smoke_crit_il15","violet","smoke-crit","brass_executioner","A",20101,Victory,2.280,225.00,S+
"violet_smoke_crit_il15","violet","smoke-crit","brass_executioner","A",20102,Victory,2.660,206.50,S+
"violet_smoke_crit_il15","violet","smoke-crit","brass_executioner","A",20103,Victory,2.660,206.50,S+
"violet_smoke_crit_il15","violet","smoke-crit","thousand_handed_guardian","A",20201,Victory,3.040,225.00,S+
"violet_smoke_crit_il15","violet","smoke-crit","thousand_handed_guardian","A",20202,Victory,2.660,225.00,S+
"violet_smoke_crit_il15","violet","smoke-crit","thousand_handed_guardian","A",20203,Victory,2.280,225.00,S+
"violet_smoke_crit_il15","violet","smoke-crit","ashen_bastion","A",20301,Victory,3.800,225.00,S+
"violet_smoke_crit_il15","violet","smoke-crit","ashen_bastion","A",20302,Victory,3.800,225.00,S+
"violet_smoke_crit_il15","violet","smoke-crit","ashen_bastion","A",20303,Victory,4.180,225.00,S+
"violet_smoke_crit_il15","violet","smoke-crit","brass_executioner","S",30101,Victory,2.660,214.42,S+
"violet_smoke_crit_il15","violet","smoke-crit","brass_executioner","S",30102,Victory,2.660,210.67,S+
"violet_smoke_crit_il15","violet","smoke-crit","brass_executioner","S",30103,Victory,3.040,225.00,S+
"violet_smoke_crit_il15","violet","smoke-crit","thousand_handed_guardian","S",30201,Victory,2.660,225.00,S+
"violet_smoke_crit_il15","violet","smoke-crit","thousand_handed_guardian","S",30202,Victory,2.660,225.00,S+
"violet_smoke_crit_il15","violet","smoke-crit","thousand_handed_guardian","S",30203,Victory,3.040,225.00,S+
"violet_smoke_crit_il15","violet","smoke-crit","ashen_bastion","S",30301,Victory,4.460,225.00,S+
"violet_smoke_crit_il15","violet","smoke-crit","ashen_bastion","S",30302,Victory,4.460,225.00,S+
"violet_smoke_crit_il15","violet","smoke-crit","ashen_bastion","S",30303,Victory,4.180,225.00,S+
"violet_smoke_crit_il15","violet","smoke-crit","brass_executioner","S+",40101,Victory,3.420,186.00,S+
"violet_smoke_crit_il15","violet","smoke-crit","brass_executioner","S+",40102,Victory,3.800,161.95,S+
"violet_smoke_crit_il15","violet","smoke-crit","brass_executioner","S+",40103,Victory,3.420,225.00,S+
"violet_smoke_crit_il15","violet","smoke-crit","thousand_handed_guardian","S+",40201,Victory,3.800,225.00,S+
"violet_smoke_crit_il15","violet","smoke-crit","thousand_handed_guardian","S+",40202,Victory,4.180,223.95,S+
"violet_smoke_crit_il15","violet","smoke-crit","thousand_handed_guardian","S+",40203,Victory,3.800,225.00,S+
"violet_smoke_crit_il15","violet","smoke-crit","ashen_bastion","S+",40301,Victory,4.940,225.00,S+
"violet_smoke_crit_il15","violet","smoke-crit","ashen_bastion","S+",40302,Victory,4.940,225.00,S+
"violet_smoke_crit_il15","violet","smoke-crit","ashen_bastion","S+",40303,Victory,5.320,225.00,S+
"violet_day_and_night_il1","violet","paired-prototype","brass_executioner","B",10101,Victory,5.260,141.50,B
"violet_day_and_night_il1","violet","paired-prototype","brass_executioner","B",10102,Victory,5.260,141.50,B
"violet_day_and_night_il1","violet","paired-prototype","brass_executioner","B",10103,Victory,5.260,141.50,B
"violet_day_and_night_il1","violet","paired-prototype","thousand_handed_guardian","B",10201,Victory,5.260,129.59,B
"violet_day_and_night_il1","violet","paired-prototype","thousand_handed_guardian","B",10202,Victory,6.120,159.53,B
"violet_day_and_night_il1","violet","paired-prototype","thousand_handed_guardian","B",10203,Victory,6.120,129.59,B
"violet_day_and_night_il1","violet","paired-prototype","ashen_bastion","B",10301,Victory,8.320,107.25,B
"violet_day_and_night_il1","violet","paired-prototype","ashen_bastion","B",10302,Victory,8.320,142.75,B
"violet_day_and_night_il1","violet","paired-prototype","ashen_bastion","B",10303,Victory,8.760,142.75,B
"violet_day_and_night_il1","violet","paired-prototype","brass_executioner","A",20101,Defeat,6.000,0.00,B
"violet_day_and_night_il1","violet","paired-prototype","brass_executioner","A",20102,Defeat,7.420,0.00,B
"violet_day_and_night_il1","violet","paired-prototype","brass_executioner","A",20103,Defeat,6.000,0.00,B
"violet_day_and_night_il1","violet","paired-prototype","thousand_handed_guardian","A",20201,Defeat,5.840,0.00,B
"violet_day_and_night_il1","violet","paired-prototype","thousand_handed_guardian","A",20202,Defeat,5.000,0.00,B
"violet_day_and_night_il1","violet","paired-prototype","thousand_handed_guardian","A",20203,Defeat,5.000,0.00,B
"violet_day_and_night_il1","violet","paired-prototype","ashen_bastion","A",20301,Defeat,8.340,0.00,B
"violet_day_and_night_il1","violet","paired-prototype","ashen_bastion","A",20302,Defeat,7.520,0.00,B
"violet_day_and_night_il1","violet","paired-prototype","ashen_bastion","A",20303,Defeat,9.180,0.00,B
"violet_day_and_night_il1","violet","paired-prototype","brass_executioner","S",30101,Defeat,5.000,0.00,B
"violet_day_and_night_il1","violet","paired-prototype","brass_executioner","S",30102,Defeat,5.000,0.00,B
"violet_day_and_night_il1","violet","paired-prototype","brass_executioner","S",30103,Defeat,5.000,0.00,B
"violet_day_and_night_il1","violet","paired-prototype","thousand_handed_guardian","S",30201,Defeat,3.900,0.00,B
"violet_day_and_night_il1","violet","paired-prototype","thousand_handed_guardian","S",30202,Defeat,4.740,0.00,B
"violet_day_and_night_il1","violet","paired-prototype","thousand_handed_guardian","S",30203,Defeat,3.340,0.00,B
"violet_day_and_night_il1","violet","paired-prototype","ashen_bastion","S",30301,Defeat,8.340,0.00,B
"violet_day_and_night_il1","violet","paired-prototype","ashen_bastion","S",30302,Defeat,5.840,0.00,B
"violet_day_and_night_il1","violet","paired-prototype","ashen_bastion","S",30303,Defeat,6.680,0.00,B
"violet_day_and_night_il1","violet","paired-prototype","brass_executioner","S+",40101,Defeat,4.000,0.00,B
"violet_day_and_night_il1","violet","paired-prototype","brass_executioner","S+",40102,Defeat,7.420,0.00,B
"violet_day_and_night_il1","violet","paired-prototype","brass_executioner","S+",40103,Defeat,4.000,0.00,B
"violet_day_and_night_il1","violet","paired-prototype","thousand_handed_guardian","S+",40201,Defeat,2.780,0.00,B
"violet_day_and_night_il1","violet","paired-prototype","thousand_handed_guardian","S+",40202,Defeat,3.060,0.00,B
"violet_day_and_night_il1","violet","paired-prototype","thousand_handed_guardian","S+",40203,Defeat,2.240,0.00,B
"violet_day_and_night_il1","violet","paired-prototype","ashen_bastion","S+",40301,Defeat,6.680,0.00,B
"violet_day_and_night_il1","violet","paired-prototype","ashen_bastion","S+",40302,Defeat,4.180,0.00,B
"violet_day_and_night_il1","violet","paired-prototype","ashen_bastion","S+",40303,Defeat,5.020,0.00,B
"violet_day_and_night_il4","violet","paired-prototype","brass_executioner","B",10101,Victory,3.380,193.75,S
"violet_day_and_night_il4","violet","paired-prototype","brass_executioner","B",10102,Victory,3.380,193.75,S
"violet_day_and_night_il4","violet","paired-prototype","brass_executioner","B",10103,Victory,3.380,193.75,S
"violet_day_and_night_il4","violet","paired-prototype","thousand_handed_guardian","B",10201,Victory,2.960,225.00,S
"violet_day_and_night_il4","violet","paired-prototype","thousand_handed_guardian","B",10202,Victory,3.800,225.00,S
"violet_day_and_night_il4","violet","paired-prototype","thousand_handed_guardian","B",10203,Victory,3.380,225.00,S
"violet_day_and_night_il4","violet","paired-prototype","ashen_bastion","B",10301,Victory,4.220,216.00,S
"violet_day_and_night_il4","violet","paired-prototype","ashen_bastion","B",10302,Victory,4.220,222.50,S
"violet_day_and_night_il4","violet","paired-prototype","ashen_bastion","B",10303,Victory,4.220,222.50,S
"violet_day_and_night_il4","violet","paired-prototype","brass_executioner","A",20101,Victory,4.220,118.00,S
"violet_day_and_night_il4","violet","paired-prototype","brass_executioner","A",20102,Victory,4.220,173.50,S
"violet_day_and_night_il4","violet","paired-prototype","brass_executioner","A",20103,Victory,4.220,118.00,S
"violet_day_and_night_il4","violet","paired-prototype","thousand_handed_guardian","A",20201,Victory,4.640,182.16,S
"violet_day_and_night_il4","violet","paired-prototype","thousand_handed_guardian","A",20202,Victory,4.220,191.40,S
"violet_day_and_night_il4","violet","paired-prototype","thousand_handed_guardian","A",20203,Victory,4.640,171.96,S
"violet_day_and_night_il4","violet","paired-prototype","ashen_bastion","A",20301,Victory,5.900,153.00,S
"violet_day_and_night_il4","violet","paired-prototype","ashen_bastion","A",20302,Victory,6.320,137.50,S
"violet_day_and_night_il4","violet","paired-prototype","ashen_bastion","A",20303,Victory,5.060,153.00,S
"violet_day_and_night_il4","violet","paired-prototype","brass_executioner","S",30101,Defeat,5.000,0.00,S
"violet_day_and_night_il4","violet","paired-prototype","brass_executioner","S",30102,Defeat,5.000,0.00,S
"violet_day_and_night_il4","violet","paired-prototype","brass_executioner","S",30103,Defeat,5.000,0.00,S
"violet_day_and_night_il4","violet","paired-prototype","thousand_handed_guardian","S",30201,Victory,5.480,71.22,S
"violet_day_and_night_il4","violet","paired-prototype","thousand_handed_guardian","S",30202,Victory,5.480,71.22,S
"violet_day_and_night_il4","violet","paired-prototype","thousand_handed_guardian","S",30203,Victory,5.480,4.26,S
"violet_day_and_night_il4","violet","paired-prototype","ashen_bastion","S",30301,Victory,8.000,91.20,S
"violet_day_and_night_il4","violet","paired-prototype","ashen_bastion","S",30302,Defeat,7.520,0.00,S
"violet_day_and_night_il4","violet","paired-prototype","ashen_bastion","S",30303,Victory,7.580,61.90,S
"violet_day_and_night_il4","violet","paired-prototype","brass_executioner","S+",40101,Defeat,4.000,0.00,S
"violet_day_and_night_il4","violet","paired-prototype","brass_executioner","S+",40102,Defeat,5.560,0.00,S
"violet_day_and_night_il4","violet","paired-prototype","brass_executioner","S+",40103,Defeat,4.000,0.00,S
"violet_day_and_night_il4","violet","paired-prototype","thousand_handed_guardian","S+",40201,Defeat,3.620,0.00,S
"violet_day_and_night_il4","violet","paired-prototype","thousand_handed_guardian","S+",40202,Defeat,3.900,0.00,S
"violet_day_and_night_il4","violet","paired-prototype","thousand_handed_guardian","S+",40203,Defeat,3.620,0.00,S
"violet_day_and_night_il4","violet","paired-prototype","ashen_bastion","S+",40301,Defeat,8.340,0.00,S
"violet_day_and_night_il4","violet","paired-prototype","ashen_bastion","S+",40302,Defeat,7.520,0.00,S
"violet_day_and_night_il4","violet","paired-prototype","ashen_bastion","S+",40303,Defeat,5.840,0.00,S
"violet_day_and_night_il8","violet","paired-prototype","brass_executioner","B",10101,Victory,2.040,205.75,S+
"violet_day_and_night_il8","violet","paired-prototype","brass_executioner","B",10102,Victory,2.040,205.75,S+
"violet_day_and_night_il8","violet","paired-prototype","brass_executioner","B",10103,Victory,2.040,205.75,S+
"violet_day_and_night_il8","violet","paired-prototype","thousand_handed_guardian","B",10201,Victory,2.040,225.00,S+
"violet_day_and_night_il8","violet","paired-prototype","thousand_handed_guardian","B",10202,Victory,2.860,225.00,S+
"violet_day_and_night_il8","violet","paired-prototype","thousand_handed_guardian","B",10203,Victory,2.440,225.00,S+
"violet_day_and_night_il8","violet","paired-prototype","ashen_bastion","B",10301,Victory,3.260,225.00,S+
"violet_day_and_night_il8","violet","paired-prototype","ashen_bastion","B",10302,Victory,2.860,225.00,S+
"violet_day_and_night_il8","violet","paired-prototype","ashen_bastion","B",10303,Victory,2.860,225.00,S+
"violet_day_and_night_il8","violet","paired-prototype","brass_executioner","A",20101,Victory,2.440,185.50,S+
"violet_day_and_night_il8","violet","paired-prototype","brass_executioner","A",20102,Victory,2.860,185.50,S+
"violet_day_and_night_il8","violet","paired-prototype","brass_executioner","A",20103,Victory,3.260,185.50,S+
"violet_day_and_night_il8","violet","paired-prototype","thousand_handed_guardian","A",20201,Victory,2.860,225.00,S+
"violet_day_and_night_il8","violet","paired-prototype","thousand_handed_guardian","A",20202,Victory,2.860,225.00,S+
"violet_day_and_night_il8","violet","paired-prototype","thousand_handed_guardian","A",20203,Victory,2.860,225.00,S+
"violet_day_and_night_il8","violet","paired-prototype","ashen_bastion","A",20301,Victory,3.660,224.50,S+
"violet_day_and_night_il8","violet","paired-prototype","ashen_bastion","A",20302,Victory,3.660,225.00,S+
"violet_day_and_night_il8","violet","paired-prototype","ashen_bastion","A",20303,Victory,3.260,225.00,S+
"violet_day_and_night_il8","violet","paired-prototype","brass_executioner","S",30101,Victory,3.660,169.30,S+
"violet_day_and_night_il8","violet","paired-prototype","brass_executioner","S",30102,Victory,3.260,169.30,S+
"violet_day_and_night_il8","violet","paired-prototype","brass_executioner","S",30103,Victory,3.260,169.30,S+
"violet_day_and_night_il8","violet","paired-prototype","thousand_handed_guardian","S",30201,Victory,3.660,225.00,S+
"violet_day_and_night_il8","violet","paired-prototype","thousand_handed_guardian","S",30202,Victory,3.660,225.00,S+
"violet_day_and_night_il8","violet","paired-prototype","thousand_handed_guardian","S",30203,Victory,3.260,225.00,S+
"violet_day_and_night_il8","violet","paired-prototype","ashen_bastion","S",30301,Victory,5.280,191.80,S+
"violet_day_and_night_il8","violet","paired-prototype","ashen_bastion","S",30302,Victory,4.480,191.80,S+
"violet_day_and_night_il8","violet","paired-prototype","ashen_bastion","S",30303,Victory,4.480,191.80,S+
"violet_day_and_night_il8","violet","paired-prototype","brass_executioner","S+",40101,Defeat,4.000,0.00,S+
"violet_day_and_night_il8","violet","paired-prototype","brass_executioner","S+",40102,Victory,4.480,50.90,S+
"violet_day_and_night_il8","violet","paired-prototype","brass_executioner","S+",40103,Victory,4.880,50.90,S+
"violet_day_and_night_il8","violet","paired-prototype","thousand_handed_guardian","S+",40201,Victory,4.060,61.17,S+
"violet_day_and_night_il8","violet","paired-prototype","thousand_handed_guardian","S+",40202,Victory,4.880,61.17,S+
"violet_day_and_night_il8","violet","paired-prototype","thousand_handed_guardian","S+",40203,Victory,4.480,34.20,S+
"violet_day_and_night_il8","violet","paired-prototype","ashen_bastion","S+",40301,Victory,6.100,66.30,S+
"violet_day_and_night_il8","violet","paired-prototype","ashen_bastion","S+",40302,Victory,5.700,159.15,S+
"violet_day_and_night_il8","violet","paired-prototype","ashen_bastion","S+",40303,Victory,6.500,29.35,S+
"violet_day_and_night_il12","violet","paired-prototype","brass_executioner","B",10101,Victory,1.580,225.00,S+
"violet_day_and_night_il12","violet","paired-prototype","brass_executioner","B",10102,Victory,1.580,225.00,S+
"violet_day_and_night_il12","violet","paired-prototype","brass_executioner","B",10103,Victory,1.580,225.00,S+
"violet_day_and_night_il12","violet","paired-prototype","thousand_handed_guardian","B",10201,Victory,1.580,225.00,S+
"violet_day_and_night_il12","violet","paired-prototype","thousand_handed_guardian","B",10202,Victory,1.960,225.00,S+
"violet_day_and_night_il12","violet","paired-prototype","thousand_handed_guardian","B",10203,Victory,1.580,225.00,S+
"violet_day_and_night_il12","violet","paired-prototype","ashen_bastion","B",10301,Victory,2.360,225.00,S+
"violet_day_and_night_il12","violet","paired-prototype","ashen_bastion","B",10302,Victory,2.360,225.00,S+
"violet_day_and_night_il12","violet","paired-prototype","ashen_bastion","B",10303,Victory,2.360,225.00,S+
"violet_day_and_night_il12","violet","paired-prototype","brass_executioner","A",20101,Victory,1.960,197.50,S+
"violet_day_and_night_il12","violet","paired-prototype","brass_executioner","A",20102,Victory,1.960,197.50,S+
"violet_day_and_night_il12","violet","paired-prototype","brass_executioner","A",20103,Victory,2.360,197.50,S+
"violet_day_and_night_il12","violet","paired-prototype","thousand_handed_guardian","A",20201,Victory,2.360,225.00,S+
"violet_day_and_night_il12","violet","paired-prototype","thousand_handed_guardian","A",20202,Victory,2.360,225.00,S+
"violet_day_and_night_il12","violet","paired-prototype","thousand_handed_guardian","A",20203,Victory,2.360,225.00,S+
"violet_day_and_night_il12","violet","paired-prototype","ashen_bastion","A",20301,Victory,2.760,225.00,S+
"violet_day_and_night_il12","violet","paired-prototype","ashen_bastion","A",20302,Victory,3.140,225.00,S+
"violet_day_and_night_il12","violet","paired-prototype","ashen_bastion","A",20303,Victory,2.760,225.00,S+
"violet_day_and_night_il12","violet","paired-prototype","brass_executioner","S",30101,Victory,2.360,181.30,S+
"violet_day_and_night_il12","violet","paired-prototype","brass_executioner","S",30102,Victory,2.360,181.30,S+
"violet_day_and_night_il12","violet","paired-prototype","brass_executioner","S",30103,Victory,2.760,181.30,S+
"violet_day_and_night_il12","violet","paired-prototype","thousand_handed_guardian","S",30201,Victory,2.760,225.00,S+
"violet_day_and_night_il12","violet","paired-prototype","thousand_handed_guardian","S",30202,Victory,2.360,225.00,S+
"violet_day_and_night_il12","violet","paired-prototype","thousand_handed_guardian","S",30203,Victory,2.360,225.00,S+
"violet_day_and_night_il12","violet","paired-prototype","ashen_bastion","S",30301,Victory,3.540,225.00,S+
"violet_day_and_night_il12","violet","paired-prototype","ashen_bastion","S",30302,Victory,3.140,225.00,S+
"violet_day_and_night_il12","violet","paired-prototype","ashen_bastion","S",30303,Victory,3.540,225.00,S+
"violet_day_and_night_il12","violet","paired-prototype","brass_executioner","S+",40101,Victory,3.540,152.95,S+
"violet_day_and_night_il12","violet","paired-prototype","brass_executioner","S+",40102,Victory,3.140,152.95,S+
"violet_day_and_night_il12","violet","paired-prototype","brass_executioner","S+",40103,Victory,3.540,225.00,S+
"violet_day_and_night_il12","violet","paired-prototype","thousand_handed_guardian","S+",40201,Victory,3.140,210.18,S+
"violet_day_and_night_il12","violet","paired-prototype","thousand_handed_guardian","S+",40202,Victory,3.540,225.00,S+
"violet_day_and_night_il12","violet","paired-prototype","thousand_handed_guardian","S+",40203,Victory,3.540,210.18,S+
"violet_day_and_night_il12","violet","paired-prototype","ashen_bastion","S+",40301,Victory,3.920,179.20,S+
"violet_day_and_night_il12","violet","paired-prototype","ashen_bastion","S+",40302,Victory,3.920,208.10,S+
"violet_day_and_night_il12","violet","paired-prototype","ashen_bastion","S+",40303,Victory,4.320,160.25,S+
"violet_day_and_night_il15","violet","paired-prototype","brass_executioner","B",10101,Victory,1.140,225.00,S+
"violet_day_and_night_il15","violet","paired-prototype","brass_executioner","B",10102,Victory,1.140,225.00,S+
"violet_day_and_night_il15","violet","paired-prototype","brass_executioner","B",10103,Victory,1.520,225.00,S+
"violet_day_and_night_il15","violet","paired-prototype","thousand_handed_guardian","B",10201,Victory,1.520,225.00,S+
"violet_day_and_night_il15","violet","paired-prototype","thousand_handed_guardian","B",10202,Victory,1.520,225.00,S+
"violet_day_and_night_il15","violet","paired-prototype","thousand_handed_guardian","B",10203,Victory,1.520,225.00,S+
"violet_day_and_night_il15","violet","paired-prototype","ashen_bastion","B",10301,Victory,1.900,225.00,S+
"violet_day_and_night_il15","violet","paired-prototype","ashen_bastion","B",10302,Victory,1.900,225.00,S+
"violet_day_and_night_il15","violet","paired-prototype","ashen_bastion","B",10303,Victory,1.900,225.00,S+
"violet_day_and_night_il15","violet","paired-prototype","brass_executioner","A",20101,Victory,1.520,225.00,S+
"violet_day_and_night_il15","violet","paired-prototype","brass_executioner","A",20102,Victory,1.520,225.00,S+
"violet_day_and_night_il15","violet","paired-prototype","brass_executioner","A",20103,Victory,1.900,206.50,S+
"violet_day_and_night_il15","violet","paired-prototype","thousand_handed_guardian","A",20201,Victory,1.900,225.00,S+
"violet_day_and_night_il15","violet","paired-prototype","thousand_handed_guardian","A",20202,Victory,1.900,225.00,S+
"violet_day_and_night_il15","violet","paired-prototype","thousand_handed_guardian","A",20203,Victory,1.900,225.00,S+
"violet_day_and_night_il15","violet","paired-prototype","ashen_bastion","A",20301,Victory,2.280,225.00,S+
"violet_day_and_night_il15","violet","paired-prototype","ashen_bastion","A",20302,Victory,2.280,225.00,S+
"violet_day_and_night_il15","violet","paired-prototype","ashen_bastion","A",20303,Victory,1.900,225.00,S+
"violet_day_and_night_il15","violet","paired-prototype","brass_executioner","S",30101,Victory,1.900,190.30,S+
"violet_day_and_night_il15","violet","paired-prototype","brass_executioner","S",30102,Victory,1.900,190.30,S+
"violet_day_and_night_il15","violet","paired-prototype","brass_executioner","S",30103,Victory,1.900,190.30,S+
"violet_day_and_night_il15","violet","paired-prototype","thousand_handed_guardian","S",30201,Victory,2.280,225.00,S+
"violet_day_and_night_il15","violet","paired-prototype","thousand_handed_guardian","S",30202,Victory,1.900,225.00,S+
"violet_day_and_night_il15","violet","paired-prototype","thousand_handed_guardian","S",30203,Victory,1.900,225.00,S+
"violet_day_and_night_il15","violet","paired-prototype","ashen_bastion","S",30301,Victory,3.040,225.00,S+
"violet_day_and_night_il15","violet","paired-prototype","ashen_bastion","S",30302,Victory,2.660,225.00,S+
"violet_day_and_night_il15","violet","paired-prototype","ashen_bastion","S",30303,Victory,2.660,225.00,S+
"violet_day_and_night_il15","violet","paired-prototype","brass_executioner","S+",40101,Victory,2.660,161.95,S+
"violet_day_and_night_il15","violet","paired-prototype","brass_executioner","S+",40102,Victory,2.660,161.95,S+
"violet_day_and_night_il15","violet","paired-prototype","brass_executioner","S+",40103,Victory,2.660,225.00,S+
"violet_day_and_night_il15","violet","paired-prototype","thousand_handed_guardian","S+",40201,Victory,2.660,225.00,S+
"violet_day_and_night_il15","violet","paired-prototype","thousand_handed_guardian","S+",40202,Victory,3.040,225.00,S+
"violet_day_and_night_il15","violet","paired-prototype","thousand_handed_guardian","S+",40203,Victory,2.660,225.00,S+
"violet_day_and_night_il15","violet","paired-prototype","ashen_bastion","S+",40301,Victory,3.420,213.15,S+
"violet_day_and_night_il15","violet","paired-prototype","ashen_bastion","S+",40302,Victory,3.420,225.00,S+
"violet_day_and_night_il15","violet","paired-prototype","ashen_bastion","S+",40303,Victory,3.420,220.10,S+
"violet_paranoia_il1","violet","cursed-evasion","brass_executioner","B",10101,Victory,13.340,22.10,B
"violet_paranoia_il1","violet","cursed-evasion","brass_executioner","B",10102,Defeat,11.120,0.00,B
"violet_paranoia_il1","violet","cursed-evasion","brass_executioner","B",10103,Victory,13.320,19.06,B
"violet_paranoia_il1","violet","cursed-evasion","thousand_handed_guardian","B",10201,Victory,14.340,54.28,B
"violet_paranoia_il1","violet","cursed-evasion","thousand_handed_guardian","B",10202,Victory,13.720,172.81,B
"violet_paranoia_il1","violet","cursed-evasion","thousand_handed_guardian","B",10203,Victory,13.900,28.29,B
"violet_paranoia_il1","violet","cursed-evasion","ashen_bastion","B",10301,Victory,32.980,20.54,B
"violet_paranoia_il1","violet","cursed-evasion","ashen_bastion","B",10302,Defeat,32.660,0.00,B
"violet_paranoia_il1","violet","cursed-evasion","ashen_bastion","B",10303,Victory,30.840,112.53,B
"violet_paranoia_il1","violet","cursed-evasion","brass_executioner","A",20101,Defeat,12.000,0.00,B
"violet_paranoia_il1","violet","cursed-evasion","brass_executioner","A",20102,Defeat,6.000,0.00,B
"violet_paranoia_il1","violet","cursed-evasion","brass_executioner","A",20103,Defeat,12.000,0.00,B
"violet_paranoia_il1","violet","cursed-evasion","thousand_handed_guardian","A",20201,Defeat,14.180,0.00,B
"violet_paranoia_il1","violet","cursed-evasion","thousand_handed_guardian","A",20202,Defeat,13.060,0.00,B
"violet_paranoia_il1","violet","cursed-evasion","thousand_handed_guardian","A",20203,Defeat,15.000,0.00,B
"violet_paranoia_il1","violet","cursed-evasion","ashen_bastion","A",20301,Defeat,26.000,0.00,B
"violet_paranoia_il1","violet","cursed-evasion","ashen_bastion","A",20302,Defeat,18.340,0.00,B
"violet_paranoia_il1","violet","cursed-evasion","ashen_bastion","A",20303,Defeat,15.020,0.00,B
"violet_paranoia_il1","violet","cursed-evasion","brass_executioner","S",30101,Defeat,10.000,0.00,B
"violet_paranoia_il1","violet","cursed-evasion","brass_executioner","S",30102,Defeat,9.260,0.00,B
"violet_paranoia_il1","violet","cursed-evasion","brass_executioner","S",30103,Defeat,7.420,0.00,B
"violet_paranoia_il1","violet","cursed-evasion","thousand_handed_guardian","S",30201,Defeat,12.780,0.00,B
"violet_paranoia_il1","violet","cursed-evasion","thousand_handed_guardian","S",30202,Defeat,10.560,0.00,B
"violet_paranoia_il1","violet","cursed-evasion","thousand_handed_guardian","S",30203,Defeat,10.000,0.00,B
"violet_paranoia_il1","violet","cursed-evasion","ashen_bastion","S",30301,Defeat,10.020,0.00,B
"violet_paranoia_il1","violet","cursed-evasion","ashen_bastion","S",30302,Defeat,18.067,0.00,B
"violet_paranoia_il1","violet","cursed-evasion","ashen_bastion","S",30303,Defeat,11.680,0.00,B
"violet_paranoia_il1","violet","cursed-evasion","brass_executioner","S+",40101,Defeat,4.000,0.00,B
"violet_paranoia_il1","violet","cursed-evasion","brass_executioner","S+",40102,Defeat,7.420,0.00,B
"violet_paranoia_il1","violet","cursed-evasion","brass_executioner","S+",40103,Defeat,7.420,0.00,B
"violet_paranoia_il1","violet","cursed-evasion","thousand_handed_guardian","S+",40201,Defeat,6.680,0.00,B
"violet_paranoia_il1","violet","cursed-evasion","thousand_handed_guardian","S+",40202,Defeat,5.840,0.00,B
"violet_paranoia_il1","violet","cursed-evasion","thousand_handed_guardian","S+",40203,Defeat,9.460,0.00,B
"violet_paranoia_il1","violet","cursed-evasion","ashen_bastion","S+",40301,Defeat,9.180,0.00,B
"violet_paranoia_il1","violet","cursed-evasion","ashen_bastion","S+",40302,Defeat,12.520,0.00,B
"violet_paranoia_il1","violet","cursed-evasion","ashen_bastion","S+",40303,Defeat,15.400,0.00,B
"violet_paranoia_il4","violet","cursed-evasion","brass_executioner","B",10101,Victory,8.240,117.29,A
"violet_paranoia_il4","violet","cursed-evasion","brass_executioner","B",10102,Victory,7.800,172.59,A
"violet_paranoia_il4","violet","cursed-evasion","brass_executioner","B",10103,Victory,7.820,166.51,A
"violet_paranoia_il4","violet","cursed-evasion","thousand_handed_guardian","B",10201,Victory,7.680,225.00,A
"violet_paranoia_il4","violet","cursed-evasion","thousand_handed_guardian","B",10202,Victory,7.220,225.00,A
"violet_paranoia_il4","violet","cursed-evasion","thousand_handed_guardian","B",10203,Victory,8.300,225.00,A
"violet_paranoia_il4","violet","cursed-evasion","ashen_bastion","B",10301,Victory,14.620,225.00,A
"violet_paranoia_il4","violet","cursed-evasion","ashen_bastion","B",10302,Victory,14.660,225.00,A
"violet_paranoia_il4","violet","cursed-evasion","ashen_bastion","B",10303,Victory,14.520,225.00,A
"violet_paranoia_il4","violet","cursed-evasion","brass_executioner","A",20101,Victory,10.400,164.35,A
"violet_paranoia_il4","violet","cursed-evasion","brass_executioner","A",20102,Victory,11.220,67.50,A
"violet_paranoia_il4","violet","cursed-evasion","brass_executioner","A",20103,Victory,10.540,83.70,A
"violet_paranoia_il4","violet","cursed-evasion","thousand_handed_guardian","A",20201,Victory,10.740,219.93,A
"violet_paranoia_il4","violet","cursed-evasion","thousand_handed_guardian","A",20202,Victory,11.100,216.92,A
"violet_paranoia_il4","violet","cursed-evasion","thousand_handed_guardian","A",20203,Victory,11.060,218.29,A
"violet_paranoia_il4","violet","cursed-evasion","ashen_bastion","A",20301,Victory,23.480,115.02,A
"violet_paranoia_il4","violet","cursed-evasion","ashen_bastion","A",20302,Victory,21.560,188.65,A
"violet_paranoia_il4","violet","cursed-evasion","ashen_bastion","A",20303,Victory,22.680,152.50,A
"violet_paranoia_il4","violet","cursed-evasion","brass_executioner","S",30101,Victory,12.560,25.82,A
"violet_paranoia_il4","violet","cursed-evasion","brass_executioner","S",30102,Defeat,10.000,0.00,A
"violet_paranoia_il4","violet","cursed-evasion","brass_executioner","S",30103,Defeat,10.000,0.00,A
"violet_paranoia_il4","violet","cursed-evasion","thousand_handed_guardian","S",30201,Victory,13.920,152.20,A
"violet_paranoia_il4","violet","cursed-evasion","thousand_handed_guardian","S",30202,Victory,14.860,34.99,A
"violet_paranoia_il4","violet","cursed-evasion","thousand_handed_guardian","S",30203,Victory,14.020,146.10,A
"violet_paranoia_il4","violet","cursed-evasion","ashen_bastion","S",30301,Defeat,23.280,0.00,A
"violet_paranoia_il4","violet","cursed-evasion","ashen_bastion","S",30302,Defeat,22.547,0.00,A
"violet_paranoia_il4","violet","cursed-evasion","ashen_bastion","S",30303,Defeat,22.540,0.00,A
"violet_paranoia_il4","violet","cursed-evasion","brass_executioner","S+",40101,Defeat,5.560,0.00,A
"violet_paranoia_il4","violet","cursed-evasion","brass_executioner","S+",40102,Defeat,4.000,0.00,A
"violet_paranoia_il4","violet","cursed-evasion","brass_executioner","S+",40103,Defeat,9.260,0.00,A
"violet_paranoia_il4","violet","cursed-evasion","thousand_handed_guardian","S+",40201,Defeat,11.960,0.00,A
"violet_paranoia_il4","violet","cursed-evasion","thousand_handed_guardian","S+",40202,Defeat,11.680,0.00,A
"violet_paranoia_il4","violet","cursed-evasion","thousand_handed_guardian","S+",40203,Defeat,13.353,0.00,A
"violet_paranoia_il4","violet","cursed-evasion","ashen_bastion","S+",40301,Defeat,16.853,0.00,A
"violet_paranoia_il4","violet","cursed-evasion","ashen_bastion","S+",40302,Defeat,19.040,0.00,A
"violet_paranoia_il4","violet","cursed-evasion","ashen_bastion","S+",40303,Defeat,16.133,0.00,A
"violet_paranoia_il8","violet","cursed-evasion","brass_executioner","B",10101,Victory,5.480,220.85,S
"violet_paranoia_il8","violet","cursed-evasion","brass_executioner","B",10102,Victory,5.200,225.00,S
"violet_paranoia_il8","violet","cursed-evasion","brass_executioner","B",10103,Victory,5.420,217.81,S
"violet_paranoia_il8","violet","cursed-evasion","thousand_handed_guardian","B",10201,Victory,4.740,225.00,S
"violet_paranoia_il8","violet","cursed-evasion","thousand_handed_guardian","B",10202,Victory,4.820,225.00,S
"violet_paranoia_il8","violet","cursed-evasion","thousand_handed_guardian","B",10203,Victory,5.160,225.00,S
"violet_paranoia_il8","violet","cursed-evasion","ashen_bastion","B",10301,Victory,7.820,225.00,S
"violet_paranoia_il8","violet","cursed-evasion","ashen_bastion","B",10302,Victory,7.540,225.00,S
"violet_paranoia_il8","violet","cursed-evasion","ashen_bastion","B",10303,Victory,8.140,225.00,S
"violet_paranoia_il8","violet","cursed-evasion","brass_executioner","A",20101,Victory,7.340,180.35,S
"violet_paranoia_il8","violet","cursed-evasion","brass_executioner","A",20102,Victory,7.280,200.60,S
"violet_paranoia_il8","violet","cursed-evasion","brass_executioner","A",20103,Victory,7.600,123.60,S
"violet_paranoia_il8","violet","cursed-evasion","thousand_handed_guardian","A",20201,Victory,6.580,225.00,S
"violet_paranoia_il8","violet","cursed-evasion","thousand_handed_guardian","A",20202,Victory,5.620,225.00,S
"violet_paranoia_il8","violet","cursed-evasion","thousand_handed_guardian","A",20203,Victory,6.420,225.00,S
"violet_paranoia_il8","violet","cursed-evasion","ashen_bastion","A",20301,Victory,9.260,225.00,S
"violet_paranoia_il8","violet","cursed-evasion","ashen_bastion","A",20302,Victory,12.240,225.00,S
"violet_paranoia_il8","violet","cursed-evasion","ashen_bastion","A",20303,Victory,12.380,225.00,S
"violet_paranoia_il8","violet","cursed-evasion","brass_executioner","S",30101,Victory,9.280,84.34,S
"violet_paranoia_il8","violet","cursed-evasion","brass_executioner","S",30102,Victory,9.320,114.50,S
"violet_paranoia_il8","violet","cursed-evasion","brass_executioner","S",30103,Victory,9.880,63.90,S
"violet_paranoia_il8","violet","cursed-evasion","thousand_handed_guardian","S",30201,Victory,8.420,225.00,S
"violet_paranoia_il8","violet","cursed-evasion","thousand_handed_guardian","S",30202,Victory,8.320,225.00,S
"violet_paranoia_il8","violet","cursed-evasion","thousand_handed_guardian","S",30203,Victory,7.940,225.00,S
"violet_paranoia_il8","violet","cursed-evasion","ashen_bastion","S",30301,Victory,16.180,209.14,S
"violet_paranoia_il8","violet","cursed-evasion","ashen_bastion","S",30302,Victory,15.080,219.10,S
"violet_paranoia_il8","violet","cursed-evasion","ashen_bastion","S",30303,Victory,15.140,221.44,S
"violet_paranoia_il8","violet","cursed-evasion","brass_executioner","S+",40101,Defeat,11.120,0.00,S
"violet_paranoia_il8","violet","cursed-evasion","brass_executioner","S+",40102,Defeat,8.000,0.00,S
"violet_paranoia_il8","violet","cursed-evasion","brass_executioner","S+",40103,Defeat,8.000,0.00,S
"violet_paranoia_il8","violet","cursed-evasion","thousand_handed_guardian","S+",40201,Victory,11.120,216.13,S
"violet_paranoia_il8","violet","cursed-evasion","thousand_handed_guardian","S+",40202,Victory,11.780,135.93,S
"violet_paranoia_il8","violet","cursed-evasion","thousand_handed_guardian","S+",40203,Victory,11.920,184.17,S
"violet_paranoia_il8","violet","cursed-evasion","ashen_bastion","S+",40301,Defeat,21.933,0.00,S
"violet_paranoia_il8","violet","cursed-evasion","ashen_bastion","S+",40302,Defeat,23.373,0.00,S
"violet_paranoia_il8","violet","cursed-evasion","ashen_bastion","S+",40303,Victory,23.634,78.73,S
"violet_paranoia_il12","violet","cursed-evasion","brass_executioner","B",10101,Victory,3.780,225.00,S
"violet_paranoia_il12","violet","cursed-evasion","brass_executioner","B",10102,Victory,3.700,225.00,S
"violet_paranoia_il12","violet","cursed-evasion","brass_executioner","B",10103,Victory,3.980,225.00,S
"violet_paranoia_il12","violet","cursed-evasion","thousand_handed_guardian","B",10201,Victory,2.780,225.00,S
"violet_paranoia_il12","violet","cursed-evasion","thousand_handed_guardian","B",10202,Victory,3.200,225.00,S
"violet_paranoia_il12","violet","cursed-evasion","thousand_handed_guardian","B",10203,Victory,2.960,225.00,S
"violet_paranoia_il12","violet","cursed-evasion","ashen_bastion","B",10301,Victory,3.740,225.00,S
"violet_paranoia_il12","violet","cursed-evasion","ashen_bastion","B",10302,Victory,5.600,225.00,S
"violet_paranoia_il12","violet","cursed-evasion","ashen_bastion","B",10303,Victory,5.300,225.00,S
"violet_paranoia_il12","violet","cursed-evasion","brass_executioner","A",20101,Victory,5.820,204.20,S
"violet_paranoia_il12","violet","cursed-evasion","brass_executioner","A",20102,Victory,5.360,216.60,S
"violet_paranoia_il12","violet","cursed-evasion","brass_executioner","A",20103,Victory,5.360,216.60,S
"violet_paranoia_il12","violet","cursed-evasion","thousand_handed_guardian","A",20201,Victory,4.400,225.00,S
"violet_paranoia_il12","violet","cursed-evasion","thousand_handed_guardian","A",20202,Victory,4.480,225.00,S
"violet_paranoia_il12","violet","cursed-evasion","thousand_handed_guardian","A",20203,Victory,4.280,225.00,S
"violet_paranoia_il12","violet","cursed-evasion","ashen_bastion","A",20301,Victory,6.220,225.00,S
"violet_paranoia_il12","violet","cursed-evasion","ashen_bastion","A",20302,Victory,7.160,225.00,S
"violet_paranoia_il12","violet","cursed-evasion","ashen_bastion","A",20303,Victory,6.960,225.00,S
"violet_paranoia_il12","violet","cursed-evasion","brass_executioner","S",30101,Victory,6.940,162.08,S
"violet_paranoia_il12","violet","cursed-evasion","brass_executioner","S",30102,Victory,6.400,171.80,S
"violet_paranoia_il12","violet","cursed-evasion","brass_executioner","S",30103,Victory,7.240,56.14,S
"violet_paranoia_il12","violet","cursed-evasion","thousand_handed_guardian","S",30201,Victory,5.220,225.00,S
"violet_paranoia_il12","violet","cursed-evasion","thousand_handed_guardian","S",30202,Victory,5.500,225.00,S
"violet_paranoia_il12","violet","cursed-evasion","thousand_handed_guardian","S",30203,Victory,5.220,225.00,S
"violet_paranoia_il12","violet","cursed-evasion","ashen_bastion","S",30301,Victory,9.360,225.00,S
"violet_paranoia_il12","violet","cursed-evasion","ashen_bastion","S",30302,Victory,9.160,225.00,S
"violet_paranoia_il12","violet","cursed-evasion","ashen_bastion","S",30303,Victory,10.780,225.00,S
"violet_paranoia_il12","violet","cursed-evasion","brass_executioner","S+",40101,Defeat,8.000,0.00,S
"violet_paranoia_il12","violet","cursed-evasion","brass_executioner","S+",40102,Defeat,8.000,0.00,S
"violet_paranoia_il12","violet","cursed-evasion","brass_executioner","S+",40103,Victory,9.100,38.34,S
"violet_paranoia_il12","violet","cursed-evasion","thousand_handed_guardian","S+",40201,Victory,7.380,225.00,S
"violet_paranoia_il12","violet","cursed-evasion","thousand_handed_guardian","S+",40202,Victory,8.420,225.00,S
"violet_paranoia_il12","violet","cursed-evasion","thousand_handed_guardian","S+",40203,Victory,8.360,225.00,S
"violet_paranoia_il12","violet","cursed-evasion","ashen_bastion","S+",40301,Victory,14.973,168.44,S
"violet_paranoia_il12","violet","cursed-evasion","ashen_bastion","S+",40302,Victory,14.513,210.17,S
"violet_paranoia_il12","violet","cursed-evasion","ashen_bastion","S+",40303,Victory,14.293,216.06,S
"violet_paranoia_il15","violet","cursed-evasion","brass_executioner","B",10101,Victory,2.740,225.00,S+
"violet_paranoia_il15","violet","cursed-evasion","brass_executioner","B",10102,Victory,2.860,225.00,S+
"violet_paranoia_il15","violet","cursed-evasion","brass_executioner","B",10103,Victory,2.860,225.00,S+
"violet_paranoia_il15","violet","cursed-evasion","thousand_handed_guardian","B",10201,Victory,2.140,225.00,S+
"violet_paranoia_il15","violet","cursed-evasion","thousand_handed_guardian","B",10202,Victory,2.180,225.00,S+
"violet_paranoia_il15","violet","cursed-evasion","thousand_handed_guardian","B",10203,Victory,2.040,225.00,S+
"violet_paranoia_il15","violet","cursed-evasion","ashen_bastion","B",10301,Victory,3.160,225.00,S+
"violet_paranoia_il15","violet","cursed-evasion","ashen_bastion","B",10302,Victory,2.800,225.00,S+
"violet_paranoia_il15","violet","cursed-evasion","ashen_bastion","B",10303,Victory,3.380,225.00,S+
"violet_paranoia_il15","violet","cursed-evasion","brass_executioner","A",20101,Victory,4.220,225.00,S+
"violet_paranoia_il15","violet","cursed-evasion","brass_executioner","A",20102,Victory,4.560,224.60,S+
"violet_paranoia_il15","violet","cursed-evasion","brass_executioner","A",20103,Victory,4.220,225.00,S+
"violet_paranoia_il15","violet","cursed-evasion","thousand_handed_guardian","A",20201,Victory,2.640,225.00,S+
"violet_paranoia_il15","violet","cursed-evasion","thousand_handed_guardian","A",20202,Victory,3.560,225.00,S+
"violet_paranoia_il15","violet","cursed-evasion","thousand_handed_guardian","A",20203,Victory,3.020,225.00,S+
"violet_paranoia_il15","violet","cursed-evasion","ashen_bastion","A",20301,Victory,5.180,225.00,S+
"violet_paranoia_il15","violet","cursed-evasion","ashen_bastion","A",20302,Victory,4.800,225.00,S+
"violet_paranoia_il15","violet","cursed-evasion","ashen_bastion","A",20303,Victory,5.200,225.00,S+
"violet_paranoia_il15","violet","cursed-evasion","brass_executioner","S",30101,Victory,5.880,139.88,S+
"violet_paranoia_il15","violet","cursed-evasion","brass_executioner","S",30102,Victory,4.980,212.40,S+
"violet_paranoia_il15","violet","cursed-evasion","brass_executioner","S",30103,Victory,5.240,164.48,S+
"violet_paranoia_il15","violet","cursed-evasion","thousand_handed_guardian","S",30201,Victory,4.280,225.00,S+
"violet_paranoia_il15","violet","cursed-evasion","thousand_handed_guardian","S",30202,Victory,2.940,225.00,S+
"violet_paranoia_il15","violet","cursed-evasion","thousand_handed_guardian","S",30203,Victory,3.420,225.00,S+
"violet_paranoia_il15","violet","cursed-evasion","ashen_bastion","S",30301,Victory,6.060,225.00,S+
"violet_paranoia_il15","violet","cursed-evasion","ashen_bastion","S",30302,Victory,6.680,225.00,S+
"violet_paranoia_il15","violet","cursed-evasion","ashen_bastion","S",30303,Victory,5.920,225.00,S+
"violet_paranoia_il15","violet","cursed-evasion","brass_executioner","S+",40101,Victory,6.800,184.05,S+
"violet_paranoia_il15","violet","cursed-evasion","brass_executioner","S+",40102,Victory,7.140,111.99,S+
"violet_paranoia_il15","violet","cursed-evasion","brass_executioner","S+",40103,Victory,7.120,71.60,S+
"violet_paranoia_il15","violet","cursed-evasion","thousand_handed_guardian","S+",40201,Victory,5.380,225.00,S+
"violet_paranoia_il15","violet","cursed-evasion","thousand_handed_guardian","S+",40202,Victory,5.920,225.00,S+
"violet_paranoia_il15","violet","cursed-evasion","thousand_handed_guardian","S+",40203,Victory,6.300,225.00,S+
"violet_paranoia_il15","violet","cursed-evasion","ashen_bastion","S+",40301,Victory,10.820,225.00,S+
"violet_paranoia_il15","violet","cursed-evasion","ashen_bastion","S+",40302,Victory,7.820,225.00,S+
"violet_paranoia_il15","violet","cursed-evasion","ashen_bastion","S+",40303,Victory,11.000,225.00,S+
"violet_betrayer_il1","violet","cursed-stealth","brass_executioner","B",10101,Defeat,7.500,0.00,C
"violet_betrayer_il1","violet","cursed-stealth","brass_executioner","B",10102,Victory,8.760,46.00,C
"violet_betrayer_il1","violet","cursed-stealth","brass_executioner","B",10103,Defeat,7.500,0.00,C
"violet_betrayer_il1","violet","cursed-stealth","thousand_handed_guardian","B",10201,Defeat,6.400,0.00,C
"violet_betrayer_il1","violet","cursed-stealth","thousand_handed_guardian","B",10202,Defeat,6.960,0.00,C
"violet_betrayer_il1","violet","cursed-stealth","thousand_handed_guardian","B",10203,Defeat,7.240,0.00,C
"violet_betrayer_il1","violet","cursed-stealth","ashen_bastion","B",10301,Defeat,11.680,0.00,C
"violet_betrayer_il1","violet","cursed-stealth","ashen_bastion","B",10302,Defeat,15.840,0.00,C
"violet_betrayer_il1","violet","cursed-stealth","ashen_bastion","B",10303,Defeat,12.520,0.00,C
"violet_betrayer_il1","violet","cursed-stealth","brass_executioner","A",20101,Defeat,6.000,0.00,C
"violet_betrayer_il1","violet","cursed-stealth","brass_executioner","A",20102,Defeat,6.000,0.00,C
"violet_betrayer_il1","violet","cursed-stealth","brass_executioner","A",20103,Defeat,6.000,0.00,C
"violet_betrayer_il1","violet","cursed-stealth","thousand_handed_guardian","A",20201,Defeat,5.000,0.00,C
"violet_betrayer_il1","violet","cursed-stealth","thousand_handed_guardian","A",20202,Defeat,5.000,0.00,C
"violet_betrayer_il1","violet","cursed-stealth","thousand_handed_guardian","A",20203,Defeat,4.180,0.00,C
"violet_betrayer_il1","violet","cursed-stealth","ashen_bastion","A",20301,Defeat,7.520,0.00,C
"violet_betrayer_il1","violet","cursed-stealth","ashen_bastion","A",20302,Defeat,9.180,0.00,C
"violet_betrayer_il1","violet","cursed-stealth","ashen_bastion","A",20303,Defeat,8.340,0.00,C
"violet_betrayer_il1","violet","cursed-stealth","brass_executioner","S",30101,Defeat,5.000,0.00,C
"violet_betrayer_il1","violet","cursed-stealth","brass_executioner","S",30102,Defeat,5.000,0.00,C
"violet_betrayer_il1","violet","cursed-stealth","brass_executioner","S",30103,Defeat,5.560,0.00,C
"violet_betrayer_il1","violet","cursed-stealth","thousand_handed_guardian","S",30201,Defeat,4.180,0.00,C
"violet_betrayer_il1","violet","cursed-stealth","thousand_handed_guardian","S",30202,Defeat,4.460,0.00,C
"violet_betrayer_il1","violet","cursed-stealth","thousand_handed_guardian","S",30203,Defeat,3.900,0.00,C
"violet_betrayer_il1","violet","cursed-stealth","ashen_bastion","S",30301,Defeat,8.340,0.00,C
"violet_betrayer_il1","violet","cursed-stealth","ashen_bastion","S",30302,Defeat,7.520,0.00,C
"violet_betrayer_il1","violet","cursed-stealth","ashen_bastion","S",30303,Defeat,5.840,0.00,C
"violet_betrayer_il1","violet","cursed-stealth","brass_executioner","S+",40101,Defeat,4.000,0.00,C
"violet_betrayer_il1","violet","cursed-stealth","brass_executioner","S+",40102,Defeat,4.000,0.00,C
"violet_betrayer_il1","violet","cursed-stealth","brass_executioner","S+",40103,Defeat,4.000,0.00,C
"violet_betrayer_il1","violet","cursed-stealth","thousand_handed_guardian","S+",40201,Defeat,2.500,0.00,C
"violet_betrayer_il1","violet","cursed-stealth","thousand_handed_guardian","S+",40202,Defeat,2.500,0.00,C
"violet_betrayer_il1","violet","cursed-stealth","thousand_handed_guardian","S+",40203,Defeat,2.780,0.00,C
"violet_betrayer_il1","violet","cursed-stealth","ashen_bastion","S+",40301,Defeat,6.680,0.00,C
"violet_betrayer_il1","violet","cursed-stealth","ashen_bastion","S+",40302,Defeat,4.180,0.00,C
"violet_betrayer_il1","violet","cursed-stealth","ashen_bastion","S+",40303,Defeat,4.180,0.00,C
"violet_betrayer_il4","violet","cursed-stealth","brass_executioner","B",10101,Victory,5.060,159.50,B
"violet_betrayer_il4","violet","cursed-stealth","brass_executioner","B",10102,Victory,5.060,159.50,B
"violet_betrayer_il4","violet","cursed-stealth","brass_executioner","B",10103,Victory,5.060,159.50,B
"violet_betrayer_il4","violet","cursed-stealth","thousand_handed_guardian","B",10201,Victory,6.320,165.51,B
"violet_betrayer_il4","violet","cursed-stealth","thousand_handed_guardian","B",10202,Victory,6.740,153.08,B
"violet_betrayer_il4","violet","cursed-stealth","thousand_handed_guardian","B",10203,Victory,6.740,176.10,B
"violet_betrayer_il4","violet","cursed-stealth","ashen_bastion","B",10301,Victory,8.840,182.25,B
"violet_betrayer_il4","violet","cursed-stealth","ashen_bastion","B",10302,Victory,7.580,216.00,B
"violet_betrayer_il4","violet","cursed-stealth","ashen_bastion","B",10303,Victory,9.260,191.00,B
"violet_betrayer_il4","violet","cursed-stealth","brass_executioner","A",20101,Defeat,6.000,0.00,B
"violet_betrayer_il4","violet","cursed-stealth","brass_executioner","A",20102,Defeat,6.000,0.00,B
"violet_betrayer_il4","violet","cursed-stealth","brass_executioner","A",20103,Defeat,6.000,0.00,B
"violet_betrayer_il4","violet","cursed-stealth","thousand_handed_guardian","A",20201,Victory,8.840,45.68,B
"violet_betrayer_il4","violet","cursed-stealth","thousand_handed_guardian","A",20202,Defeat,7.500,0.00,B
"violet_betrayer_il4","violet","cursed-stealth","thousand_handed_guardian","A",20203,Defeat,7.240,0.00,B
"violet_betrayer_il4","violet","cursed-stealth","ashen_bastion","A",20301,Defeat,13.340,0.00,B
"violet_betrayer_il4","violet","cursed-stealth","ashen_bastion","A",20302,Victory,13.900,20.50,B
"violet_betrayer_il4","violet","cursed-stealth","ashen_bastion","A",20303,Defeat,13.340,0.00,B
"violet_betrayer_il4","violet","cursed-stealth","brass_executioner","S",30101,Defeat,5.560,0.00,B
"violet_betrayer_il4","violet","cursed-stealth","brass_executioner","S",30102,Defeat,5.000,0.00,B
"violet_betrayer_il4","violet","cursed-stealth","brass_executioner","S",30103,Defeat,9.260,0.00,B
"violet_betrayer_il4","violet","cursed-stealth","thousand_handed_guardian","S",30201,Defeat,6.680,0.00,B
"violet_betrayer_il4","violet","cursed-stealth","thousand_handed_guardian","S",30202,Defeat,6.960,0.00,B
"violet_betrayer_il4","violet","cursed-stealth","thousand_handed_guardian","S",30203,Defeat,6.120,0.00,B
"violet_betrayer_il4","violet","cursed-stealth","ashen_bastion","S",30301,Defeat,10.840,0.00,B
"violet_betrayer_il4","violet","cursed-stealth","ashen_bastion","S",30302,Defeat,10.020,0.00,B
"violet_betrayer_il4","violet","cursed-stealth","ashen_bastion","S",30303,Defeat,7.520,0.00,B
"violet_betrayer_il4","violet","cursed-stealth","brass_executioner","S+",40101,Defeat,4.000,0.00,B
"violet_betrayer_il4","violet","cursed-stealth","brass_executioner","S+",40102,Defeat,4.000,0.00,B
"violet_betrayer_il4","violet","cursed-stealth","brass_executioner","S+",40103,Defeat,4.000,0.00,B
"violet_betrayer_il4","violet","cursed-stealth","thousand_handed_guardian","S+",40201,Defeat,3.620,0.00,B
"violet_betrayer_il4","violet","cursed-stealth","thousand_handed_guardian","S+",40202,Defeat,3.900,0.00,B
"violet_betrayer_il4","violet","cursed-stealth","thousand_handed_guardian","S+",40203,Defeat,3.620,0.00,B
"violet_betrayer_il4","violet","cursed-stealth","ashen_bastion","S+",40301,Defeat,7.520,0.00,B
"violet_betrayer_il4","violet","cursed-stealth","ashen_bastion","S+",40302,Defeat,5.020,0.00,B
"violet_betrayer_il4","violet","cursed-stealth","ashen_bastion","S+",40303,Defeat,5.840,0.00,B
"violet_betrayer_il8","violet","cursed-stealth","brass_executioner","B",10101,Victory,3.260,205.75,S
"violet_betrayer_il8","violet","cursed-stealth","brass_executioner","B",10102,Victory,3.260,205.75,S
"violet_betrayer_il8","violet","cursed-stealth","brass_executioner","B",10103,Victory,3.260,205.75,S
"violet_betrayer_il8","violet","cursed-stealth","thousand_handed_guardian","B",10201,Victory,4.480,225.00,S
"violet_betrayer_il8","violet","cursed-stealth","thousand_handed_guardian","B",10202,Victory,4.480,225.00,S
"violet_betrayer_il8","violet","cursed-stealth","thousand_handed_guardian","B",10203,Victory,4.060,225.00,S
"violet_betrayer_il8","violet","cursed-stealth","ashen_bastion","B",10301,Victory,5.700,225.00,S
"violet_betrayer_il8","violet","cursed-stealth","ashen_bastion","B",10302,Victory,5.700,225.00,S
"violet_betrayer_il8","violet","cursed-stealth","ashen_bastion","B",10303,Victory,5.700,225.00,S
"violet_betrayer_il8","violet","cursed-stealth","brass_executioner","A",20101,Victory,4.480,185.50,S
"violet_betrayer_il8","violet","cursed-stealth","brass_executioner","A",20102,Victory,4.880,142.00,S
"violet_betrayer_il8","violet","cursed-stealth","brass_executioner","A",20103,Victory,4.880,142.00,S
"violet_betrayer_il8","violet","cursed-stealth","thousand_handed_guardian","A",20201,Victory,5.700,225.00,S
"violet_betrayer_il8","violet","cursed-stealth","thousand_handed_guardian","A",20202,Victory,5.700,225.00,S
"violet_betrayer_il8","violet","cursed-stealth","thousand_handed_guardian","A",20203,Victory,5.280,222.84,S
"violet_betrayer_il8","violet","cursed-stealth","ashen_bastion","A",20301,Victory,7.720,220.50,S
"violet_betrayer_il8","violet","cursed-stealth","ashen_bastion","A",20302,Victory,7.320,212.50,S
"violet_betrayer_il8","violet","cursed-stealth","ashen_bastion","A",20303,Victory,7.320,212.50,S
"violet_betrayer_il8","violet","cursed-stealth","brass_executioner","S",30101,Defeat,5.560,0.00,S
"violet_betrayer_il8","violet","cursed-stealth","brass_executioner","S",30102,Defeat,5.000,0.00,S
"violet_betrayer_il8","violet","cursed-stealth","brass_executioner","S",30103,Defeat,5.000,0.00,S
"violet_betrayer_il8","violet","cursed-stealth","thousand_handed_guardian","S",30201,Victory,6.900,179.64,S
"violet_betrayer_il8","violet","cursed-stealth","thousand_handed_guardian","S",30202,Victory,6.500,203.40,S
"violet_betrayer_il8","violet","cursed-stealth","thousand_handed_guardian","S",30203,Victory,6.900,169.80,S
"violet_betrayer_il8","violet","cursed-stealth","ashen_bastion","S",30301,Victory,9.340,105.30,S
"violet_betrayer_il8","violet","cursed-stealth","ashen_bastion","S",30302,Victory,9.340,82.00,S
"violet_betrayer_il8","violet","cursed-stealth","ashen_bastion","S",30303,Victory,11.380,82.00,S
"violet_betrayer_il8","violet","cursed-stealth","brass_executioner","S+",40101,Defeat,4.000,0.00,S
"violet_betrayer_il8","violet","cursed-stealth","brass_executioner","S+",40102,Defeat,4.000,0.00,S
"violet_betrayer_il8","violet","cursed-stealth","brass_executioner","S+",40103,Defeat,4.000,0.00,S
"violet_betrayer_il8","violet","cursed-stealth","thousand_handed_guardian","S+",40201,Defeat,5.560,0.00,S
"violet_betrayer_il8","violet","cursed-stealth","thousand_handed_guardian","S+",40202,Defeat,5.280,0.00,S
"violet_betrayer_il8","violet","cursed-stealth","thousand_handed_guardian","S+",40203,Defeat,5.560,0.00,S
"violet_betrayer_il8","violet","cursed-stealth","ashen_bastion","S+",40301,Defeat,7.520,0.00,S
"violet_betrayer_il8","violet","cursed-stealth","ashen_bastion","S+",40302,Defeat,13.353,0.00,S
"violet_betrayer_il8","violet","cursed-stealth","ashen_bastion","S+",40303,Defeat,10.020,0.00,S
"violet_betrayer_il12","violet","cursed-stealth","brass_executioner","B",10101,Victory,2.360,217.75,S
"violet_betrayer_il12","violet","cursed-stealth","brass_executioner","B",10102,Victory,2.760,217.75,S
"violet_betrayer_il12","violet","cursed-stealth","brass_executioner","B",10103,Victory,2.360,217.75,S
"violet_betrayer_il12","violet","cursed-stealth","thousand_handed_guardian","B",10201,Victory,3.140,225.00,S
"violet_betrayer_il12","violet","cursed-stealth","thousand_handed_guardian","B",10202,Victory,3.140,225.00,S
"violet_betrayer_il12","violet","cursed-stealth","thousand_handed_guardian","B",10203,Victory,3.140,225.00,S
"violet_betrayer_il12","violet","cursed-stealth","ashen_bastion","B",10301,Victory,3.540,225.00,S
"violet_betrayer_il12","violet","cursed-stealth","ashen_bastion","B",10302,Victory,3.540,225.00,S
"violet_betrayer_il12","violet","cursed-stealth","ashen_bastion","B",10303,Victory,3.540,225.00,S
"violet_betrayer_il12","violet","cursed-stealth","brass_executioner","A",20101,Victory,3.540,197.50,S
"violet_betrayer_il12","violet","cursed-stealth","brass_executioner","A",20102,Victory,3.540,197.50,S
"violet_betrayer_il12","violet","cursed-stealth","brass_executioner","A",20103,Victory,3.540,197.50,S
"violet_betrayer_il12","violet","cursed-stealth","thousand_handed_guardian","A",20201,Victory,4.320,225.00,S
"violet_betrayer_il12","violet","cursed-stealth","thousand_handed_guardian","A",20202,Victory,4.320,225.00,S
"violet_betrayer_il12","violet","cursed-stealth","thousand_handed_guardian","A",20203,Victory,3.920,225.00,S
"violet_betrayer_il12","violet","cursed-stealth","ashen_bastion","A",20301,Victory,5.880,225.00,S
"violet_betrayer_il12","violet","cursed-stealth","ashen_bastion","A",20302,Victory,5.500,225.00,S
"violet_betrayer_il12","violet","cursed-stealth","ashen_bastion","A",20303,Victory,5.880,225.00,S
"violet_betrayer_il12","violet","cursed-stealth","brass_executioner","S",30101,Victory,4.320,225.00,S
"violet_betrayer_il12","violet","cursed-stealth","brass_executioner","S",30102,Victory,4.320,133.60,S
"violet_betrayer_il12","violet","cursed-stealth","brass_executioner","S",30103,Victory,4.720,133.60,S
"violet_betrayer_il12","violet","cursed-stealth","thousand_handed_guardian","S",30201,Victory,5.100,225.00,S
"violet_betrayer_il12","violet","cursed-stealth","thousand_handed_guardian","S",30202,Victory,5.500,225.00,S
"violet_betrayer_il12","violet","cursed-stealth","thousand_handed_guardian","S",30203,Victory,5.100,225.00,S
"violet_betrayer_il12","violet","cursed-stealth","ashen_bastion","S",30301,Victory,7.060,207.80,S
"violet_betrayer_il12","violet","cursed-stealth","ashen_bastion","S",30302,Victory,7.060,223.70,S
"violet_betrayer_il12","violet","cursed-stealth","ashen_bastion","S",30303,Victory,7.060,220.40,S
"violet_betrayer_il12","violet","cursed-stealth","brass_executioner","S+",40101,Defeat,4.000,0.00,S
"violet_betrayer_il12","violet","cursed-stealth","brass_executioner","S+",40102,Defeat,4.000,0.00,S
"violet_betrayer_il12","violet","cursed-stealth","brass_executioner","S+",40103,Defeat,4.000,0.00,S
"violet_betrayer_il12","violet","cursed-stealth","thousand_handed_guardian","S+",40201,Victory,6.680,26.26,S
"violet_betrayer_il12","violet","cursed-stealth","thousand_handed_guardian","S+",40202,Victory,7.060,53.85,S
"violet_betrayer_il12","violet","cursed-stealth","thousand_handed_guardian","S+",40203,Defeat,7.240,0.00,S
"violet_betrayer_il12","violet","cursed-stealth","ashen_bastion","S+",40301,Defeat,10.020,0.00,S
"violet_betrayer_il12","violet","cursed-stealth","ashen_bastion","S+",40302,Victory,10.980,113.35,S
"violet_betrayer_il12","violet","cursed-stealth","ashen_bastion","S+",40303,Victory,11.760,113.35,S
"violet_betrayer_il15","violet","cursed-stealth","brass_executioner","B",10101,Victory,1.900,225.00,S
"violet_betrayer_il15","violet","cursed-stealth","brass_executioner","B",10102,Victory,1.900,225.00,S
"violet_betrayer_il15","violet","cursed-stealth","brass_executioner","B",10103,Victory,1.900,225.00,S
"violet_betrayer_il15","violet","cursed-stealth","thousand_handed_guardian","B",10201,Victory,2.660,225.00,S
"violet_betrayer_il15","violet","cursed-stealth","thousand_handed_guardian","B",10202,Victory,2.660,225.00,S
"violet_betrayer_il15","violet","cursed-stealth","thousand_handed_guardian","B",10203,Victory,2.660,225.00,S
"violet_betrayer_il15","violet","cursed-stealth","ashen_bastion","B",10301,Victory,3.040,225.00,S
"violet_betrayer_il15","violet","cursed-stealth","ashen_bastion","B",10302,Victory,2.780,225.00,S
"violet_betrayer_il15","violet","cursed-stealth","ashen_bastion","B",10303,Victory,3.040,225.00,S
"violet_betrayer_il15","violet","cursed-stealth","brass_executioner","A",20101,Victory,2.660,206.50,S
"violet_betrayer_il15","violet","cursed-stealth","brass_executioner","A",20102,Victory,3.040,206.50,S
"violet_betrayer_il15","violet","cursed-stealth","brass_executioner","A",20103,Victory,3.040,206.50,S
"violet_betrayer_il15","violet","cursed-stealth","thousand_handed_guardian","A",20201,Victory,3.420,225.00,S
"violet_betrayer_il15","violet","cursed-stealth","thousand_handed_guardian","A",20202,Victory,3.420,225.00,S
"violet_betrayer_il15","violet","cursed-stealth","thousand_handed_guardian","A",20203,Victory,3.420,225.00,S
"violet_betrayer_il15","violet","cursed-stealth","ashen_bastion","A",20301,Victory,4.940,225.00,S
"violet_betrayer_il15","violet","cursed-stealth","ashen_bastion","A",20302,Victory,3.800,225.00,S
"violet_betrayer_il15","violet","cursed-stealth","ashen_bastion","A",20303,Victory,4.940,225.00,S
"violet_betrayer_il15","violet","cursed-stealth","brass_executioner","S",30101,Victory,3.420,225.00,S
"violet_betrayer_il15","violet","cursed-stealth","brass_executioner","S",30102,Victory,3.420,190.30,S
"violet_betrayer_il15","violet","cursed-stealth","brass_executioner","S",30103,Victory,3.800,151.60,S
"violet_betrayer_il15","violet","cursed-stealth","thousand_handed_guardian","S",30201,Victory,3.800,225.00,S
"violet_betrayer_il15","violet","cursed-stealth","thousand_handed_guardian","S",30202,Victory,4.560,225.00,S
"violet_betrayer_il15","violet","cursed-stealth","thousand_handed_guardian","S",30203,Victory,4.560,225.00,S
"violet_betrayer_il15","violet","cursed-stealth","ashen_bastion","S",30301,Victory,5.700,225.00,S
"violet_betrayer_il15","violet","cursed-stealth","ashen_bastion","S",30302,Victory,6.080,225.00,S
"violet_betrayer_il15","violet","cursed-stealth","ashen_bastion","S",30303,Victory,6.080,225.00,S
"violet_betrayer_il15","violet","cursed-stealth","brass_executioner","S+",40101,Defeat,4.000,0.00,S
"violet_betrayer_il15","violet","cursed-stealth","brass_executioner","S+",40102,Victory,5.320,17.85,S
"violet_betrayer_il15","violet","cursed-stealth","brass_executioner","S+",40103,Defeat,4.000,0.00,S
"violet_betrayer_il15","violet","cursed-stealth","thousand_handed_guardian","S+",40201,Victory,5.700,177.33,S
"violet_betrayer_il15","violet","cursed-stealth","thousand_handed_guardian","S+",40202,Victory,5.700,200.55,S
"violet_betrayer_il15","violet","cursed-stealth","thousand_handed_guardian","S+",40203,Victory,5.700,189.90,S
"violet_betrayer_il15","violet","cursed-stealth","ashen_bastion","S+",40301,Victory,7.960,133.40,S
"violet_betrayer_il15","violet","cursed-stealth","ashen_bastion","S+",40302,Victory,7.580,224.05,S
"violet_betrayer_il15","violet","cursed-stealth","ashen_bastion","S+",40303,Victory,8.340,190.25,S
"violet_execution_il1","violet","maximum-execution","brass_executioner","B",10101,Victory,8.540,34.25,B
"violet_execution_il1","violet","maximum-execution","brass_executioner","B",10102,Defeat,9.260,0.00,B
"violet_execution_il1","violet","maximum-execution","brass_executioner","B",10103,Defeat,7.500,0.00,B
"violet_execution_il1","violet","maximum-execution","thousand_handed_guardian","B",10201,Victory,9.440,127.69,B
"violet_execution_il1","violet","maximum-execution","thousand_handed_guardian","B",10202,Victory,9.340,31.22,B
"violet_execution_il1","violet","maximum-execution","thousand_handed_guardian","B",10203,Victory,8.440,202.00,B
"violet_execution_il1","violet","maximum-execution","ashen_bastion","B",10301,Victory,16.640,151.20,B
"violet_execution_il1","violet","maximum-execution","ashen_bastion","B",10302,Victory,15.840,173.50,B
"violet_execution_il1","violet","maximum-execution","ashen_bastion","B",10303,Victory,17.460,93.60,B
"violet_execution_il1","violet","maximum-execution","brass_executioner","A",20101,Defeat,6.000,0.00,B
"violet_execution_il1","violet","maximum-execution","brass_executioner","A",20102,Defeat,6.000,0.00,B
"violet_execution_il1","violet","maximum-execution","brass_executioner","A",20103,Defeat,6.000,0.00,B
"violet_execution_il1","violet","maximum-execution","thousand_handed_guardian","A",20201,Defeat,9.180,0.00,B
"violet_execution_il1","violet","maximum-execution","thousand_handed_guardian","A",20202,Defeat,10.840,0.00,B
"violet_execution_il1","violet","maximum-execution","thousand_handed_guardian","A",20203,Defeat,8.340,0.00,B
"violet_execution_il1","violet","maximum-execution","ashen_bastion","A",20301,Defeat,20.700,0.00,B
"violet_execution_il1","violet","maximum-execution","ashen_bastion","A",20302,Defeat,13.340,0.00,B
"violet_execution_il1","violet","maximum-execution","ashen_bastion","A",20303,Defeat,15.020,0.00,B
"violet_execution_il1","violet","maximum-execution","brass_executioner","S",30101,Defeat,9.260,0.00,B
"violet_execution_il1","violet","maximum-execution","brass_executioner","S",30102,Defeat,5.000,0.00,B
"violet_execution_il1","violet","maximum-execution","brass_executioner","S",30103,Defeat,9.260,0.00,B
"violet_execution_il1","violet","maximum-execution","thousand_handed_guardian","S",30201,Defeat,8.060,0.00,B
"violet_execution_il1","violet","maximum-execution","thousand_handed_guardian","S",30202,Defeat,7.780,0.00,B
"violet_execution_il1","violet","maximum-execution","thousand_handed_guardian","S",30203,Defeat,6.680,0.00,B
"violet_execution_il1","violet","maximum-execution","ashen_bastion","S",30301,Defeat,10.840,0.00,B
"violet_execution_il1","violet","maximum-execution","ashen_bastion","S",30302,Defeat,12.520,0.00,B
"violet_execution_il1","violet","maximum-execution","ashen_bastion","S",30303,Defeat,10.840,0.00,B
"violet_execution_il1","violet","maximum-execution","brass_executioner","S+",40101,Defeat,4.000,0.00,B
"violet_execution_il1","violet","maximum-execution","brass_executioner","S+",40102,Defeat,4.000,0.00,B
"violet_execution_il1","violet","maximum-execution","brass_executioner","S+",40103,Defeat,4.000,0.00,B
"violet_execution_il1","violet","maximum-execution","thousand_handed_guardian","S+",40201,Defeat,3.900,0.00,B
"violet_execution_il1","violet","maximum-execution","thousand_handed_guardian","S+",40202,Defeat,4.180,0.00,B
"violet_execution_il1","violet","maximum-execution","thousand_handed_guardian","S+",40203,Defeat,3.900,0.00,B
"violet_execution_il1","violet","maximum-execution","ashen_bastion","S+",40301,Defeat,5.840,0.00,B
"violet_execution_il1","violet","maximum-execution","ashen_bastion","S+",40302,Defeat,13.353,0.00,B
"violet_execution_il1","violet","maximum-execution","ashen_bastion","S+",40303,Defeat,10.840,0.00,B
"violet_execution_il4","violet","maximum-execution","brass_executioner","B",10101,Victory,4.780,204.85,S
"violet_execution_il4","violet","maximum-execution","brass_executioner","B",10102,Victory,5.140,225.00,S
"violet_execution_il4","violet","maximum-execution","brass_executioner","B",10103,Victory,5.500,204.85,S
"violet_execution_il4","violet","maximum-execution","thousand_handed_guardian","B",10201,Victory,4.400,225.00,S
"violet_execution_il4","violet","maximum-execution","thousand_handed_guardian","B",10202,Victory,4.780,225.00,S
"violet_execution_il4","violet","maximum-execution","thousand_handed_guardian","B",10203,Victory,4.400,225.00,S
"violet_execution_il4","violet","maximum-execution","ashen_bastion","B",10301,Victory,7.340,225.00,S
"violet_execution_il4","violet","maximum-execution","ashen_bastion","B",10302,Victory,7.700,225.00,S
"violet_execution_il4","violet","maximum-execution","ashen_bastion","B",10303,Victory,7.340,225.00,S
"violet_execution_il4","violet","maximum-execution","brass_executioner","A",20101,Victory,6.240,140.20,S
"violet_execution_il4","violet","maximum-execution","brass_executioner","A",20102,Defeat,6.000,0.00,S
"violet_execution_il4","violet","maximum-execution","brass_executioner","A",20103,Defeat,6.000,0.00,S
"violet_execution_il4","violet","maximum-execution","thousand_handed_guardian","A",20201,Victory,5.880,224.50,S
"violet_execution_il4","violet","maximum-execution","thousand_handed_guardian","A",20202,Victory,5.880,225.00,S
"violet_execution_il4","violet","maximum-execution","thousand_handed_guardian","A",20203,Victory,5.500,225.00,S
"violet_execution_il4","violet","maximum-execution","ashen_bastion","A",20301,Victory,10.640,201.20,S
"violet_execution_il4","violet","maximum-execution","ashen_bastion","A",20302,Victory,9.180,213.00,S
"violet_execution_il4","violet","maximum-execution","ashen_bastion","A",20303,Victory,9.900,207.60,S
"violet_execution_il4","violet","maximum-execution","brass_executioner","S",30101,Defeat,7.420,0.00,S
"violet_execution_il4","violet","maximum-execution","brass_executioner","S",30102,Defeat,5.000,0.00,S
"violet_execution_il4","violet","maximum-execution","brass_executioner","S",30103,Victory,8.800,43.20,S
"violet_execution_il4","violet","maximum-execution","thousand_handed_guardian","S",30201,Victory,6.240,219.91,S
"violet_execution_il4","violet","maximum-execution","thousand_handed_guardian","S",30202,Victory,6.980,219.91,S
"violet_execution_il4","violet","maximum-execution","thousand_handed_guardian","S",30203,Victory,6.600,205.08,S
"violet_execution_il4","violet","maximum-execution","ashen_bastion","S",30301,Victory,10.280,139.60,S
"violet_execution_il4","violet","maximum-execution","ashen_bastion","S",30302,Victory,12.480,46.80,S
"violet_execution_il4","violet","maximum-execution","ashen_bastion","S",30303,Victory,13.580,46.80,S
"violet_execution_il4","violet","maximum-execution","brass_executioner","S+",40101,Defeat,4.000,0.00,S
"violet_execution_il4","violet","maximum-execution","brass_executioner","S+",40102,Defeat,8.000,0.00,S
"violet_execution_il4","violet","maximum-execution","brass_executioner","S+",40103,Defeat,4.000,0.00,S
"violet_execution_il4","violet","maximum-execution","thousand_handed_guardian","S+",40201,Defeat,6.680,0.00,S
"violet_execution_il4","violet","maximum-execution","thousand_handed_guardian","S+",40202,Defeat,6.960,0.00,S
"violet_execution_il4","violet","maximum-execution","thousand_handed_guardian","S+",40203,Defeat,6.400,0.00,S
"violet_execution_il4","violet","maximum-execution","ashen_bastion","S+",40301,Defeat,9.180,0.00,S
"violet_execution_il4","violet","maximum-execution","ashen_bastion","S+",40302,Defeat,17.580,0.00,S
"violet_execution_il4","violet","maximum-execution","ashen_bastion","S+",40303,Defeat,14.693,0.00,S
"violet_execution_il8","violet","maximum-execution","brass_executioner","B",10101,Victory,3.360,220.85,S
"violet_execution_il8","violet","maximum-execution","brass_executioner","B",10102,Victory,3.020,225.00,S
"violet_execution_il8","violet","maximum-execution","brass_executioner","B",10103,Victory,3.020,225.00,S
"violet_execution_il8","violet","maximum-execution","thousand_handed_guardian","B",10201,Victory,2.340,225.00,S
"violet_execution_il8","violet","maximum-execution","thousand_handed_guardian","B",10202,Victory,2.020,225.00,S
"violet_execution_il8","violet","maximum-execution","thousand_handed_guardian","B",10203,Victory,3.020,225.00,S
"violet_execution_il8","violet","maximum-execution","ashen_bastion","B",10301,Victory,4.020,225.00,S
"violet_execution_il8","violet","maximum-execution","ashen_bastion","B",10302,Victory,5.360,225.00,S
"violet_execution_il8","violet","maximum-execution","ashen_bastion","B",10303,Victory,4.360,225.00,S
"violet_execution_il8","violet","maximum-execution","brass_executioner","A",20101,Victory,4.360,172.20,S
"violet_execution_il8","violet","maximum-execution","brass_executioner","A",20102,Victory,4.020,200.60,S
"violet_execution_il8","violet","maximum-execution","brass_executioner","A",20103,Victory,4.020,200.60,S
"violet_execution_il8","violet","maximum-execution","thousand_handed_guardian","A",20201,Victory,3.360,225.00,S
"violet_execution_il8","violet","maximum-execution","thousand_handed_guardian","A",20202,Victory,3.360,225.00,S
"violet_execution_il8","violet","maximum-execution","thousand_handed_guardian","A",20203,Victory,3.360,225.00,S
"violet_execution_il8","violet","maximum-execution","ashen_bastion","A",20301,Victory,5.360,225.00,S
"violet_execution_il8","violet","maximum-execution","ashen_bastion","A",20302,Victory,5.700,225.00,S
"violet_execution_il8","violet","maximum-execution","ashen_bastion","A",20303,Victory,5.700,225.00,S
"violet_execution_il8","violet","maximum-execution","brass_executioner","S",30101,Victory,4.680,184.40,S
"violet_execution_il8","violet","maximum-execution","brass_executioner","S",30102,Victory,5.020,91.20,S
"violet_execution_il8","violet","maximum-execution","brass_executioner","S",30103,Victory,5.360,91.20,S
"violet_execution_il8","violet","maximum-execution","thousand_handed_guardian","S",30201,Victory,3.360,225.00,S
"violet_execution_il8","violet","maximum-execution","thousand_handed_guardian","S",30202,Victory,3.680,225.00,S
"violet_execution_il8","violet","maximum-execution","thousand_handed_guardian","S",30203,Victory,4.020,225.00,S
"violet_execution_il8","violet","maximum-execution","ashen_bastion","S",30301,Victory,6.020,225.00,S
"violet_execution_il8","violet","maximum-execution","ashen_bastion","S",30302,Victory,7.020,225.00,S
"violet_execution_il8","violet","maximum-execution","ashen_bastion","S",30303,Victory,6.700,225.00,S
"violet_execution_il8","violet","maximum-execution","brass_executioner","S+",40101,Defeat,5.560,0.00,S
"violet_execution_il8","violet","maximum-execution","brass_executioner","S+",40102,Defeat,5.560,0.00,S
"violet_execution_il8","violet","maximum-execution","brass_executioner","S+",40103,Victory,6.020,81.10,S
"violet_execution_il8","violet","maximum-execution","thousand_handed_guardian","S+",40201,Victory,5.700,203.61,S
"violet_execution_il8","violet","maximum-execution","thousand_handed_guardian","S+",40202,Victory,4.360,225.00,S
"violet_execution_il8","violet","maximum-execution","thousand_handed_guardian","S+",40203,Victory,4.680,225.00,S
"violet_execution_il8","violet","maximum-execution","ashen_bastion","S+",40301,Victory,9.040,175.75,S
"violet_execution_il8","violet","maximum-execution","ashen_bastion","S+",40302,Victory,8.040,175.75,S
"violet_execution_il8","violet","maximum-execution","ashen_bastion","S+",40303,Victory,8.040,191.60,S
"violet_execution_il12","violet","maximum-execution","brass_executioner","B",10101,Victory,2.160,225.00,S+
"violet_execution_il12","violet","maximum-execution","brass_executioner","B",10102,Victory,1.860,225.00,S+
"violet_execution_il12","violet","maximum-execution","brass_executioner","B",10103,Victory,2.160,225.00,S+
"violet_execution_il12","violet","maximum-execution","thousand_handed_guardian","B",10201,Victory,1.540,225.00,S+
"violet_execution_il12","violet","maximum-execution","thousand_handed_guardian","B",10202,Victory,1.240,225.00,S+
"violet_execution_il12","violet","maximum-execution","thousand_handed_guardian","B",10203,Victory,1.860,225.00,S+
"violet_execution_il12","violet","maximum-execution","ashen_bastion","B",10301,Victory,2.460,225.00,S+
"violet_execution_il12","violet","maximum-execution","ashen_bastion","B",10302,Victory,3.080,225.00,S+
"violet_execution_il12","violet","maximum-execution","ashen_bastion","B",10303,Victory,3.080,225.00,S+
"violet_execution_il12","violet","maximum-execution","brass_executioner","A",20101,Victory,2.460,216.60,S+
"violet_execution_il12","violet","maximum-execution","brass_executioner","A",20102,Victory,2.460,216.60,S+
"violet_execution_il12","violet","maximum-execution","brass_executioner","A",20103,Victory,2.780,216.60,S+
"violet_execution_il12","violet","maximum-execution","thousand_handed_guardian","A",20201,Victory,2.460,225.00,S+
"violet_execution_il12","violet","maximum-execution","thousand_handed_guardian","A",20202,Victory,1.860,225.00,S+
"violet_execution_il12","violet","maximum-execution","thousand_handed_guardian","A",20203,Victory,1.860,225.00,S+
"violet_execution_il12","violet","maximum-execution","ashen_bastion","A",20301,Victory,2.780,225.00,S+
"violet_execution_il12","violet","maximum-execution","ashen_bastion","A",20302,Victory,4.000,225.00,S+
"violet_execution_il12","violet","maximum-execution","ashen_bastion","A",20303,Victory,3.380,225.00,S+
"violet_execution_il12","violet","maximum-execution","brass_executioner","S",30101,Victory,3.380,200.40,S+
"violet_execution_il12","violet","maximum-execution","brass_executioner","S",30102,Victory,3.080,200.40,S+
"violet_execution_il12","violet","maximum-execution","brass_executioner","S",30103,Victory,3.700,200.40,S+
"violet_execution_il12","violet","maximum-execution","thousand_handed_guardian","S",30201,Victory,2.160,225.00,S+
"violet_execution_il12","violet","maximum-execution","thousand_handed_guardian","S",30202,Victory,1.860,225.00,S+
"violet_execution_il12","violet","maximum-execution","thousand_handed_guardian","S",30203,Victory,3.080,225.00,S+
"violet_execution_il12","violet","maximum-execution","ashen_bastion","S",30301,Victory,4.300,225.00,S+
"violet_execution_il12","violet","maximum-execution","ashen_bastion","S",30302,Victory,4.300,225.00,S+
"violet_execution_il12","violet","maximum-execution","ashen_bastion","S",30303,Victory,4.300,225.00,S+
"violet_execution_il12","violet","maximum-execution","brass_executioner","S+",40101,Victory,4.300,48.15,S+
"violet_execution_il12","violet","maximum-execution","brass_executioner","S+",40102,Defeat,4.000,0.00,S+
"violet_execution_il12","violet","maximum-execution","brass_executioner","S+",40103,Victory,3.960,172.05,S+
"violet_execution_il12","violet","maximum-execution","thousand_handed_guardian","S+",40201,Victory,3.080,225.00,S+
"violet_execution_il12","violet","maximum-execution","thousand_handed_guardian","S+",40202,Victory,2.780,225.00,S+
"violet_execution_il12","violet","maximum-execution","thousand_handed_guardian","S+",40203,Victory,3.080,225.00,S+
"violet_execution_il12","violet","maximum-execution","ashen_bastion","S+",40301,Victory,5.840,225.00,S+
"violet_execution_il12","violet","maximum-execution","ashen_bastion","S+",40302,Victory,4.000,225.00,S+
"violet_execution_il12","violet","maximum-execution","ashen_bastion","S+",40303,Victory,5.240,225.00,S+
"violet_execution_il15","violet","maximum-execution","brass_executioner","B",10101,Victory,1.440,225.00,S+
"violet_execution_il15","violet","maximum-execution","brass_executioner","B",10102,Victory,1.440,225.00,S+
"violet_execution_il15","violet","maximum-execution","brass_executioner","B",10103,Victory,1.440,225.00,S+
"violet_execution_il15","violet","maximum-execution","thousand_handed_guardian","B",10201,Victory,1.140,225.00,S+
"violet_execution_il15","violet","maximum-execution","thousand_handed_guardian","B",10202,Victory,1.140,225.00,S+
"violet_execution_il15","violet","maximum-execution","thousand_handed_guardian","B",10203,Victory,1.140,225.00,S+
"violet_execution_il15","violet","maximum-execution","ashen_bastion","B",10301,Victory,1.720,225.00,S+
"violet_execution_il15","violet","maximum-execution","ashen_bastion","B",10302,Victory,2.280,225.00,S+
"violet_execution_il15","violet","maximum-execution","ashen_bastion","B",10303,Victory,2.280,225.00,S+
"violet_execution_il15","violet","maximum-execution","brass_executioner","A",20101,Victory,2.000,225.00,S+
"violet_execution_il15","violet","maximum-execution","brass_executioner","A",20102,Victory,1.720,225.00,S+
"violet_execution_il15","violet","maximum-execution","brass_executioner","A",20103,Victory,2.000,225.00,S+
"violet_execution_il15","violet","maximum-execution","thousand_handed_guardian","A",20201,Victory,1.440,225.00,S+
"violet_execution_il15","violet","maximum-execution","thousand_handed_guardian","A",20202,Victory,1.440,225.00,S+
"violet_execution_il15","violet","maximum-execution","thousand_handed_guardian","A",20203,Victory,1.440,225.00,S+
"violet_execution_il15","violet","maximum-execution","ashen_bastion","A",20301,Victory,2.280,225.00,S+
"violet_execution_il15","violet","maximum-execution","ashen_bastion","A",20302,Victory,2.860,225.00,S+
"violet_execution_il15","violet","maximum-execution","ashen_bastion","A",20303,Victory,2.560,225.00,S+
"violet_execution_il15","violet","maximum-execution","brass_executioner","S",30101,Victory,2.560,212.40,S+
"violet_execution_il15","violet","maximum-execution","brass_executioner","S",30102,Victory,2.000,212.40,S+
"violet_execution_il15","violet","maximum-execution","brass_executioner","S",30103,Victory,2.560,212.40,S+
"violet_execution_il15","violet","maximum-execution","thousand_handed_guardian","S",30201,Victory,1.440,225.00,S+
"violet_execution_il15","violet","maximum-execution","thousand_handed_guardian","S",30202,Victory,1.140,225.00,S+
"violet_execution_il15","violet","maximum-execution","thousand_handed_guardian","S",30203,Victory,2.280,225.00,S+
"violet_execution_il15","violet","maximum-execution","ashen_bastion","S",30301,Victory,3.420,225.00,S+
"violet_execution_il15","violet","maximum-execution","ashen_bastion","S",30302,Victory,3.140,225.00,S+
"violet_execution_il15","violet","maximum-execution","ashen_bastion","S",30303,Victory,3.140,225.00,S+
"violet_execution_il15","violet","maximum-execution","brass_executioner","S+",40101,Victory,2.860,184.05,S+
"violet_execution_il15","violet","maximum-execution","brass_executioner","S+",40102,Victory,2.860,184.05,S+
"violet_execution_il15","violet","maximum-execution","brass_executioner","S+",40103,Victory,2.280,225.00,S+
"violet_execution_il15","violet","maximum-execution","thousand_handed_guardian","S+",40201,Victory,2.000,225.00,S+
"violet_execution_il15","violet","maximum-execution","thousand_handed_guardian","S+",40202,Victory,1.720,225.00,S+
"violet_execution_il15","violet","maximum-execution","thousand_handed_guardian","S+",40203,Victory,2.280,225.00,S+
"violet_execution_il15","violet","maximum-execution","ashen_bastion","S+",40301,Victory,3.980,225.00,S+
"violet_execution_il15","violet","maximum-execution","ashen_bastion","S+",40302,Victory,2.860,225.00,S+
"violet_execution_il15","violet","maximum-execution","ashen_bastion","S+",40303,Victory,4.280,225.00,S+
"violet_balanced_il1","violet","balanced","brass_executioner","B",10101,Defeat,7.500,0.00,B
"violet_balanced_il1","violet","balanced","brass_executioner","B",10102,Defeat,7.500,0.00,B
"violet_balanced_il1","violet","balanced","brass_executioner","B",10103,Defeat,7.500,0.00,B
"violet_balanced_il1","violet","balanced","thousand_handed_guardian","B",10201,Defeat,7.780,0.00,B
"violet_balanced_il1","violet","balanced","thousand_handed_guardian","B",10202,Defeat,8.900,0.00,B
"violet_balanced_il1","violet","balanced","thousand_handed_guardian","B",10203,Defeat,8.620,0.00,B
"violet_balanced_il1","violet","balanced","ashen_bastion","B",10301,Defeat,15.020,0.00,B
"violet_balanced_il1","violet","balanced","ashen_bastion","B",10302,Victory,16.180,62.42,B
"violet_balanced_il1","violet","balanced","ashen_bastion","B",10303,Victory,16.180,9.30,B
"violet_balanced_il1","violet","balanced","brass_executioner","A",20101,Defeat,6.000,0.00,B
"violet_balanced_il1","violet","balanced","brass_executioner","A",20102,Defeat,6.000,0.00,B
"violet_balanced_il1","violet","balanced","brass_executioner","A",20103,Defeat,6.000,0.00,B
"violet_balanced_il1","violet","balanced","thousand_handed_guardian","A",20201,Defeat,6.960,0.00,B
"violet_balanced_il1","violet","balanced","thousand_handed_guardian","A",20202,Defeat,6.680,0.00,B
"violet_balanced_il1","violet","balanced","thousand_handed_guardian","A",20203,Defeat,6.960,0.00,B
"violet_balanced_il1","violet","balanced","ashen_bastion","A",20301,Defeat,11.680,0.00,B
"violet_balanced_il1","violet","balanced","ashen_bastion","A",20302,Defeat,18.340,0.00,B
"violet_balanced_il1","violet","balanced","ashen_bastion","A",20303,Defeat,15.840,0.00,B
"violet_balanced_il1","violet","balanced","brass_executioner","S",30101,Defeat,5.000,0.00,B
"violet_balanced_il1","violet","balanced","brass_executioner","S",30102,Defeat,5.000,0.00,B
"violet_balanced_il1","violet","balanced","brass_executioner","S",30103,Defeat,5.000,0.00,B
"violet_balanced_il1","violet","balanced","thousand_handed_guardian","S",30201,Defeat,4.180,0.00,B
"violet_balanced_il1","violet","balanced","thousand_handed_guardian","S",30202,Defeat,4.460,0.00,B
"violet_balanced_il1","violet","balanced","thousand_handed_guardian","S",30203,Defeat,4.740,0.00,B
"violet_balanced_il1","violet","balanced","ashen_bastion","S",30301,Defeat,11.680,0.00,B
"violet_balanced_il1","violet","balanced","ashen_bastion","S",30302,Defeat,9.180,0.00,B
"violet_balanced_il1","violet","balanced","ashen_bastion","S",30303,Defeat,6.680,0.00,B
"violet_balanced_il1","violet","balanced","brass_executioner","S+",40101,Defeat,4.000,0.00,B
"violet_balanced_il1","violet","balanced","brass_executioner","S+",40102,Defeat,4.000,0.00,B
"violet_balanced_il1","violet","balanced","brass_executioner","S+",40103,Defeat,4.000,0.00,B
"violet_balanced_il1","violet","balanced","thousand_handed_guardian","S+",40201,Defeat,3.620,0.00,B
"violet_balanced_il1","violet","balanced","thousand_handed_guardian","S+",40202,Defeat,4.180,0.00,B
"violet_balanced_il1","violet","balanced","thousand_handed_guardian","S+",40203,Defeat,3.060,0.00,B
"violet_balanced_il1","violet","balanced","ashen_bastion","S+",40301,Defeat,6.680,0.00,B
"violet_balanced_il1","violet","balanced","ashen_bastion","S+",40302,Defeat,7.520,0.00,B
"violet_balanced_il1","violet","balanced","ashen_bastion","S+",40303,Defeat,5.020,0.00,B
"violet_balanced_il4","violet","balanced","brass_executioner","B",10101,Victory,5.060,216.99,A
"violet_balanced_il4","violet","balanced","brass_executioner","B",10102,Victory,5.060,197.31,A
"violet_balanced_il4","violet","balanced","brass_executioner","B",10103,Victory,4.940,178.69,A
"violet_balanced_il4","violet","balanced","thousand_handed_guardian","B",10201,Victory,5.060,213.12,A
"violet_balanced_il4","violet","balanced","thousand_handed_guardian","B",10202,Victory,5.480,220.41,A
"violet_balanced_il4","violet","balanced","thousand_handed_guardian","B",10203,Victory,5.560,225.00,A
"violet_balanced_il4","violet","balanced","ashen_bastion","B",10301,Victory,8.000,225.00,A
"violet_balanced_il4","violet","balanced","ashen_bastion","B",10302,Victory,8.000,219.25,A
"violet_balanced_il4","violet","balanced","ashen_bastion","B",10303,Victory,8.420,220.25,A
"violet_balanced_il4","violet","balanced","brass_executioner","A",20101,Victory,7.580,17.09,A
"violet_balanced_il4","violet","balanced","brass_executioner","A",20102,Defeat,6.000,0.00,A
"violet_balanced_il4","violet","balanced","brass_executioner","A",20103,Victory,7.160,77.50,A
"violet_balanced_il4","violet","balanced","thousand_handed_guardian","A",20201,Victory,6.320,212.18,A
"violet_balanced_il4","violet","balanced","thousand_handed_guardian","A",20202,Victory,6.740,162.84,A
"violet_balanced_il4","violet","balanced","thousand_handed_guardian","A",20203,Victory,7.160,168.98,A
"violet_balanced_il4","violet","balanced","ashen_bastion","A",20301,Victory,10.540,180.92,A
"violet_balanced_il4","violet","balanced","ashen_bastion","A",20302,Victory,10.540,216.40,A
"violet_balanced_il4","violet","balanced","ashen_bastion","A",20303,Victory,10.540,202.25,A
"violet_balanced_il4","violet","balanced","brass_executioner","S",30101,Defeat,5.560,0.00,A
"violet_balanced_il4","violet","balanced","brass_executioner","S",30102,Defeat,5.000,0.00,A
"violet_balanced_il4","violet","balanced","brass_executioner","S",30103,Defeat,5.560,0.00,A
"violet_balanced_il4","violet","balanced","thousand_handed_guardian","S",30201,Defeat,8.620,0.00,A
"violet_balanced_il4","violet","balanced","thousand_handed_guardian","S",30202,Defeat,8.340,0.00,A
"violet_balanced_il4","violet","balanced","thousand_handed_guardian","S",30203,Victory,8.000,64.64,A
"violet_balanced_il4","violet","balanced","ashen_bastion","S",30301,Victory,12.220,105.05,A
"violet_balanced_il4","violet","balanced","ashen_bastion","S",30302,Victory,13.900,42.99,A
"violet_balanced_il4","violet","balanced","ashen_bastion","S",30303,Defeat,9.180,0.00,A
"violet_balanced_il4","violet","balanced","brass_executioner","S+",40101,Defeat,4.000,0.00,A
"violet_balanced_il4","violet","balanced","brass_executioner","S+",40102,Defeat,4.000,0.00,A
"violet_balanced_il4","violet","balanced","brass_executioner","S+",40103,Defeat,4.000,0.00,A
"violet_balanced_il4","violet","balanced","thousand_handed_guardian","S+",40201,Defeat,6.120,0.00,A
"violet_balanced_il4","violet","balanced","thousand_handed_guardian","S+",40202,Defeat,5.000,0.00,A
"violet_balanced_il4","violet","balanced","thousand_handed_guardian","S+",40203,Defeat,4.740,0.00,A
"violet_balanced_il4","violet","balanced","ashen_bastion","S+",40301,Defeat,6.680,0.00,A
"violet_balanced_il4","violet","balanced","ashen_bastion","S+",40302,Defeat,15.413,0.00,A
"violet_balanced_il4","violet","balanced","ashen_bastion","S+",40303,Defeat,6.680,0.00,A
"violet_balanced_il8","violet","balanced","brass_executioner","B",10101,Victory,3.580,225.00,S
"violet_balanced_il8","violet","balanced","brass_executioner","B",10102,Victory,3.260,225.00,S
"violet_balanced_il8","violet","balanced","brass_executioner","B",10103,Victory,3.260,216.33,S
"violet_balanced_il8","violet","balanced","thousand_handed_guardian","B",10201,Victory,3.440,225.00,S
"violet_balanced_il8","violet","balanced","thousand_handed_guardian","B",10202,Victory,3.660,225.00,S
"violet_balanced_il8","violet","balanced","thousand_handed_guardian","B",10203,Victory,4.060,225.00,S
"violet_balanced_il8","violet","balanced","ashen_bastion","B",10301,Victory,5.280,225.00,S
"violet_balanced_il8","violet","balanced","ashen_bastion","B",10302,Victory,4.480,225.00,S
"violet_balanced_il8","violet","balanced","ashen_bastion","B",10303,Victory,5.280,225.00,S
"violet_balanced_il8","violet","balanced","brass_executioner","A",20101,Victory,4.480,225.00,S
"violet_balanced_il8","violet","balanced","brass_executioner","A",20102,Victory,4.880,142.00,S
"violet_balanced_il8","violet","balanced","brass_executioner","A",20103,Victory,5.280,158.79,S
"violet_balanced_il8","violet","balanced","thousand_handed_guardian","A",20201,Victory,4.060,225.00,S
"violet_balanced_il8","violet","balanced","thousand_handed_guardian","A",20202,Victory,4.780,225.00,S
"violet_balanced_il8","violet","balanced","thousand_handed_guardian","A",20203,Victory,4.060,225.00,S
"violet_balanced_il8","violet","balanced","ashen_bastion","A",20301,Victory,6.560,225.00,S
"violet_balanced_il8","violet","balanced","ashen_bastion","A",20302,Victory,6.560,225.00,S
"violet_balanced_il8","violet","balanced","ashen_bastion","A",20303,Victory,6.900,225.00,S
"violet_balanced_il8","violet","balanced","brass_executioner","S",30101,Victory,5.280,134.92,S
"violet_balanced_il8","violet","balanced","brass_executioner","S",30102,Defeat,5.000,0.00,S
"violet_balanced_il8","violet","balanced","brass_executioner","S",30103,Victory,5.280,66.23,S
"violet_balanced_il8","violet","balanced","thousand_handed_guardian","S",30201,Victory,5.280,220.73,S
"violet_balanced_il8","violet","balanced","thousand_handed_guardian","S",30202,Victory,5.700,220.92,S
"violet_balanced_il8","violet","balanced","thousand_handed_guardian","S",30203,Victory,4.880,225.00,S
"violet_balanced_il8","violet","balanced","ashen_bastion","S",30301,Victory,7.720,213.70,S
"violet_balanced_il8","violet","balanced","ashen_bastion","S",30302,Victory,8.340,225.00,S
"violet_balanced_il8","violet","balanced","ashen_bastion","S",30303,Victory,8.940,172.16,S
"violet_balanced_il8","violet","balanced","brass_executioner","S+",40101,Victory,7.720,102.23,S
"violet_balanced_il8","violet","balanced","brass_executioner","S+",40102,Defeat,5.560,0.00,S
"violet_balanced_il8","violet","balanced","brass_executioner","S+",40103,Defeat,4.000,0.00,S
"violet_balanced_il8","violet","balanced","thousand_handed_guardian","S+",40201,Victory,6.500,12.87,S
"violet_balanced_il8","violet","balanced","thousand_handed_guardian","S+",40202,Victory,6.500,71.02,S
"violet_balanced_il8","violet","balanced","thousand_handed_guardian","S+",40203,Defeat,5.840,0.00,S
"violet_balanced_il8","violet","balanced","ashen_bastion","S+",40301,Victory,9.760,203.81,S
"violet_balanced_il8","violet","balanced","ashen_bastion","S+",40302,Victory,10.160,225.00,S
"violet_balanced_il8","violet","balanced","ashen_bastion","S+",40303,Victory,10.160,183.84,S
"violet_balanced_il12","violet","balanced","brass_executioner","B",10101,Victory,2.760,225.00,S
"violet_balanced_il12","violet","balanced","brass_executioner","B",10102,Victory,2.360,225.00,S
"violet_balanced_il12","violet","balanced","brass_executioner","B",10103,Victory,2.760,225.00,S
"violet_balanced_il12","violet","balanced","thousand_handed_guardian","B",10201,Victory,2.760,225.00,S
"violet_balanced_il12","violet","balanced","thousand_handed_guardian","B",10202,Victory,3.140,225.00,S
"violet_balanced_il12","violet","balanced","thousand_handed_guardian","B",10203,Victory,3.140,225.00,S
"violet_balanced_il12","violet","balanced","ashen_bastion","B",10301,Victory,3.540,225.00,S
"violet_balanced_il12","violet","balanced","ashen_bastion","B",10302,Victory,3.540,225.00,S
"violet_balanced_il12","violet","balanced","ashen_bastion","B",10303,Victory,3.540,225.00,S
"violet_balanced_il12","violet","balanced","brass_executioner","A",20101,Victory,3.140,225.00,S
"violet_balanced_il12","violet","balanced","brass_executioner","A",20102,Victory,3.540,197.50,S
"violet_balanced_il12","violet","balanced","brass_executioner","A",20103,Victory,3.540,213.63,S
"violet_balanced_il12","violet","balanced","thousand_handed_guardian","A",20201,Victory,3.540,225.00,S
"violet_balanced_il12","violet","balanced","thousand_handed_guardian","A",20202,Victory,3.140,225.00,S
"violet_balanced_il12","violet","balanced","thousand_handed_guardian","A",20203,Victory,3.140,225.00,S
"violet_balanced_il12","violet","balanced","ashen_bastion","A",20301,Victory,5.100,225.00,S
"violet_balanced_il12","violet","balanced","ashen_bastion","A",20302,Victory,4.320,225.00,S
"violet_balanced_il12","violet","balanced","ashen_bastion","A",20303,Victory,5.500,225.00,S
"violet_balanced_il12","violet","balanced","brass_executioner","S",30101,Victory,3.920,196.93,S
"violet_balanced_il12","violet","balanced","brass_executioner","S",30102,Victory,3.540,206.70,S
"violet_balanced_il12","violet","balanced","brass_executioner","S",30103,Victory,3.920,181.30,S
"violet_balanced_il12","violet","balanced","thousand_handed_guardian","S",30201,Victory,3.540,225.00,S
"violet_balanced_il12","violet","balanced","thousand_handed_guardian","S",30202,Victory,3.920,225.00,S
"violet_balanced_il12","violet","balanced","thousand_handed_guardian","S",30203,Victory,3.920,225.00,S
"violet_balanced_il12","violet","balanced","ashen_bastion","S",30301,Victory,5.500,225.00,S
"violet_balanced_il12","violet","balanced","ashen_bastion","S",30302,Victory,5.880,225.00,S
"violet_balanced_il12","violet","balanced","ashen_bastion","S",30303,Victory,6.280,223.70,S
"violet_balanced_il12","violet","balanced","brass_executioner","S+",40101,Victory,5.100,19.10,S
"violet_balanced_il12","violet","balanced","brass_executioner","S+",40102,Defeat,4.000,0.00,S
"violet_balanced_il12","violet","balanced","brass_executioner","S+",40103,Defeat,4.000,0.00,S
"violet_balanced_il12","violet","balanced","thousand_handed_guardian","S+",40201,Victory,4.720,225.00,S
"violet_balanced_il12","violet","balanced","thousand_handed_guardian","S+",40202,Victory,5.100,215.31,S
"violet_balanced_il12","violet","balanced","thousand_handed_guardian","S+",40203,Victory,4.720,215.31,S
"violet_balanced_il12","violet","balanced","ashen_bastion","S+",40301,Victory,7.060,225.00,S
"violet_balanced_il12","violet","balanced","ashen_bastion","S+",40302,Victory,7.460,225.00,S
"violet_balanced_il12","violet","balanced","ashen_bastion","S+",40303,Victory,7.480,225.00,S
"violet_balanced_il15","violet","balanced","brass_executioner","B",10101,Victory,2.240,225.00,S+
"violet_balanced_il15","violet","balanced","brass_executioner","B",10102,Victory,1.900,225.00,S+
"violet_balanced_il15","violet","balanced","brass_executioner","B",10103,Victory,2.280,225.00,S+
"violet_balanced_il15","violet","balanced","thousand_handed_guardian","B",10201,Victory,2.280,225.00,S+
"violet_balanced_il15","violet","balanced","thousand_handed_guardian","B",10202,Victory,2.660,225.00,S+
"violet_balanced_il15","violet","balanced","thousand_handed_guardian","B",10203,Victory,2.280,225.00,S+
"violet_balanced_il15","violet","balanced","ashen_bastion","B",10301,Victory,3.040,225.00,S+
"violet_balanced_il15","violet","balanced","ashen_bastion","B",10302,Victory,3.040,225.00,S+
"violet_balanced_il15","violet","balanced","ashen_bastion","B",10303,Victory,3.040,225.00,S+
"violet_balanced_il15","violet","balanced","brass_executioner","A",20101,Victory,2.280,225.00,S+
"violet_balanced_il15","violet","balanced","brass_executioner","A",20102,Victory,2.660,206.50,S+
"violet_balanced_il15","violet","balanced","brass_executioner","A",20103,Victory,2.660,206.50,S+
"violet_balanced_il15","violet","balanced","thousand_handed_guardian","A",20201,Victory,3.040,225.00,S+
"violet_balanced_il15","violet","balanced","thousand_handed_guardian","A",20202,Victory,2.660,225.00,S+
"violet_balanced_il15","violet","balanced","thousand_handed_guardian","A",20203,Victory,2.660,225.00,S+
"violet_balanced_il15","violet","balanced","ashen_bastion","A",20301,Victory,3.800,225.00,S+
"violet_balanced_il15","violet","balanced","ashen_bastion","A",20302,Victory,3.800,225.00,S+
"violet_balanced_il15","violet","balanced","ashen_bastion","A",20303,Victory,4.180,225.00,S+
"violet_balanced_il15","violet","balanced","brass_executioner","S",30101,Victory,3.040,213.15,S+
"violet_balanced_il15","violet","balanced","brass_executioner","S",30102,Victory,2.660,209.59,S+
"violet_balanced_il15","violet","balanced","brass_executioner","S",30103,Victory,3.040,225.00,S+
"violet_balanced_il15","violet","balanced","thousand_handed_guardian","S",30201,Victory,3.040,225.00,S+
"violet_balanced_il15","violet","balanced","thousand_handed_guardian","S",30202,Victory,3.040,225.00,S+
"violet_balanced_il15","violet","balanced","thousand_handed_guardian","S",30203,Victory,3.340,225.00,S+
"violet_balanced_il15","violet","balanced","ashen_bastion","S",30301,Victory,4.560,225.00,S+
"violet_balanced_il15","violet","balanced","ashen_bastion","S",30302,Victory,4.560,225.00,S+
"violet_balanced_il15","violet","balanced","ashen_bastion","S",30303,Victory,4.460,225.00,S+
"violet_balanced_il15","violet","balanced","brass_executioner","S+",40101,Victory,3.800,184.74,S+
"violet_balanced_il15","violet","balanced","brass_executioner","S+",40102,Defeat,4.000,0.00,S+
"violet_balanced_il15","violet","balanced","brass_executioner","S+",40103,Victory,3.420,225.00,S+
"violet_balanced_il15","violet","balanced","thousand_handed_guardian","S+",40201,Victory,3.800,225.00,S+
"violet_balanced_il15","violet","balanced","thousand_handed_guardian","S+",40202,Victory,4.180,225.00,S+
"violet_balanced_il15","violet","balanced","thousand_handed_guardian","S+",40203,Victory,3.800,225.00,S+
"violet_balanced_il15","violet","balanced","ashen_bastion","S+",40301,Victory,5.700,225.00,S+
"violet_balanced_il15","violet","balanced","ashen_bastion","S+",40302,Victory,5.700,225.00,S+
"violet_balanced_il15","violet","balanced","ashen_bastion","S+",40303,Victory,6.080,225.00,S+
"sasha_headsplitter_il1","sasha","giant-slayer","brass_executioner","B",10101,Victory,10.000,301.95,S
"sasha_headsplitter_il1","sasha","giant-slayer","brass_executioner","B",10102,Victory,10.040,335.01,S
"sasha_headsplitter_il1","sasha","giant-slayer","brass_executioner","B",10103,Victory,9.100,338.40,S
"sasha_headsplitter_il1","sasha","giant-slayer","thousand_handed_guardian","B",10201,Victory,10.620,299.03,S
"sasha_headsplitter_il1","sasha","giant-slayer","thousand_handed_guardian","B",10202,Victory,10.700,335.12,S
"sasha_headsplitter_il1","sasha","giant-slayer","thousand_handed_guardian","B",10203,Victory,9.760,339.15,S
"sasha_headsplitter_il1","sasha","giant-slayer","ashen_bastion","B",10301,Victory,18.160,295.15,S
"sasha_headsplitter_il1","sasha","giant-slayer","ashen_bastion","B",10302,Victory,20.020,289.40,S
"sasha_headsplitter_il1","sasha","giant-slayer","ashen_bastion","B",10303,Victory,18.080,295.84,S
"sasha_headsplitter_il1","sasha","giant-slayer","brass_executioner","A",20101,Victory,11.140,156.73,S
"sasha_headsplitter_il1","sasha","giant-slayer","brass_executioner","A",20102,Victory,10.340,256.00,S
"sasha_headsplitter_il1","sasha","giant-slayer","brass_executioner","A",20103,Victory,10.400,255.53,S
"sasha_headsplitter_il1","sasha","giant-slayer","thousand_handed_guardian","A",20201,Victory,11.640,218.23,S
"sasha_headsplitter_il1","sasha","giant-slayer","thousand_handed_guardian","A",20202,Victory,12.340,168.70,S
"sasha_headsplitter_il1","sasha","giant-slayer","thousand_handed_guardian","A",20203,Victory,10.820,253.42,S
"sasha_headsplitter_il1","sasha","giant-slayer","ashen_bastion","A",20301,Victory,24.260,93.39,S
"sasha_headsplitter_il1","sasha","giant-slayer","ashen_bastion","A",20302,Victory,23.620,144.68,S
"sasha_headsplitter_il1","sasha","giant-slayer","ashen_bastion","A",20303,Victory,23.140,165.24,S
"sasha_headsplitter_il1","sasha","giant-slayer","brass_executioner","S",30101,Defeat,10.000,0.00,S
"sasha_headsplitter_il1","sasha","giant-slayer","brass_executioner","S",30102,Defeat,10.000,0.00,S
"sasha_headsplitter_il1","sasha","giant-slayer","brass_executioner","S",30103,Defeat,10.000,0.00,S
"sasha_headsplitter_il1","sasha","giant-slayer","thousand_handed_guardian","S",30201,Victory,12.580,119.58,S
"sasha_headsplitter_il1","sasha","giant-slayer","thousand_handed_guardian","S",30202,Victory,13.500,96.69,S
"sasha_headsplitter_il1","sasha","giant-slayer","thousand_handed_guardian","S",30203,Victory,13.240,99.88,S
"sasha_headsplitter_il1","sasha","giant-slayer","ashen_bastion","S",30301,Victory,26.227,66.06,S
"sasha_headsplitter_il1","sasha","giant-slayer","ashen_bastion","S",30302,Victory,22.340,117.21,S
"sasha_headsplitter_il1","sasha","giant-slayer","ashen_bastion","S",30303,Victory,26.187,69.71,S
"sasha_headsplitter_il1","sasha","giant-slayer","brass_executioner","S+",40101,Defeat,8.000,0.00,S
"sasha_headsplitter_il1","sasha","giant-slayer","brass_executioner","S+",40102,Defeat,8.000,0.00,S
"sasha_headsplitter_il1","sasha","giant-slayer","brass_executioner","S+",40103,Defeat,8.000,0.00,S
"sasha_headsplitter_il1","sasha","giant-slayer","thousand_handed_guardian","S+",40201,Victory,14.113,42.01,S
"sasha_headsplitter_il1","sasha","giant-slayer","thousand_handed_guardian","S+",40202,Defeat,14.413,0.00,S
"sasha_headsplitter_il1","sasha","giant-slayer","thousand_handed_guardian","S+",40203,Defeat,14.093,0.00,S
"sasha_headsplitter_il1","sasha","giant-slayer","ashen_bastion","S+",40301,Defeat,27.054,0.00,S
"sasha_headsplitter_il1","sasha","giant-slayer","ashen_bastion","S+",40302,Defeat,25.280,0.00,S
"sasha_headsplitter_il1","sasha","giant-slayer","ashen_bastion","S+",40303,Defeat,24.674,0.00,S
"sasha_headsplitter_il4","sasha","giant-slayer","brass_executioner","B",10101,Victory,7.020,503.97,S
"sasha_headsplitter_il4","sasha","giant-slayer","brass_executioner","B",10102,Victory,7.960,401.17,S
"sasha_headsplitter_il4","sasha","giant-slayer","brass_executioner","B",10103,Victory,7.020,503.97,S
"sasha_headsplitter_il4","sasha","giant-slayer","thousand_handed_guardian","B",10201,Victory,7.740,423.53,S
"sasha_headsplitter_il4","sasha","giant-slayer","thousand_handed_guardian","B",10202,Victory,7.740,423.53,S
"sasha_headsplitter_il4","sasha","giant-slayer","thousand_handed_guardian","B",10203,Victory,7.760,435.68,S
"sasha_headsplitter_il4","sasha","giant-slayer","ashen_bastion","B",10301,Victory,14.220,421.95,S
"sasha_headsplitter_il4","sasha","giant-slayer","ashen_bastion","B",10302,Victory,14.300,421.81,S
"sasha_headsplitter_il4","sasha","giant-slayer","ashen_bastion","B",10303,Victory,14.200,404.40,S
"sasha_headsplitter_il4","sasha","giant-slayer","brass_executioner","A",20101,Victory,8.460,316.40,S
"sasha_headsplitter_il4","sasha","giant-slayer","brass_executioner","A",20102,Victory,8.460,316.40,S
"sasha_headsplitter_il4","sasha","giant-slayer","brass_executioner","A",20103,Victory,7.640,368.20,S
"sasha_headsplitter_il4","sasha","giant-slayer","thousand_handed_guardian","A",20201,Victory,9.120,322.36,S
"sasha_headsplitter_il4","sasha","giant-slayer","thousand_handed_guardian","A",20202,Victory,9.060,290.07,S
"sasha_headsplitter_il4","sasha","giant-slayer","thousand_handed_guardian","A",20203,Victory,8.200,358.26,S
"sasha_headsplitter_il4","sasha","giant-slayer","ashen_bastion","A",20301,Victory,18.620,262.89,S
"sasha_headsplitter_il4","sasha","giant-slayer","ashen_bastion","A",20302,Victory,16.140,277.40,S
"sasha_headsplitter_il4","sasha","giant-slayer","ashen_bastion","A",20303,Victory,15.360,326.78,S
"sasha_headsplitter_il4","sasha","giant-slayer","brass_executioner","S",30101,Victory,8.260,309.14,S
"sasha_headsplitter_il4","sasha","giant-slayer","brass_executioner","S",30102,Victory,8.220,309.72,S
"sasha_headsplitter_il4","sasha","giant-slayer","brass_executioner","S",30103,Victory,9.780,248.88,S
"sasha_headsplitter_il4","sasha","giant-slayer","thousand_handed_guardian","S",30201,Victory,9.480,227.51,S
"sasha_headsplitter_il4","sasha","giant-slayer","thousand_handed_guardian","S",30202,Victory,8.780,306.99,S
"sasha_headsplitter_il4","sasha","giant-slayer","thousand_handed_guardian","S",30203,Victory,10.040,170.13,S
"sasha_headsplitter_il4","sasha","giant-slayer","ashen_bastion","S",30301,Victory,20.140,156.67,S
"sasha_headsplitter_il4","sasha","giant-slayer","ashen_bastion","S",30302,Victory,14.820,278.17,S
"sasha_headsplitter_il4","sasha","giant-slayer","ashen_bastion","S",30303,Victory,18.527,164.67,S
"sasha_headsplitter_il4","sasha","giant-slayer","brass_executioner","S+",40101,Defeat,8.000,0.00,S
"sasha_headsplitter_il4","sasha","giant-slayer","brass_executioner","S+",40102,Defeat,8.000,0.00,S
"sasha_headsplitter_il4","sasha","giant-slayer","brass_executioner","S+",40103,Defeat,8.000,0.00,S
"sasha_headsplitter_il4","sasha","giant-slayer","thousand_handed_guardian","S+",40201,Victory,10.460,122.84,S
"sasha_headsplitter_il4","sasha","giant-slayer","thousand_handed_guardian","S+",40202,Victory,11.800,110.63,S
"sasha_headsplitter_il4","sasha","giant-slayer","thousand_handed_guardian","S+",40203,Victory,11.020,98.79,S
"sasha_headsplitter_il4","sasha","giant-slayer","ashen_bastion","S+",40301,Victory,20.100,103.69,S
"sasha_headsplitter_il4","sasha","giant-slayer","ashen_bastion","S+",40302,Victory,20.593,70.25,S
"sasha_headsplitter_il4","sasha","giant-slayer","ashen_bastion","S+",40303,Victory,21.293,68.61,S
"sasha_headsplitter_il8","sasha","giant-slayer","brass_executioner","B",10101,Victory,5.720,567.81,S
"sasha_headsplitter_il8","sasha","giant-slayer","brass_executioner","B",10102,Victory,5.720,567.81,S
"sasha_headsplitter_il8","sasha","giant-slayer","brass_executioner","B",10103,Victory,5.720,567.81,S
"sasha_headsplitter_il8","sasha","giant-slayer","thousand_handed_guardian","B",10201,Victory,6.700,526.73,S
"sasha_headsplitter_il8","sasha","giant-slayer","thousand_handed_guardian","B",10202,Victory,5.680,552.61,S
"sasha_headsplitter_il8","sasha","giant-slayer","thousand_handed_guardian","B",10203,Victory,6.700,526.73,S
"sasha_headsplitter_il8","sasha","giant-slayer","ashen_bastion","B",10301,Victory,11.300,539.31,S
"sasha_headsplitter_il8","sasha","giant-slayer","ashen_bastion","B",10302,Victory,11.300,539.31,S
"sasha_headsplitter_il8","sasha","giant-slayer","ashen_bastion","B",10303,Victory,9.220,585.71,S
"sasha_headsplitter_il8","sasha","giant-slayer","brass_executioner","A",20101,Victory,6.520,439.09,S
"sasha_headsplitter_il8","sasha","giant-slayer","brass_executioner","A",20102,Victory,6.520,439.09,S
"sasha_headsplitter_il8","sasha","giant-slayer","brass_executioner","A",20103,Victory,6.520,439.09,S
"sasha_headsplitter_il8","sasha","giant-slayer","thousand_handed_guardian","A",20201,Victory,7.300,408.67,S
"sasha_headsplitter_il8","sasha","giant-slayer","thousand_handed_guardian","A",20202,Victory,7.380,440.43,S
"sasha_headsplitter_il8","sasha","giant-slayer","thousand_handed_guardian","A",20203,Victory,7.320,440.59,S
"sasha_headsplitter_il8","sasha","giant-slayer","ashen_bastion","A",20301,Victory,12.640,424.87,S
"sasha_headsplitter_il8","sasha","giant-slayer","ashen_bastion","A",20302,Victory,10.800,481.00,S
"sasha_headsplitter_il8","sasha","giant-slayer","ashen_bastion","A",20303,Victory,10.840,481.00,S
"sasha_headsplitter_il8","sasha","giant-slayer","brass_executioner","S",30101,Victory,5.460,441.62,S
"sasha_headsplitter_il8","sasha","giant-slayer","brass_executioner","S",30102,Victory,7.180,379.20,S
"sasha_headsplitter_il8","sasha","giant-slayer","brass_executioner","S",30103,Victory,7.180,379.20,S
"sasha_headsplitter_il8","sasha","giant-slayer","thousand_handed_guardian","S",30201,Victory,7.940,328.29,S
"sasha_headsplitter_il8","sasha","giant-slayer","thousand_handed_guardian","S",30202,Victory,7.980,388.17,S
"sasha_headsplitter_il8","sasha","giant-slayer","thousand_handed_guardian","S",30203,Victory,8.600,289.40,S
"sasha_headsplitter_il8","sasha","giant-slayer","ashen_bastion","S",30301,Victory,14.640,328.73,S
"sasha_headsplitter_il8","sasha","giant-slayer","ashen_bastion","S",30302,Victory,11.260,411.57,S
"sasha_headsplitter_il8","sasha","giant-slayer","ashen_bastion","S",30303,Victory,14.640,357.08,S
"sasha_headsplitter_il8","sasha","giant-slayer","brass_executioner","S+",40101,Defeat,8.000,0.00,S
"sasha_headsplitter_il8","sasha","giant-slayer","brass_executioner","S+",40102,Defeat,8.000,0.00,S
"sasha_headsplitter_il8","sasha","giant-slayer","brass_executioner","S+",40103,Victory,7.560,268.36,S
"sasha_headsplitter_il8","sasha","giant-slayer","thousand_handed_guardian","S+",40201,Victory,8.240,247.99,S
"sasha_headsplitter_il8","sasha","giant-slayer","thousand_handed_guardian","S+",40202,Victory,8.960,238.54,S
"sasha_headsplitter_il8","sasha","giant-slayer","thousand_handed_guardian","S+",40203,Victory,8.940,238.94,S
"sasha_headsplitter_il8","sasha","giant-slayer","ashen_bastion","S+",40301,Victory,15.513,223.26,S
"sasha_headsplitter_il8","sasha","giant-slayer","ashen_bastion","S+",40302,Victory,15.453,230.35,S
"sasha_headsplitter_il8","sasha","giant-slayer","ashen_bastion","S+",40303,Victory,16.213,189.58,S
"sasha_headsplitter_il12","sasha","giant-slayer","brass_executioner","B",10101,Victory,4.480,650.78,S+
"sasha_headsplitter_il12","sasha","giant-slayer","brass_executioner","B",10102,Victory,4.480,650.78,S+
"sasha_headsplitter_il12","sasha","giant-slayer","brass_executioner","B",10103,Victory,4.480,650.78,S+
"sasha_headsplitter_il12","sasha","giant-slayer","thousand_handed_guardian","B",10201,Victory,4.560,679.45,S+
"sasha_headsplitter_il12","sasha","giant-slayer","thousand_handed_guardian","B",10202,Victory,3.460,684.59,S+
"sasha_headsplitter_il12","sasha","giant-slayer","thousand_handed_guardian","B",10203,Victory,5.620,624.30,S+
"sasha_headsplitter_il12","sasha","giant-slayer","ashen_bastion","B",10301,Victory,8.020,664.45,S+
"sasha_headsplitter_il12","sasha","giant-slayer","ashen_bastion","B",10302,Victory,6.900,685.97,S+
"sasha_headsplitter_il12","sasha","giant-slayer","ashen_bastion","B",10303,Victory,8.020,664.45,S+
"sasha_headsplitter_il12","sasha","giant-slayer","brass_executioner","A",20101,Victory,5.460,620.69,S+
"sasha_headsplitter_il12","sasha","giant-slayer","brass_executioner","A",20102,Victory,4.420,626.96,S+
"sasha_headsplitter_il12","sasha","giant-slayer","brass_executioner","A",20103,Victory,5.460,620.69,S+
"sasha_headsplitter_il12","sasha","giant-slayer","thousand_handed_guardian","A",20201,Victory,6.420,550.35,S+
"sasha_headsplitter_il12","sasha","giant-slayer","thousand_handed_guardian","A",20202,Victory,5.480,594.00,S+
"sasha_headsplitter_il12","sasha","giant-slayer","thousand_handed_guardian","A",20203,Victory,5.460,577.96,S+
"sasha_headsplitter_il12","sasha","giant-slayer","ashen_bastion","A",20301,Victory,8.820,641.28,S+
"sasha_headsplitter_il12","sasha","giant-slayer","ashen_bastion","A",20302,Victory,8.820,641.28,S+
"sasha_headsplitter_il12","sasha","giant-slayer","ashen_bastion","A",20303,Victory,7.780,622.22,S+
"sasha_headsplitter_il12","sasha","giant-slayer","brass_executioner","S",30101,Victory,5.280,505.72,S+
"sasha_headsplitter_il12","sasha","giant-slayer","brass_executioner","S",30102,Victory,6.160,450.45,S+
"sasha_headsplitter_il12","sasha","giant-slayer","brass_executioner","S",30103,Victory,6.160,450.45,S+
"sasha_headsplitter_il12","sasha","giant-slayer","thousand_handed_guardian","S",30201,Victory,7.080,442.12,S+
"sasha_headsplitter_il12","sasha","giant-slayer","thousand_handed_guardian","S",30202,Victory,6.260,523.77,S+
"sasha_headsplitter_il12","sasha","giant-slayer","thousand_handed_guardian","S",30203,Victory,7.080,442.12,S+
"sasha_headsplitter_il12","sasha","giant-slayer","ashen_bastion","S",30301,Victory,11.360,488.14,S+
"sasha_headsplitter_il12","sasha","giant-slayer","ashen_bastion","S",30302,Victory,11.360,488.42,S+
"sasha_headsplitter_il12","sasha","giant-slayer","ashen_bastion","S",30303,Victory,12.220,455.73,S+
"sasha_headsplitter_il12","sasha","giant-slayer","brass_executioner","S+",40101,Victory,6.540,337.71,S+
"sasha_headsplitter_il12","sasha","giant-slayer","brass_executioner","S+",40102,Victory,5.820,413.85,S+
"sasha_headsplitter_il12","sasha","giant-slayer","brass_executioner","S+",40103,Victory,6.660,409.71,S+
"sasha_headsplitter_il12","sasha","giant-slayer","thousand_handed_guardian","S+",40201,Victory,6.780,389.02,S+
"sasha_headsplitter_il12","sasha","giant-slayer","thousand_handed_guardian","S+",40202,Victory,7.540,335.40,S+
"sasha_headsplitter_il12","sasha","giant-slayer","thousand_handed_guardian","S+",40203,Victory,7.520,361.00,S+
"sasha_headsplitter_il12","sasha","giant-slayer","ashen_bastion","S+",40301,Victory,11.580,429.79,S+
"sasha_headsplitter_il12","sasha","giant-slayer","ashen_bastion","S+",40302,Victory,13.100,350.78,S+
"sasha_headsplitter_il12","sasha","giant-slayer","ashen_bastion","S+",40303,Victory,13.100,312.59,S+
"sasha_headsplitter_il15","sasha","giant-slayer","brass_executioner","B",10101,Victory,4.320,698.95,S+
"sasha_headsplitter_il15","sasha","giant-slayer","brass_executioner","B",10102,Victory,4.320,698.95,S+
"sasha_headsplitter_il15","sasha","giant-slayer","brass_executioner","B",10103,Victory,3.280,722.86,S+
"sasha_headsplitter_il15","sasha","giant-slayer","thousand_handed_guardian","B",10201,Victory,4.440,742.77,S+
"sasha_headsplitter_il15","sasha","giant-slayer","thousand_handed_guardian","B",10202,Victory,4.440,742.77,S+
"sasha_headsplitter_il15","sasha","giant-slayer","thousand_handed_guardian","B",10203,Victory,4.440,742.77,S+
"sasha_headsplitter_il15","sasha","giant-slayer","ashen_bastion","B",10301,Victory,5.560,751.44,S+
"sasha_headsplitter_il15","sasha","giant-slayer","ashen_bastion","B",10302,Victory,5.560,751.44,S+
"sasha_headsplitter_il15","sasha","giant-slayer","ashen_bastion","B",10303,Victory,5.560,751.44,S+
"sasha_headsplitter_il15","sasha","giant-slayer","brass_executioner","A",20101,Victory,4.260,674.15,S+
"sasha_headsplitter_il15","sasha","giant-slayer","brass_executioner","A",20102,Victory,4.260,674.15,S+
"sasha_headsplitter_il15","sasha","giant-slayer","brass_executioner","A",20103,Victory,4.260,674.15,S+
"sasha_headsplitter_il15","sasha","giant-slayer","thousand_handed_guardian","A",20201,Victory,5.400,663.37,S+
"sasha_headsplitter_il15","sasha","giant-slayer","thousand_handed_guardian","A",20202,Victory,4.400,730.05,S+
"sasha_headsplitter_il15","sasha","giant-slayer","thousand_handed_guardian","A",20203,Victory,5.400,663.37,S+
"sasha_headsplitter_il15","sasha","giant-slayer","ashen_bastion","A",20301,Victory,7.600,693.91,S+
"sasha_headsplitter_il15","sasha","giant-slayer","ashen_bastion","A",20302,Victory,7.600,693.91,S+
"sasha_headsplitter_il15","sasha","giant-slayer","ashen_bastion","A",20303,Victory,5.500,737.72,S+
"sasha_headsplitter_il15","sasha","giant-slayer","brass_executioner","S",30101,Victory,4.220,655.09,S+
"sasha_headsplitter_il15","sasha","giant-slayer","brass_executioner","S",30102,Victory,4.220,655.09,S+
"sasha_headsplitter_il15","sasha","giant-slayer","brass_executioner","S",30103,Victory,5.120,563.90,S+
"sasha_headsplitter_il15","sasha","giant-slayer","thousand_handed_guardian","S",30201,Victory,6.200,591.96,S+
"sasha_headsplitter_il15","sasha","giant-slayer","thousand_handed_guardian","S",30202,Victory,5.280,630.04,S+
"sasha_headsplitter_il15","sasha","giant-slayer","thousand_handed_guardian","S",30203,Victory,6.200,591.96,S+
"sasha_headsplitter_il15","sasha","giant-slayer","ashen_bastion","S",30301,Victory,8.440,672.83,S+
"sasha_headsplitter_il15","sasha","giant-slayer","ashen_bastion","S",30302,Victory,8.440,672.83,S+
"sasha_headsplitter_il15","sasha","giant-slayer","ashen_bastion","S",30303,Victory,10.380,616.68,S+
"sasha_headsplitter_il15","sasha","giant-slayer","brass_executioner","S+",40101,Victory,5.620,402.19,S+
"sasha_headsplitter_il15","sasha","giant-slayer","brass_executioner","S+",40102,Victory,4.840,476.68,S+
"sasha_headsplitter_il15","sasha","giant-slayer","brass_executioner","S+",40103,Victory,5.680,471.92,S+
"sasha_headsplitter_il15","sasha","giant-slayer","thousand_handed_guardian","S+",40201,Victory,6.740,437.97,S+
"sasha_headsplitter_il15","sasha","giant-slayer","thousand_handed_guardian","S+",40202,Victory,7.500,383.62,S+
"sasha_headsplitter_il15","sasha","giant-slayer","thousand_handed_guardian","S+",40203,Victory,6.800,487.94,S+
"sasha_headsplitter_il15","sasha","giant-slayer","ashen_bastion","S+",40301,Victory,10.680,532.55,S+
"sasha_headsplitter_il15","sasha","giant-slayer","ashen_bastion","S+",40302,Victory,10.660,497.88,S+
"sasha_headsplitter_il15","sasha","giant-slayer","ashen_bastion","S+",40303,Victory,8.920,561.37,S+
"sasha_regen_tank_il1","sasha","hp-regeneration","brass_executioner","B",10101,Victory,10.540,366.62,S
"sasha_regen_tank_il1","sasha","hp-regeneration","brass_executioner","B",10102,Victory,10.540,366.62,S
"sasha_regen_tank_il1","sasha","hp-regeneration","brass_executioner","B",10103,Victory,10.540,366.62,S
"sasha_regen_tank_il1","sasha","hp-regeneration","thousand_handed_guardian","B",10201,Victory,11.640,284.93,S
"sasha_regen_tank_il1","sasha","hp-regeneration","thousand_handed_guardian","B",10202,Victory,10.840,312.52,S
"sasha_regen_tank_il1","sasha","hp-regeneration","thousand_handed_guardian","B",10203,Victory,11.740,285.32,S
"sasha_regen_tank_il1","sasha","hp-regeneration","ashen_bastion","B",10301,Victory,26.780,353.36,S
"sasha_regen_tank_il1","sasha","hp-regeneration","ashen_bastion","B",10302,Victory,27.600,332.19,S
"sasha_regen_tank_il1","sasha","hp-regeneration","ashen_bastion","B",10303,Victory,27.440,334.63,S
"sasha_regen_tank_il1","sasha","hp-regeneration","brass_executioner","A",20101,Victory,12.440,89.44,S
"sasha_regen_tank_il1","sasha","hp-regeneration","brass_executioner","A",20102,Victory,11.660,272.69,S
"sasha_regen_tank_il1","sasha","hp-regeneration","brass_executioner","A",20103,Victory,11.780,271.53,S
"sasha_regen_tank_il1","sasha","hp-regeneration","thousand_handed_guardian","A",20201,Victory,13.600,155.54,S
"sasha_regen_tank_il1","sasha","hp-regeneration","thousand_handed_guardian","A",20202,Victory,13.420,140.77,S
"sasha_regen_tank_il1","sasha","hp-regeneration","thousand_handed_guardian","A",20203,Victory,12.720,189.95,S
"sasha_regen_tank_il1","sasha","hp-regeneration","ashen_bastion","A",20301,Victory,33.780,100.56,S
"sasha_regen_tank_il1","sasha","hp-regeneration","ashen_bastion","A",20302,Victory,31.740,138.88,S
"sasha_regen_tank_il1","sasha","hp-regeneration","ashen_bastion","A",20303,Victory,34.160,144.24,S
"sasha_regen_tank_il1","sasha","hp-regeneration","brass_executioner","S",30101,Victory,13.100,6.16,S
"sasha_regen_tank_il1","sasha","hp-regeneration","brass_executioner","S",30102,Defeat,10.720,0.00,S
"sasha_regen_tank_il1","sasha","hp-regeneration","brass_executioner","S",30103,Victory,13.060,6.16,S
"sasha_regen_tank_il1","sasha","hp-regeneration","thousand_handed_guardian","S",30201,Victory,15.180,82.51,S
"sasha_regen_tank_il1","sasha","hp-regeneration","thousand_handed_guardian","S",30202,Victory,15.460,99.47,S
"sasha_regen_tank_il1","sasha","hp-regeneration","thousand_handed_guardian","S",30203,Victory,15.240,62.94,S
"sasha_regen_tank_il1","sasha","hp-regeneration","ashen_bastion","S",30301,Defeat,34.573,0.00,S
"sasha_regen_tank_il1","sasha","hp-regeneration","ashen_bastion","S",30302,Victory,39.080,24.04,S
"sasha_regen_tank_il1","sasha","hp-regeneration","ashen_bastion","S",30303,Victory,38.960,5.39,S
"sasha_regen_tank_il1","sasha","hp-regeneration","brass_executioner","S+",40101,Defeat,8.000,0.00,S
"sasha_regen_tank_il1","sasha","hp-regeneration","brass_executioner","S+",40102,Defeat,8.000,0.00,S
"sasha_regen_tank_il1","sasha","hp-regeneration","brass_executioner","S+",40103,Defeat,8.000,0.00,S
"sasha_regen_tank_il1","sasha","hp-regeneration","thousand_handed_guardian","S+",40201,Defeat,13.413,0.00,S
"sasha_regen_tank_il1","sasha","hp-regeneration","thousand_handed_guardian","S+",40202,Defeat,13.873,0.00,S
"sasha_regen_tank_il1","sasha","hp-regeneration","thousand_handed_guardian","S+",40203,Defeat,14.153,0.00,S
"sasha_regen_tank_il1","sasha","hp-regeneration","ashen_bastion","S+",40301,Defeat,26.687,0.00,S
"sasha_regen_tank_il1","sasha","hp-regeneration","ashen_bastion","S+",40302,Defeat,28.320,0.00,S
"sasha_regen_tank_il1","sasha","hp-regeneration","ashen_bastion","S+",40303,Defeat,25.800,0.00,S
"sasha_regen_tank_il4","sasha","hp-regeneration","brass_executioner","B",10101,Victory,8.240,433.11,S
"sasha_regen_tank_il4","sasha","hp-regeneration","brass_executioner","B",10102,Victory,8.240,433.11,S
"sasha_regen_tank_il4","sasha","hp-regeneration","brass_executioner","B",10103,Victory,7.240,540.28,S
"sasha_regen_tank_il4","sasha","hp-regeneration","thousand_handed_guardian","B",10201,Victory,8.800,398.68,S
"sasha_regen_tank_il4","sasha","hp-regeneration","thousand_handed_guardian","B",10202,Victory,7.840,438.78,S
"sasha_regen_tank_il4","sasha","hp-regeneration","thousand_handed_guardian","B",10203,Victory,8.820,410.71,S
"sasha_regen_tank_il4","sasha","hp-regeneration","ashen_bastion","B",10301,Victory,16.240,470.08,S
"sasha_regen_tank_il4","sasha","hp-regeneration","ashen_bastion","B",10302,Victory,18.260,446.17,S
"sasha_regen_tank_il4","sasha","hp-regeneration","ashen_bastion","B",10303,Victory,18.260,446.17,S
"sasha_regen_tank_il4","sasha","hp-regeneration","brass_executioner","A",20101,Victory,9.740,348.83,S
"sasha_regen_tank_il4","sasha","hp-regeneration","brass_executioner","A",20102,Victory,8.820,352.35,S
"sasha_regen_tank_il4","sasha","hp-regeneration","brass_executioner","A",20103,Victory,8.900,389.67,S
"sasha_regen_tank_il4","sasha","hp-regeneration","thousand_handed_guardian","A",20201,Victory,9.960,274.10,S
"sasha_regen_tank_il4","sasha","hp-regeneration","thousand_handed_guardian","A",20202,Victory,9.180,251.87,S
"sasha_regen_tank_il4","sasha","hp-regeneration","thousand_handed_guardian","A",20203,Victory,9.200,299.98,S
"sasha_regen_tank_il4","sasha","hp-regeneration","ashen_bastion","A",20301,Victory,20.980,298.57,S
"sasha_regen_tank_il4","sasha","hp-regeneration","ashen_bastion","A",20302,Victory,21.940,330.79,S
"sasha_regen_tank_il4","sasha","hp-regeneration","ashen_bastion","A",20303,Victory,21.100,315.49,S
"sasha_regen_tank_il4","sasha","hp-regeneration","brass_executioner","S",30101,Victory,10.020,66.24,S
"sasha_regen_tank_il4","sasha","hp-regeneration","brass_executioner","S",30102,Victory,9.220,286.15,S
"sasha_regen_tank_il4","sasha","hp-regeneration","brass_executioner","S",30103,Victory,10.020,66.24,S
"sasha_regen_tank_il4","sasha","hp-regeneration","thousand_handed_guardian","S",30201,Victory,10.420,190.02,S
"sasha_regen_tank_il4","sasha","hp-regeneration","thousand_handed_guardian","S",30202,Victory,12.040,147.18,S
"sasha_regen_tank_il4","sasha","hp-regeneration","thousand_handed_guardian","S",30203,Victory,11.160,150.19,S
"sasha_regen_tank_il4","sasha","hp-regeneration","ashen_bastion","S",30301,Victory,23.347,179.84,S
"sasha_regen_tank_il4","sasha","hp-regeneration","ashen_bastion","S",30302,Victory,22.900,269.35,S
"sasha_regen_tank_il4","sasha","hp-regeneration","ashen_bastion","S",30303,Victory,24.287,186.20,S
"sasha_regen_tank_il4","sasha","hp-regeneration","brass_executioner","S+",40101,Defeat,8.000,0.00,S
"sasha_regen_tank_il4","sasha","hp-regeneration","brass_executioner","S+",40102,Defeat,8.000,0.00,S
"sasha_regen_tank_il4","sasha","hp-regeneration","brass_executioner","S+",40103,Defeat,8.000,0.00,S
"sasha_regen_tank_il4","sasha","hp-regeneration","thousand_handed_guardian","S+",40201,Victory,12.220,91.17,S
"sasha_regen_tank_il4","sasha","hp-regeneration","thousand_handed_guardian","S+",40202,Victory,12.820,67.62,S
"sasha_regen_tank_il4","sasha","hp-regeneration","thousand_handed_guardian","S+",40203,Victory,13.513,42.11,S
"sasha_regen_tank_il4","sasha","hp-regeneration","ashen_bastion","S+",40301,Victory,28.807,20.90,S
"sasha_regen_tank_il4","sasha","hp-regeneration","ashen_bastion","S+",40302,Victory,28.667,22.76,S
"sasha_regen_tank_il4","sasha","hp-regeneration","ashen_bastion","S+",40303,Defeat,26.867,0.00,S
"sasha_regen_tank_il8","sasha","hp-regeneration","brass_executioner","B",10101,Victory,5.880,607.45,S+
"sasha_regen_tank_il8","sasha","hp-regeneration","brass_executioner","B",10102,Victory,5.880,607.45,S+
"sasha_regen_tank_il8","sasha","hp-regeneration","brass_executioner","B",10103,Victory,5.880,607.45,S+
"sasha_regen_tank_il8","sasha","hp-regeneration","thousand_handed_guardian","B",10201,Victory,6.800,515.11,S+
"sasha_regen_tank_il8","sasha","hp-regeneration","thousand_handed_guardian","B",10202,Victory,5.780,569.16,S+
"sasha_regen_tank_il8","sasha","hp-regeneration","thousand_handed_guardian","B",10203,Victory,6.800,515.11,S+
"sasha_regen_tank_il8","sasha","hp-regeneration","ashen_bastion","B",10301,Victory,11.880,615.16,S+
"sasha_regen_tank_il8","sasha","hp-regeneration","ashen_bastion","B",10302,Victory,11.880,615.16,S+
"sasha_regen_tank_il8","sasha","hp-regeneration","ashen_bastion","B",10303,Victory,9.600,639.75,S+
"sasha_regen_tank_il8","sasha","hp-regeneration","brass_executioner","A",20101,Victory,6.760,478.33,S+
"sasha_regen_tank_il8","sasha","hp-regeneration","brass_executioner","A",20102,Victory,6.760,478.33,S+
"sasha_regen_tank_il8","sasha","hp-regeneration","brass_executioner","A",20103,Victory,6.760,478.33,S+
"sasha_regen_tank_il8","sasha","hp-regeneration","thousand_handed_guardian","A",20201,Victory,7.400,426.21,S+
"sasha_regen_tank_il8","sasha","hp-regeneration","thousand_handed_guardian","A",20202,Victory,7.440,441.77,S+
"sasha_regen_tank_il8","sasha","hp-regeneration","thousand_handed_guardian","A",20203,Victory,7.440,458.28,S+
"sasha_regen_tank_il8","sasha","hp-regeneration","ashen_bastion","A",20301,Victory,13.380,476.38,S+
"sasha_regen_tank_il8","sasha","hp-regeneration","ashen_bastion","A",20302,Victory,14.380,471.55,S+
"sasha_regen_tank_il8","sasha","hp-regeneration","ashen_bastion","A",20303,Victory,14.360,471.38,S+
"sasha_regen_tank_il8","sasha","hp-regeneration","brass_executioner","S",30101,Victory,6.520,422.52,S+
"sasha_regen_tank_il8","sasha","hp-regeneration","brass_executioner","S",30102,Victory,7.320,378.80,S+
"sasha_regen_tank_il8","sasha","hp-regeneration","brass_executioner","S",30103,Victory,7.320,378.80,S+
"sasha_regen_tank_il8","sasha","hp-regeneration","thousand_handed_guardian","S",30201,Victory,8.020,319.59,S+
"sasha_regen_tank_il8","sasha","hp-regeneration","thousand_handed_guardian","S",30202,Victory,8.860,299.96,S+
"sasha_regen_tank_il8","sasha","hp-regeneration","thousand_handed_guardian","S",30203,Victory,8.700,242.79,S+
"sasha_regen_tank_il8","sasha","hp-regeneration","ashen_bastion","S",30301,Victory,15.660,379.18,S+
"sasha_regen_tank_il8","sasha","hp-regeneration","ashen_bastion","S",30302,Victory,14.820,439.43,S+
"sasha_regen_tank_il8","sasha","hp-regeneration","ashen_bastion","S",30303,Victory,16.500,347.98,S+
"sasha_regen_tank_il8","sasha","hp-regeneration","brass_executioner","S+",40101,Victory,8.320,26.05,S+
"sasha_regen_tank_il8","sasha","hp-regeneration","brass_executioner","S+",40102,Defeat,8.000,0.00,S+
"sasha_regen_tank_il8","sasha","hp-regeneration","brass_executioner","S+",40103,Victory,8.420,24.90,S+
"sasha_regen_tank_il8","sasha","hp-regeneration","thousand_handed_guardian","S+",40201,Victory,9.140,195.16,S+
"sasha_regen_tank_il8","sasha","hp-regeneration","thousand_handed_guardian","S+",40202,Victory,9.860,185.86,S+
"sasha_regen_tank_il8","sasha","hp-regeneration","thousand_handed_guardian","S+",40203,Victory,9.860,211.46,S+
"sasha_regen_tank_il8","sasha","hp-regeneration","ashen_bastion","S+",40301,Victory,17.380,256.56,S+
"sasha_regen_tank_il8","sasha","hp-regeneration","ashen_bastion","S+",40302,Victory,18.080,259.94,S+
"sasha_regen_tank_il8","sasha","hp-regeneration","ashen_bastion","S+",40303,Victory,20.413,165.41,S+
"sasha_regen_tank_il12","sasha","hp-regeneration","brass_executioner","B",10101,Victory,4.580,693.43,S+
"sasha_regen_tank_il12","sasha","hp-regeneration","brass_executioner","B",10102,Victory,4.580,693.43,S+
"sasha_regen_tank_il12","sasha","hp-regeneration","brass_executioner","B",10103,Victory,4.580,693.43,S+
"sasha_regen_tank_il12","sasha","hp-regeneration","thousand_handed_guardian","B",10201,Victory,4.580,655.07,S+
"sasha_regen_tank_il12","sasha","hp-regeneration","thousand_handed_guardian","B",10202,Victory,4.580,655.07,S+
"sasha_regen_tank_il12","sasha","hp-regeneration","thousand_handed_guardian","B",10203,Victory,5.660,642.81,S+
"sasha_regen_tank_il12","sasha","hp-regeneration","ashen_bastion","B",10301,Victory,8.160,695.84,S+
"sasha_regen_tank_il12","sasha","hp-regeneration","ashen_bastion","B",10302,Victory,7.020,710.82,S+
"sasha_regen_tank_il12","sasha","hp-regeneration","ashen_bastion","B",10303,Victory,8.160,695.84,S+
"sasha_regen_tank_il12","sasha","hp-regeneration","brass_executioner","A",20101,Victory,5.580,627.91,S+
"sasha_regen_tank_il12","sasha","hp-regeneration","brass_executioner","A",20102,Victory,4.520,669.61,S+
"sasha_regen_tank_il12","sasha","hp-regeneration","brass_executioner","A",20103,Victory,5.580,627.91,S+
"sasha_regen_tank_il12","sasha","hp-regeneration","thousand_handed_guardian","A",20201,Victory,6.520,538.12,S+
"sasha_regen_tank_il12","sasha","hp-regeneration","thousand_handed_guardian","A",20202,Victory,5.560,608.52,S+
"sasha_regen_tank_il12","sasha","hp-regeneration","thousand_handed_guardian","A",20203,Victory,6.520,538.12,S+
"sasha_regen_tank_il12","sasha","hp-regeneration","ashen_bastion","A",20301,Victory,9.180,652.22,S+
"sasha_regen_tank_il12","sasha","hp-regeneration","ashen_bastion","A",20302,Victory,9.180,652.22,S+
"sasha_regen_tank_il12","sasha","hp-regeneration","ashen_bastion","A",20303,Victory,10.260,646.94,S+
"sasha_regen_tank_il12","sasha","hp-regeneration","brass_executioner","S",30101,Victory,5.420,505.29,S+
"sasha_regen_tank_il12","sasha","hp-regeneration","brass_executioner","S",30102,Victory,6.300,450.02,S+
"sasha_regen_tank_il12","sasha","hp-regeneration","brass_executioner","S",30103,Victory,6.300,450.02,S+
"sasha_regen_tank_il12","sasha","hp-regeneration","thousand_handed_guardian","S",30201,Victory,7.160,420.89,S+
"sasha_regen_tank_il12","sasha","hp-regeneration","thousand_handed_guardian","S",30202,Victory,7.240,482.41,S+
"sasha_regen_tank_il12","sasha","hp-regeneration","thousand_handed_guardian","S",30203,Victory,7.160,420.89,S+
"sasha_regen_tank_il12","sasha","hp-regeneration","ashen_bastion","S",30301,Victory,12.000,571.07,S+
"sasha_regen_tank_il12","sasha","hp-regeneration","ashen_bastion","S",30302,Victory,12.960,537.28,S+
"sasha_regen_tank_il12","sasha","hp-regeneration","ashen_bastion","S",30303,Victory,13.900,503.82,S+
"sasha_regen_tank_il12","sasha","hp-regeneration","brass_executioner","S+",40101,Victory,6.700,337.71,S+
"sasha_regen_tank_il12","sasha","hp-regeneration","brass_executioner","S+",40102,Victory,6.700,337.71,S+
"sasha_regen_tank_il12","sasha","hp-regeneration","brass_executioner","S+",40103,Victory,6.780,380.06,S+
"sasha_regen_tank_il12","sasha","hp-regeneration","thousand_handed_guardian","S+",40201,Victory,7.660,352.27,S+
"sasha_regen_tank_il12","sasha","hp-regeneration","thousand_handed_guardian","S+",40202,Victory,8.440,298.53,S+
"sasha_regen_tank_il12","sasha","hp-regeneration","thousand_handed_guardian","S+",40203,Victory,8.420,299.26,S+
"sasha_regen_tank_il12","sasha","hp-regeneration","ashen_bastion","S+",40301,Victory,13.993,394.57,S+
"sasha_regen_tank_il12","sasha","hp-regeneration","ashen_bastion","S+",40302,Victory,15.693,388.60,S+
"sasha_regen_tank_il12","sasha","hp-regeneration","ashen_bastion","S+",40303,Victory,14.853,350.28,S+
"sasha_regen_tank_il15","sasha","hp-regeneration","brass_executioner","B",10101,Victory,4.420,744.16,S+
"sasha_regen_tank_il15","sasha","hp-regeneration","brass_executioner","B",10102,Victory,4.420,744.16,S+
"sasha_regen_tank_il15","sasha","hp-regeneration","brass_executioner","B",10103,Victory,3.300,722.86,S+
"sasha_regen_tank_il15","sasha","hp-regeneration","thousand_handed_guardian","B",10201,Victory,4.440,726.52,S+
"sasha_regen_tank_il15","sasha","hp-regeneration","thousand_handed_guardian","B",10202,Victory,4.440,726.52,S+
"sasha_regen_tank_il15","sasha","hp-regeneration","thousand_handed_guardian","B",10203,Victory,4.440,726.52,S+
"sasha_regen_tank_il15","sasha","hp-regeneration","ashen_bastion","B",10301,Victory,5.600,751.44,S+
"sasha_regen_tank_il15","sasha","hp-regeneration","ashen_bastion","B",10302,Victory,5.600,751.44,S+
"sasha_regen_tank_il15","sasha","hp-regeneration","ashen_bastion","B",10303,Victory,5.600,751.44,S+
"sasha_regen_tank_il15","sasha","hp-regeneration","brass_executioner","A",20101,Victory,4.360,719.35,S+
"sasha_regen_tank_il15","sasha","hp-regeneration","brass_executioner","A",20102,Victory,4.360,719.35,S+
"sasha_regen_tank_il15","sasha","hp-regeneration","brass_executioner","A",20103,Victory,4.360,719.35,S+
"sasha_regen_tank_il15","sasha","hp-regeneration","thousand_handed_guardian","A",20201,Victory,5.440,684.25,S+
"sasha_regen_tank_il15","sasha","hp-regeneration","thousand_handed_guardian","A",20202,Victory,4.400,705.47,S+
"sasha_regen_tank_il15","sasha","hp-regeneration","thousand_handed_guardian","A",20203,Victory,5.440,684.25,S+
"sasha_regen_tank_il15","sasha","hp-regeneration","ashen_bastion","A",20301,Victory,7.780,742.59,S+
"sasha_regen_tank_il15","sasha","hp-regeneration","ashen_bastion","A",20302,Victory,7.780,742.59,S+
"sasha_regen_tank_il15","sasha","hp-regeneration","ashen_bastion","A",20303,Victory,6.680,729.42,S+
"sasha_regen_tank_il15","sasha","hp-regeneration","brass_executioner","S",30101,Victory,4.320,700.29,S+
"sasha_regen_tank_il15","sasha","hp-regeneration","brass_executioner","S",30102,Victory,4.320,700.29,S+
"sasha_regen_tank_il15","sasha","hp-regeneration","brass_executioner","S",30103,Victory,5.240,563.44,S+
"sasha_regen_tank_il15","sasha","hp-regeneration","thousand_handed_guardian","S",30201,Victory,6.300,578.59,S+
"sasha_regen_tank_il15","sasha","hp-regeneration","thousand_handed_guardian","S",30202,Victory,5.380,662.20,S+
"sasha_regen_tank_il15","sasha","hp-regeneration","thousand_handed_guardian","S",30203,Victory,6.300,578.59,S+
"sasha_regen_tank_il15","sasha","hp-regeneration","ashen_bastion","S",30301,Victory,8.760,693.82,S+
"sasha_regen_tank_il15","sasha","hp-regeneration","ashen_bastion","S",30302,Victory,8.760,693.82,S+
"sasha_regen_tank_il15","sasha","hp-regeneration","ashen_bastion","S",30303,Victory,10.860,657.98,S+
"sasha_regen_tank_il15","sasha","hp-regeneration","brass_executioner","S+",40101,Victory,5.740,402.19,S+
"sasha_regen_tank_il15","sasha","hp-regeneration","brass_executioner","S+",40102,Victory,5.780,471.92,S+
"sasha_regen_tank_il15","sasha","hp-regeneration","brass_executioner","S+",40103,Victory,5.780,471.92,S+
"sasha_regen_tank_il15","sasha","hp-regeneration","thousand_handed_guardian","S+",40201,Victory,6.780,408.47,S+
"sasha_regen_tank_il15","sasha","hp-regeneration","thousand_handed_guardian","S+",40202,Victory,6.860,458.19,S+
"sasha_regen_tank_il15","sasha","hp-regeneration","thousand_handed_guardian","S+",40203,Victory,6.820,433.33,S+
"sasha_regen_tank_il15","sasha","hp-regeneration","ashen_bastion","S+",40301,Victory,11.340,572.76,S+
"sasha_regen_tank_il15","sasha","hp-regeneration","ashen_bastion","S+",40302,Victory,13.913,457.75,S+
"sasha_regen_tank_il15","sasha","hp-regeneration","ashen_bastion","S+",40303,Victory,10.440,613.21,S+
"sasha_thorn_axe_il1","sasha","self-bleed","brass_executioner","B",10101,Victory,10.880,278.86,A
"sasha_thorn_axe_il1","sasha","self-bleed","brass_executioner","B",10102,Victory,11.220,280.73,A
"sasha_thorn_axe_il1","sasha","self-bleed","brass_executioner","B",10103,Victory,10.460,283.71,A
"sasha_thorn_axe_il1","sasha","self-bleed","thousand_handed_guardian","B",10201,Victory,13.020,253.43,A
"sasha_thorn_axe_il1","sasha","self-bleed","thousand_handed_guardian","B",10202,Victory,11.220,290.68,A
"sasha_thorn_axe_il1","sasha","self-bleed","thousand_handed_guardian","B",10203,Victory,10.500,322.54,A
"sasha_thorn_axe_il1","sasha","self-bleed","ashen_bastion","B",10301,Victory,23.780,198.45,A
"sasha_thorn_axe_il1","sasha","self-bleed","ashen_bastion","B",10302,Victory,21.800,231.36,A
"sasha_thorn_axe_il1","sasha","self-bleed","ashen_bastion","B",10303,Victory,21.120,240.66,A
"sasha_thorn_axe_il1","sasha","self-bleed","brass_executioner","A",20101,Victory,12.560,37.60,A
"sasha_thorn_axe_il1","sasha","self-bleed","brass_executioner","A",20102,Defeat,12.540,0.00,A
"sasha_thorn_axe_il1","sasha","self-bleed","brass_executioner","A",20103,Victory,11.920,179.87,A
"sasha_thorn_axe_il1","sasha","self-bleed","thousand_handed_guardian","A",20201,Victory,12.520,161.29,A
"sasha_thorn_axe_il1","sasha","self-bleed","thousand_handed_guardian","A",20202,Victory,12.660,134.35,A
"sasha_thorn_axe_il1","sasha","self-bleed","thousand_handed_guardian","A",20203,Victory,12.600,150.26,A
"sasha_thorn_axe_il1","sasha","self-bleed","ashen_bastion","A",20301,Victory,27.580,33.20,A
"sasha_thorn_axe_il1","sasha","self-bleed","ashen_bastion","A",20302,Victory,24.220,89.59,A
"sasha_thorn_axe_il1","sasha","self-bleed","ashen_bastion","A",20303,Victory,25.020,96.44,A
"sasha_thorn_axe_il1","sasha","self-bleed","brass_executioner","S",30101,Defeat,10.000,0.00,A
"sasha_thorn_axe_il1","sasha","self-bleed","brass_executioner","S",30102,Defeat,10.000,0.00,A
"sasha_thorn_axe_il1","sasha","self-bleed","brass_executioner","S",30103,Defeat,10.000,0.00,A
"sasha_thorn_axe_il1","sasha","self-bleed","thousand_handed_guardian","S",30201,Victory,13.740,55.13,A
"sasha_thorn_axe_il1","sasha","self-bleed","thousand_handed_guardian","S",30202,Victory,14.400,63.40,A
"sasha_thorn_axe_il1","sasha","self-bleed","thousand_handed_guardian","S",30203,Victory,13.800,46.58,A
"sasha_thorn_axe_il1","sasha","self-bleed","ashen_bastion","S",30301,Defeat,24.507,0.00,A
"sasha_thorn_axe_il1","sasha","self-bleed","ashen_bastion","S",30302,Defeat,25.427,0.00,A
"sasha_thorn_axe_il1","sasha","self-bleed","ashen_bastion","S",30303,Defeat,25.527,0.00,A
"sasha_thorn_axe_il1","sasha","self-bleed","brass_executioner","S+",40101,Defeat,8.000,0.00,A
"sasha_thorn_axe_il1","sasha","self-bleed","brass_executioner","S+",40102,Defeat,8.000,0.00,A
"sasha_thorn_axe_il1","sasha","self-bleed","brass_executioner","S+",40103,Defeat,8.000,0.00,A
"sasha_thorn_axe_il1","sasha","self-bleed","thousand_handed_guardian","S+",40201,Defeat,12.840,0.00,A
"sasha_thorn_axe_il1","sasha","self-bleed","thousand_handed_guardian","S+",40202,Defeat,12.140,0.00,A
"sasha_thorn_axe_il1","sasha","self-bleed","thousand_handed_guardian","S+",40203,Defeat,12.440,0.00,A
"sasha_thorn_axe_il1","sasha","self-bleed","ashen_bastion","S+",40301,Defeat,19.093,0.00,A
"sasha_thorn_axe_il1","sasha","self-bleed","ashen_bastion","S+",40302,Defeat,21.680,0.00,A
"sasha_thorn_axe_il1","sasha","self-bleed","ashen_bastion","S+",40303,Defeat,21.753,0.00,A
"sasha_thorn_axe_il4","sasha","self-bleed","brass_executioner","B",10101,Victory,9.360,378.49,S
"sasha_thorn_axe_il4","sasha","self-bleed","brass_executioner","B",10102,Victory,9.520,388.24,S
"sasha_thorn_axe_il4","sasha","self-bleed","brass_executioner","B",10103,Victory,8.580,392.16,S
"sasha_thorn_axe_il4","sasha","self-bleed","thousand_handed_guardian","B",10201,Victory,10.040,337.59,S
"sasha_thorn_axe_il4","sasha","self-bleed","thousand_handed_guardian","B",10202,Victory,9.620,379.93,S
"sasha_thorn_axe_il4","sasha","self-bleed","thousand_handed_guardian","B",10203,Victory,8.880,412.72,S
"sasha_thorn_axe_il4","sasha","self-bleed","ashen_bastion","B",10301,Victory,17.880,332.79,S
"sasha_thorn_axe_il4","sasha","self-bleed","ashen_bastion","B",10302,Victory,18.000,358.94,S
"sasha_thorn_axe_il4","sasha","self-bleed","ashen_bastion","B",10303,Victory,18.180,359.58,S
"sasha_thorn_axe_il4","sasha","self-bleed","brass_executioner","A",20101,Victory,11.120,244.19,S
"sasha_thorn_axe_il4","sasha","self-bleed","brass_executioner","A",20102,Victory,9.880,308.24,S
"sasha_thorn_axe_il4","sasha","self-bleed","brass_executioner","A",20103,Victory,9.660,302.91,S
"sasha_thorn_axe_il4","sasha","self-bleed","thousand_handed_guardian","A",20201,Victory,10.500,295.04,S
"sasha_thorn_axe_il4","sasha","self-bleed","thousand_handed_guardian","A",20202,Victory,11.360,233.43,S
"sasha_thorn_axe_il4","sasha","self-bleed","thousand_handed_guardian","A",20203,Victory,9.880,286.92,S
"sasha_thorn_axe_il4","sasha","self-bleed","ashen_bastion","A",20301,Victory,22.480,141.39,S
"sasha_thorn_axe_il4","sasha","self-bleed","ashen_bastion","A",20302,Victory,22.960,133.22,S
"sasha_thorn_axe_il4","sasha","self-bleed","ashen_bastion","A",20303,Victory,23.840,143.17,S
"sasha_thorn_axe_il4","sasha","self-bleed","brass_executioner","S",30101,Defeat,10.340,0.00,S
"sasha_thorn_axe_il4","sasha","self-bleed","brass_executioner","S",30102,Victory,10.240,41.89,S
"sasha_thorn_axe_il4","sasha","self-bleed","brass_executioner","S",30103,Victory,11.040,46.13,S
"sasha_thorn_axe_il4","sasha","self-bleed","thousand_handed_guardian","S",30201,Victory,11.340,173.65,S
"sasha_thorn_axe_il4","sasha","self-bleed","thousand_handed_guardian","S",30202,Victory,12.000,149.03,S
"sasha_thorn_axe_il4","sasha","self-bleed","thousand_handed_guardian","S",30203,Victory,12.680,107.68,S
"sasha_thorn_axe_il4","sasha","self-bleed","ashen_bastion","S",30301,Victory,23.447,101.27,S
"sasha_thorn_axe_il4","sasha","self-bleed","ashen_bastion","S",30302,Victory,20.147,153.56,S
"sasha_thorn_axe_il4","sasha","self-bleed","ashen_bastion","S",30303,Victory,23.727,79.77,S
"sasha_thorn_axe_il4","sasha","self-bleed","brass_executioner","S+",40101,Defeat,8.000,0.00,S
"sasha_thorn_axe_il4","sasha","self-bleed","brass_executioner","S+",40102,Defeat,8.000,0.00,S
"sasha_thorn_axe_il4","sasha","self-bleed","brass_executioner","S+",40103,Defeat,8.000,0.00,S
"sasha_thorn_axe_il4","sasha","self-bleed","thousand_handed_guardian","S+",40201,Victory,12.780,64.57,S
"sasha_thorn_axe_il4","sasha","self-bleed","thousand_handed_guardian","S+",40202,Defeat,14.393,0.00,S
"sasha_thorn_axe_il4","sasha","self-bleed","thousand_handed_guardian","S+",40203,Victory,13.513,16.24,S
"sasha_thorn_axe_il4","sasha","self-bleed","ashen_bastion","S+",40301,Defeat,22.653,0.00,S
"sasha_thorn_axe_il4","sasha","self-bleed","ashen_bastion","S+",40302,Defeat,22.980,0.00,S
"sasha_thorn_axe_il4","sasha","self-bleed","ashen_bastion","S+",40303,Defeat,23.013,0.00,S
"sasha_thorn_axe_il8","sasha","self-bleed","brass_executioner","B",10101,Victory,7.480,551.56,S
"sasha_thorn_axe_il8","sasha","self-bleed","brass_executioner","B",10102,Victory,7.740,469.55,S
"sasha_thorn_axe_il8","sasha","self-bleed","brass_executioner","B",10103,Victory,6.780,562.13,S
"sasha_thorn_axe_il8","sasha","self-bleed","thousand_handed_guardian","B",10201,Victory,10.440,431.11,S
"sasha_thorn_axe_il8","sasha","self-bleed","thousand_handed_guardian","B",10202,Victory,8.020,477.40,S
"sasha_thorn_axe_il8","sasha","self-bleed","thousand_handed_guardian","B",10203,Victory,8.320,503.50,S
"sasha_thorn_axe_il8","sasha","self-bleed","ashen_bastion","B",10301,Victory,15.740,456.43,S
"sasha_thorn_axe_il8","sasha","self-bleed","ashen_bastion","B",10302,Victory,17.140,467.37,S
"sasha_thorn_axe_il8","sasha","self-bleed","ashen_bastion","B",10303,Victory,19.700,405.94,S
"sasha_thorn_axe_il8","sasha","self-bleed","brass_executioner","A",20101,Victory,9.560,370.03,S
"sasha_thorn_axe_il8","sasha","self-bleed","brass_executioner","A",20102,Victory,8.980,383.82,S
"sasha_thorn_axe_il8","sasha","self-bleed","brass_executioner","A",20103,Victory,8.760,373.40,S
"sasha_thorn_axe_il8","sasha","self-bleed","thousand_handed_guardian","A",20201,Victory,10.140,330.89,S
"sasha_thorn_axe_il8","sasha","self-bleed","thousand_handed_guardian","A",20202,Victory,9.360,345.34,S
"sasha_thorn_axe_il8","sasha","self-bleed","thousand_handed_guardian","A",20203,Victory,9.240,376.72,S
"sasha_thorn_axe_il8","sasha","self-bleed","ashen_bastion","A",20301,Victory,20.760,261.27,S
"sasha_thorn_axe_il8","sasha","self-bleed","ashen_bastion","A",20302,Victory,19.680,306.04,S
"sasha_thorn_axe_il8","sasha","self-bleed","ashen_bastion","A",20303,Victory,17.340,318.17,S
"sasha_thorn_axe_il8","sasha","self-bleed","brass_executioner","S",30101,Victory,8.660,289.18,S
"sasha_thorn_axe_il8","sasha","self-bleed","brass_executioner","S",30102,Victory,8.860,355.70,S
"sasha_thorn_axe_il8","sasha","self-bleed","brass_executioner","S",30103,Victory,9.760,300.65,S
"sasha_thorn_axe_il8","sasha","self-bleed","thousand_handed_guardian","S",30201,Victory,9.520,279.10,S
"sasha_thorn_axe_il8","sasha","self-bleed","thousand_handed_guardian","S",30202,Victory,10.740,267.45,S
"sasha_thorn_axe_il8","sasha","self-bleed","thousand_handed_guardian","S",30203,Victory,11.780,177.13,S
"sasha_thorn_axe_il8","sasha","self-bleed","ashen_bastion","S",30301,Victory,20.020,197.19,S
"sasha_thorn_axe_il8","sasha","self-bleed","ashen_bastion","S",30302,Victory,18.407,246.25,S
"sasha_thorn_axe_il8","sasha","self-bleed","ashen_bastion","S",30303,Victory,20.040,193.33,S
"sasha_thorn_axe_il8","sasha","self-bleed","brass_executioner","S+",40101,Defeat,8.000,0.00,S
"sasha_thorn_axe_il8","sasha","self-bleed","brass_executioner","S+",40102,Defeat,8.000,0.00,S
"sasha_thorn_axe_il8","sasha","self-bleed","brass_executioner","S+",40103,Defeat,8.000,0.00,S
"sasha_thorn_axe_il8","sasha","self-bleed","thousand_handed_guardian","S+",40201,Victory,10.540,149.38,S
"sasha_thorn_axe_il8","sasha","self-bleed","thousand_handed_guardian","S+",40202,Victory,11.140,128.56,S
"sasha_thorn_axe_il8","sasha","self-bleed","thousand_handed_guardian","S+",40203,Victory,11.760,104.55,S
"sasha_thorn_axe_il8","sasha","self-bleed","ashen_bastion","S+",40301,Victory,21.033,66.95,S
"sasha_thorn_axe_il8","sasha","self-bleed","ashen_bastion","S+",40302,Victory,20.753,84.03,S
"sasha_thorn_axe_il8","sasha","self-bleed","ashen_bastion","S+",40303,Victory,21.293,47.07,S
"sasha_thorn_axe_il12","sasha","self-bleed","brass_executioner","B",10101,Victory,5.560,644.27,S+
"sasha_thorn_axe_il12","sasha","self-bleed","brass_executioner","B",10102,Victory,7.540,540.73,S+
"sasha_thorn_axe_il12","sasha","self-bleed","brass_executioner","B",10103,Victory,6.580,615.20,S+
"sasha_thorn_axe_il12","sasha","self-bleed","thousand_handed_guardian","B",10201,Victory,8.620,570.83,S+
"sasha_thorn_axe_il12","sasha","self-bleed","thousand_handed_guardian","B",10202,Victory,7.180,591.16,S+
"sasha_thorn_axe_il12","sasha","self-bleed","thousand_handed_guardian","B",10203,Victory,8.320,589.63,S+
"sasha_thorn_axe_il12","sasha","self-bleed","ashen_bastion","B",10301,Victory,14.060,606.74,S+
"sasha_thorn_axe_il12","sasha","self-bleed","ashen_bastion","B",10302,Victory,16.300,547.56,S+
"sasha_thorn_axe_il12","sasha","self-bleed","ashen_bastion","B",10303,Victory,17.280,567.36,S+
"sasha_thorn_axe_il12","sasha","self-bleed","brass_executioner","A",20101,Victory,8.040,496.57,S+
"sasha_thorn_axe_il12","sasha","self-bleed","brass_executioner","A",20102,Victory,8.160,454.00,S+
"sasha_thorn_axe_il12","sasha","self-bleed","brass_executioner","A",20103,Victory,7.140,501.58,S+
"sasha_thorn_axe_il12","sasha","self-bleed","thousand_handed_guardian","A",20201,Victory,9.520,438.93,S+
"sasha_thorn_axe_il12","sasha","self-bleed","thousand_handed_guardian","A",20202,Victory,8.680,455.02,S+
"sasha_thorn_axe_il12","sasha","self-bleed","thousand_handed_guardian","A",20203,Victory,7.820,486.46,S+
"sasha_thorn_axe_il12","sasha","self-bleed","ashen_bastion","A",20301,Victory,19.220,380.71,S+
"sasha_thorn_axe_il12","sasha","self-bleed","ashen_bastion","A",20302,Victory,16.540,444.01,S+
"sasha_thorn_axe_il12","sasha","self-bleed","ashen_bastion","A",20303,Victory,15.380,462.59,S+
"sasha_thorn_axe_il12","sasha","self-bleed","brass_executioner","S",30101,Victory,7.040,421.18,S+
"sasha_thorn_axe_il12","sasha","self-bleed","brass_executioner","S",30102,Victory,8.420,383.76,S+
"sasha_thorn_axe_il12","sasha","self-bleed","brass_executioner","S",30103,Victory,9.420,330.68,S+
"sasha_thorn_axe_il12","sasha","self-bleed","thousand_handed_guardian","S",30201,Victory,9.900,336.50,S+
"sasha_thorn_axe_il12","sasha","self-bleed","thousand_handed_guardian","S",30202,Victory,8.840,416.63,S+
"sasha_thorn_axe_il12","sasha","self-bleed","thousand_handed_guardian","S",30203,Victory,10.720,299.12,S+
"sasha_thorn_axe_il12","sasha","self-bleed","ashen_bastion","S",30301,Victory,18.447,309.43,S+
"sasha_thorn_axe_il12","sasha","self-bleed","ashen_bastion","S",30302,Victory,16.320,377.51,S+
"sasha_thorn_axe_il12","sasha","self-bleed","ashen_bastion","S",30303,Victory,17.927,318.02,S+
"sasha_thorn_axe_il12","sasha","self-bleed","brass_executioner","S+",40101,Victory,9.380,39.84,S+
"sasha_thorn_axe_il12","sasha","self-bleed","brass_executioner","S+",40102,Defeat,8.000,0.00,S+
"sasha_thorn_axe_il12","sasha","self-bleed","brass_executioner","S+",40103,Victory,8.160,35.27,S+
"sasha_thorn_axe_il12","sasha","self-bleed","thousand_handed_guardian","S+",40201,Victory,10.040,239.69,S+
"sasha_thorn_axe_il12","sasha","self-bleed","thousand_handed_guardian","S+",40202,Victory,10.720,214.59,S+
"sasha_thorn_axe_il12","sasha","self-bleed","thousand_handed_guardian","S+",40203,Victory,10.200,219.66,S+
"sasha_thorn_axe_il12","sasha","self-bleed","ashen_bastion","S+",40301,Victory,15.833,259.66,S+
"sasha_thorn_axe_il12","sasha","self-bleed","ashen_bastion","S+",40302,Victory,19.033,163.27,S+
"sasha_thorn_axe_il12","sasha","self-bleed","ashen_bastion","S+",40303,Victory,19.493,128.42,S+
"sasha_thorn_axe_il15","sasha","self-bleed","brass_executioner","B",10101,Victory,5.360,691.96,S+
"sasha_thorn_axe_il15","sasha","self-bleed","brass_executioner","B",10102,Victory,6.360,667.37,S+
"sasha_thorn_axe_il15","sasha","self-bleed","brass_executioner","B",10103,Victory,5.360,691.96,S+
"sasha_thorn_axe_il15","sasha","self-bleed","thousand_handed_guardian","B",10201,Victory,7.480,644.16,S+
"sasha_thorn_axe_il15","sasha","self-bleed","thousand_handed_guardian","B",10202,Victory,7.480,644.16,S+
"sasha_thorn_axe_il15","sasha","self-bleed","thousand_handed_guardian","B",10203,Victory,6.500,687.24,S+
"sasha_thorn_axe_il15","sasha","self-bleed","ashen_bastion","B",10301,Victory,12.040,693.21,S+
"sasha_thorn_axe_il15","sasha","self-bleed","ashen_bastion","B",10302,Victory,13.100,718.66,S+
"sasha_thorn_axe_il15","sasha","self-bleed","ashen_bastion","B",10303,Victory,13.100,718.66,S+
"sasha_thorn_axe_il15","sasha","self-bleed","brass_executioner","A",20101,Victory,7.080,561.66,S+
"sasha_thorn_axe_il15","sasha","self-bleed","brass_executioner","A",20102,Victory,7.080,561.66,S+
"sasha_thorn_axe_il15","sasha","self-bleed","brass_executioner","A",20103,Victory,6.920,567.33,S+
"sasha_thorn_axe_il15","sasha","self-bleed","thousand_handed_guardian","A",20201,Victory,8.080,590.11,S+
"sasha_thorn_axe_il15","sasha","self-bleed","thousand_handed_guardian","A",20202,Victory,7.780,551.43,S+
"sasha_thorn_axe_il15","sasha","self-bleed","thousand_handed_guardian","A",20203,Victory,8.080,590.11,S+
"sasha_thorn_axe_il15","sasha","self-bleed","ashen_bastion","A",20301,Victory,15.060,575.10,S+
"sasha_thorn_axe_il15","sasha","self-bleed","ashen_bastion","A",20302,Victory,14.960,576.28,S+
"sasha_thorn_axe_il15","sasha","self-bleed","ashen_bastion","A",20303,Victory,13.840,606.17,S+
"sasha_thorn_axe_il15","sasha","self-bleed","brass_executioner","S",30101,Victory,5.460,549.19,S+
"sasha_thorn_axe_il15","sasha","self-bleed","brass_executioner","S",30102,Victory,7.540,505.90,S+
"sasha_thorn_axe_il15","sasha","self-bleed","brass_executioner","S",30103,Victory,9.280,395.39,S+
"sasha_thorn_axe_il15","sasha","self-bleed","thousand_handed_guardian","S",30201,Victory,9.280,442.96,S+
"sasha_thorn_axe_il15","sasha","self-bleed","thousand_handed_guardian","S",30202,Victory,8.380,476.19,S+
"sasha_thorn_axe_il15","sasha","self-bleed","thousand_handed_guardian","S",30203,Victory,10.120,366.83,S+
"sasha_thorn_axe_il15","sasha","self-bleed","ashen_bastion","S",30301,Victory,16.847,423.88,S+
"sasha_thorn_axe_il15","sasha","self-bleed","ashen_bastion","S",30302,Victory,14.980,517.47,S+
"sasha_thorn_axe_il15","sasha","self-bleed","ashen_bastion","S",30303,Victory,17.267,448.57,S+
"sasha_thorn_axe_il15","sasha","self-bleed","brass_executioner","S+",40101,Victory,8.720,103.20,S+
"sasha_thorn_axe_il15","sasha","self-bleed","brass_executioner","S+",40102,Victory,8.180,98.74,S+
"sasha_thorn_axe_il15","sasha","self-bleed","brass_executioner","S+",40103,Victory,7.500,383.64,S+
"sasha_thorn_axe_il15","sasha","self-bleed","thousand_handed_guardian","S+",40201,Victory,9.880,306.20,S+
"sasha_thorn_axe_il15","sasha","self-bleed","thousand_handed_guardian","S+",40202,Victory,10.520,253.71,S+
"sasha_thorn_axe_il15","sasha","self-bleed","thousand_handed_guardian","S+",40203,Victory,9.100,350.53,S+
"sasha_thorn_axe_il15","sasha","self-bleed","ashen_bastion","S+",40301,Victory,14.733,366.40,S+
"sasha_thorn_axe_il15","sasha","self-bleed","ashen_bastion","S+",40302,Victory,15.600,336.67,S+
"sasha_thorn_axe_il15","sasha","self-bleed","ashen_bastion","S+",40303,Victory,17.960,238.44,S+
"sasha_berserker_axes_il1","sasha","cursed-speed","brass_executioner","B",10101,Victory,9.240,260.60,S
"sasha_berserker_axes_il1","sasha","cursed-speed","brass_executioner","B",10102,Victory,9.520,264.35,S
"sasha_berserker_axes_il1","sasha","cursed-speed","brass_executioner","B",10103,Victory,8.860,261.27,S
"sasha_berserker_axes_il1","sasha","cursed-speed","thousand_handed_guardian","B",10201,Victory,9.460,275.34,S
"sasha_berserker_axes_il1","sasha","cursed-speed","thousand_handed_guardian","B",10202,Victory,9.580,282.47,S
"sasha_berserker_axes_il1","sasha","cursed-speed","thousand_handed_guardian","B",10203,Victory,9.020,307.07,S
"sasha_berserker_axes_il1","sasha","cursed-speed","ashen_bastion","B",10301,Victory,15.560,307.59,S
"sasha_berserker_axes_il1","sasha","cursed-speed","ashen_bastion","B",10302,Victory,15.460,302.04,S
"sasha_berserker_axes_il1","sasha","cursed-speed","ashen_bastion","B",10303,Victory,15.880,312.49,S
"sasha_berserker_axes_il1","sasha","cursed-speed","brass_executioner","A",20101,Victory,10.300,170.47,S
"sasha_berserker_axes_il1","sasha","cursed-speed","brass_executioner","A",20102,Victory,9.880,161.65,S
"sasha_berserker_axes_il1","sasha","cursed-speed","brass_executioner","A",20103,Victory,9.600,169.79,S
"sasha_berserker_axes_il1","sasha","cursed-speed","thousand_handed_guardian","A",20201,Victory,10.420,187.77,S
"sasha_berserker_axes_il1","sasha","cursed-speed","thousand_handed_guardian","A",20202,Victory,10.680,174.33,S
"sasha_berserker_axes_il1","sasha","cursed-speed","thousand_handed_guardian","A",20203,Victory,10.920,181.02,S
"sasha_berserker_axes_il1","sasha","cursed-speed","ashen_bastion","A",20301,Victory,17.920,231.71,S
"sasha_berserker_axes_il1","sasha","cursed-speed","ashen_bastion","A",20302,Victory,16.820,212.77,S
"sasha_berserker_axes_il1","sasha","cursed-speed","ashen_bastion","A",20303,Victory,19.840,184.84,S
"sasha_berserker_axes_il1","sasha","cursed-speed","brass_executioner","S",30101,Defeat,10.000,0.00,S
"sasha_berserker_axes_il1","sasha","cursed-speed","brass_executioner","S",30102,Defeat,10.000,0.00,S
"sasha_berserker_axes_il1","sasha","cursed-speed","brass_executioner","S",30103,Defeat,10.000,0.00,S
"sasha_berserker_axes_il1","sasha","cursed-speed","thousand_handed_guardian","S",30201,Victory,11.420,133.13,S
"sasha_berserker_axes_il1","sasha","cursed-speed","thousand_handed_guardian","S",30202,Victory,12.340,96.29,S
"sasha_berserker_axes_il1","sasha","cursed-speed","thousand_handed_guardian","S",30203,Victory,11.740,121.65,S
"sasha_berserker_axes_il1","sasha","cursed-speed","ashen_bastion","S",30301,Victory,20.627,134.94,S
"sasha_berserker_axes_il1","sasha","cursed-speed","ashen_bastion","S",30302,Victory,21.400,127.57,S
"sasha_berserker_axes_il1","sasha","cursed-speed","ashen_bastion","S",30303,Victory,20.607,131.82,S
"sasha_berserker_axes_il1","sasha","cursed-speed","brass_executioner","S+",40101,Defeat,8.000,0.00,S
"sasha_berserker_axes_il1","sasha","cursed-speed","brass_executioner","S+",40102,Defeat,8.000,0.00,S
"sasha_berserker_axes_il1","sasha","cursed-speed","brass_executioner","S+",40103,Defeat,8.000,0.00,S
"sasha_berserker_axes_il1","sasha","cursed-speed","thousand_handed_guardian","S+",40201,Defeat,12.740,0.00,S
"sasha_berserker_axes_il1","sasha","cursed-speed","thousand_handed_guardian","S+",40202,Defeat,12.880,0.00,S
"sasha_berserker_axes_il1","sasha","cursed-speed","thousand_handed_guardian","S+",40203,Defeat,12.020,0.00,S
"sasha_berserker_axes_il1","sasha","cursed-speed","ashen_bastion","S+",40301,Victory,22.893,53.51,S
"sasha_berserker_axes_il1","sasha","cursed-speed","ashen_bastion","S+",40302,Defeat,21.233,0.00,S
"sasha_berserker_axes_il1","sasha","cursed-speed","ashen_bastion","S+",40303,Defeat,21.613,0.00,S
"sasha_berserker_axes_il4","sasha","cursed-speed","brass_executioner","B",10101,Victory,6.540,449.00,S
"sasha_berserker_axes_il4","sasha","cursed-speed","brass_executioner","B",10102,Victory,6.720,457.12,S
"sasha_berserker_axes_il4","sasha","cursed-speed","brass_executioner","B",10103,Victory,6.400,445.28,S
"sasha_berserker_axes_il4","sasha","cursed-speed","thousand_handed_guardian","B",10201,Victory,6.580,394.57,S
"sasha_berserker_axes_il4","sasha","cursed-speed","thousand_handed_guardian","B",10202,Victory,6.720,412.57,S
"sasha_berserker_axes_il4","sasha","cursed-speed","thousand_handed_guardian","B",10203,Victory,6.280,409.59,S
"sasha_berserker_axes_il4","sasha","cursed-speed","ashen_bastion","B",10301,Victory,9.160,419.15,S
"sasha_berserker_axes_il4","sasha","cursed-speed","ashen_bastion","B",10302,Victory,9.040,409.09,S
"sasha_berserker_axes_il4","sasha","cursed-speed","ashen_bastion","B",10303,Victory,9.080,428.01,S
"sasha_berserker_axes_il4","sasha","cursed-speed","brass_executioner","A",20101,Victory,7.560,273.15,S
"sasha_berserker_axes_il4","sasha","cursed-speed","brass_executioner","A",20102,Victory,7.100,269.23,S
"sasha_berserker_axes_il4","sasha","cursed-speed","brass_executioner","A",20103,Victory,7.560,269.85,S
"sasha_berserker_axes_il4","sasha","cursed-speed","thousand_handed_guardian","A",20201,Victory,7.780,300.79,S
"sasha_berserker_axes_il4","sasha","cursed-speed","thousand_handed_guardian","A",20202,Victory,7.440,311.52,S
"sasha_berserker_axes_il4","sasha","cursed-speed","thousand_handed_guardian","A",20203,Victory,8.200,288.87,S
"sasha_berserker_axes_il4","sasha","cursed-speed","ashen_bastion","A",20301,Victory,13.040,333.68,S
"sasha_berserker_axes_il4","sasha","cursed-speed","ashen_bastion","A",20302,Victory,12.180,318.76,S
"sasha_berserker_axes_il4","sasha","cursed-speed","ashen_bastion","A",20303,Victory,12.580,312.78,S
"sasha_berserker_axes_il4","sasha","cursed-speed","brass_executioner","S",30101,Victory,8.340,199.11,S
"sasha_berserker_axes_il4","sasha","cursed-speed","brass_executioner","S",30102,Victory,8.680,206.91,S
"sasha_berserker_axes_il4","sasha","cursed-speed","brass_executioner","S",30103,Victory,7.860,232.11,S
"sasha_berserker_axes_il4","sasha","cursed-speed","thousand_handed_guardian","S",30201,Victory,7.880,263.18,S
"sasha_berserker_axes_il4","sasha","cursed-speed","thousand_handed_guardian","S",30202,Victory,8.580,251.01,S
"sasha_berserker_axes_il4","sasha","cursed-speed","thousand_handed_guardian","S",30203,Victory,8.520,251.91,S
"sasha_berserker_axes_il4","sasha","cursed-speed","ashen_bastion","S",30301,Victory,14.020,282.91,S
"sasha_berserker_axes_il4","sasha","cursed-speed","ashen_bastion","S",30302,Victory,14.380,248.33,S
"sasha_berserker_axes_il4","sasha","cursed-speed","ashen_bastion","S",30303,Victory,13.440,307.56,S
"sasha_berserker_axes_il4","sasha","cursed-speed","brass_executioner","S+",40101,Defeat,8.000,0.00,S
"sasha_berserker_axes_il4","sasha","cursed-speed","brass_executioner","S+",40102,Defeat,8.000,0.00,S
"sasha_berserker_axes_il4","sasha","cursed-speed","brass_executioner","S+",40103,Defeat,8.000,0.00,S
"sasha_berserker_axes_il4","sasha","cursed-speed","thousand_handed_guardian","S+",40201,Victory,10.020,131.35,S
"sasha_berserker_axes_il4","sasha","cursed-speed","thousand_handed_guardian","S+",40202,Victory,9.640,154.70,S
"sasha_berserker_axes_il4","sasha","cursed-speed","thousand_handed_guardian","S+",40203,Victory,9.740,140.86,S
"sasha_berserker_axes_il4","sasha","cursed-speed","ashen_bastion","S+",40301,Victory,15.793,241.80,S
"sasha_berserker_axes_il4","sasha","cursed-speed","ashen_bastion","S+",40302,Victory,15.493,180.86,S
"sasha_berserker_axes_il4","sasha","cursed-speed","ashen_bastion","S+",40303,Victory,16.493,172.37,S
"sasha_berserker_axes_il8","sasha","cursed-speed","brass_executioner","B",10101,Victory,4.200,533.73,S+
"sasha_berserker_axes_il8","sasha","cursed-speed","brass_executioner","B",10102,Victory,4.580,523.91,S+
"sasha_berserker_axes_il8","sasha","cursed-speed","brass_executioner","B",10103,Victory,4.160,515.99,S+
"sasha_berserker_axes_il8","sasha","cursed-speed","thousand_handed_guardian","B",10201,Victory,5.120,448.99,S+
"sasha_berserker_axes_il8","sasha","cursed-speed","thousand_handed_guardian","B",10202,Victory,4.600,555.24,S+
"sasha_berserker_axes_il8","sasha","cursed-speed","thousand_handed_guardian","B",10203,Victory,4.880,475.81,S+
"sasha_berserker_axes_il8","sasha","cursed-speed","ashen_bastion","B",10301,Victory,6.300,529.00,S+
"sasha_berserker_axes_il8","sasha","cursed-speed","ashen_bastion","B",10302,Victory,6.600,502.68,S+
"sasha_berserker_axes_il8","sasha","cursed-speed","ashen_bastion","B",10303,Victory,6.640,515.94,S+
"sasha_berserker_axes_il8","sasha","cursed-speed","brass_executioner","A",20101,Victory,6.020,291.55,S+
"sasha_berserker_axes_il8","sasha","cursed-speed","brass_executioner","A",20102,Victory,4.880,523.07,S+
"sasha_berserker_axes_il8","sasha","cursed-speed","brass_executioner","A",20103,Victory,5.600,497.77,S+
"sasha_berserker_axes_il8","sasha","cursed-speed","thousand_handed_guardian","A",20201,Victory,5.740,409.17,S+
"sasha_berserker_axes_il8","sasha","cursed-speed","thousand_handed_guardian","A",20202,Victory,5.420,408.52,S+
"sasha_berserker_axes_il8","sasha","cursed-speed","thousand_handed_guardian","A",20203,Victory,6.120,401.87,S+
"sasha_berserker_axes_il8","sasha","cursed-speed","ashen_bastion","A",20301,Victory,8.180,406.72,S+
"sasha_berserker_axes_il8","sasha","cursed-speed","ashen_bastion","A",20302,Victory,8.660,440.43,S+
"sasha_berserker_axes_il8","sasha","cursed-speed","ashen_bastion","A",20303,Victory,7.740,447.43,S+
"sasha_berserker_axes_il8","sasha","cursed-speed","brass_executioner","S",30101,Victory,6.000,312.11,S+
"sasha_berserker_axes_il8","sasha","cursed-speed","brass_executioner","S",30102,Victory,6.160,339.53,S+
"sasha_berserker_axes_il8","sasha","cursed-speed","brass_executioner","S",30103,Victory,5.720,355.50,S+
"sasha_berserker_axes_il8","sasha","cursed-speed","thousand_handed_guardian","S",30201,Victory,6.140,400.90,S+
"sasha_berserker_axes_il8","sasha","cursed-speed","thousand_handed_guardian","S",30202,Victory,6.280,356.95,S+
"sasha_berserker_axes_il8","sasha","cursed-speed","thousand_handed_guardian","S",30203,Victory,6.260,384.33,S+
"sasha_berserker_axes_il8","sasha","cursed-speed","ashen_bastion","S",30301,Victory,9.340,424.52,S+
"sasha_berserker_axes_il8","sasha","cursed-speed","ashen_bastion","S",30302,Victory,9.500,397.38,S+
"sasha_berserker_axes_il8","sasha","cursed-speed","ashen_bastion","S",30303,Victory,8.340,445.08,S+
"sasha_berserker_axes_il8","sasha","cursed-speed","brass_executioner","S+",40101,Victory,7.100,268.27,S+
"sasha_berserker_axes_il8","sasha","cursed-speed","brass_executioner","S+",40102,Victory,7.100,231.66,S+
"sasha_berserker_axes_il8","sasha","cursed-speed","brass_executioner","S+",40103,Victory,6.880,315.29,S+
"sasha_berserker_axes_il8","sasha","cursed-speed","thousand_handed_guardian","S+",40201,Victory,7.740,243.48,S+
"sasha_berserker_axes_il8","sasha","cursed-speed","thousand_handed_guardian","S+",40202,Victory,7.640,277.22,S+
"sasha_berserker_axes_il8","sasha","cursed-speed","thousand_handed_guardian","S+",40203,Victory,7.620,245.31,S+
"sasha_berserker_axes_il8","sasha","cursed-speed","ashen_bastion","S+",40301,Victory,12.800,406.55,S+
"sasha_berserker_axes_il8","sasha","cursed-speed","ashen_bastion","S+",40302,Victory,12.100,385.22,S+
"sasha_berserker_axes_il8","sasha","cursed-speed","ashen_bastion","S+",40303,Victory,10.780,350.50,S+
"sasha_berserker_axes_il12","sasha","cursed-speed","brass_executioner","B",10101,Victory,2.860,608.85,S+
"sasha_berserker_axes_il12","sasha","cursed-speed","brass_executioner","B",10102,Victory,3.300,571.97,S+
"sasha_berserker_axes_il12","sasha","cursed-speed","brass_executioner","B",10103,Victory,2.940,583.86,S+
"sasha_berserker_axes_il12","sasha","cursed-speed","thousand_handed_guardian","B",10201,Victory,4.020,548.87,S+
"sasha_berserker_axes_il12","sasha","cursed-speed","thousand_handed_guardian","B",10202,Victory,3.680,604.39,S+
"sasha_berserker_axes_il12","sasha","cursed-speed","thousand_handed_guardian","B",10203,Victory,3.300,561.45,S+
"sasha_berserker_axes_il12","sasha","cursed-speed","ashen_bastion","B",10301,Victory,5.160,576.97,S+
"sasha_berserker_axes_il12","sasha","cursed-speed","ashen_bastion","B",10302,Victory,4.040,567.71,S+
"sasha_berserker_axes_il12","sasha","cursed-speed","ashen_bastion","B",10303,Victory,4.040,567.71,S+
"sasha_berserker_axes_il12","sasha","cursed-speed","brass_executioner","A",20101,Victory,4.280,505.32,S+
"sasha_berserker_axes_il12","sasha","cursed-speed","brass_executioner","A",20102,Victory,3.720,557.68,S+
"sasha_berserker_axes_il12","sasha","cursed-speed","brass_executioner","A",20103,Victory,4.280,505.32,S+
"sasha_berserker_axes_il12","sasha","cursed-speed","thousand_handed_guardian","A",20201,Victory,4.540,508.96,S+
"sasha_berserker_axes_il12","sasha","cursed-speed","thousand_handed_guardian","A",20202,Victory,4.300,524.08,S+
"sasha_berserker_axes_il12","sasha","cursed-speed","thousand_handed_guardian","A",20203,Victory,4.560,483.99,S+
"sasha_berserker_axes_il12","sasha","cursed-speed","ashen_bastion","A",20301,Victory,6.120,552.36,S+
"sasha_berserker_axes_il12","sasha","cursed-speed","ashen_bastion","A",20302,Victory,6.720,533.60,S+
"sasha_berserker_axes_il12","sasha","cursed-speed","ashen_bastion","A",20303,Victory,6.100,533.13,S+
"sasha_berserker_axes_il12","sasha","cursed-speed","brass_executioner","S",30101,Victory,4.780,480.99,S+
"sasha_berserker_axes_il12","sasha","cursed-speed","brass_executioner","S",30102,Victory,4.740,565.85,S+
"sasha_berserker_axes_il12","sasha","cursed-speed","brass_executioner","S",30103,Victory,5.000,566.80,S+
"sasha_berserker_axes_il12","sasha","cursed-speed","thousand_handed_guardian","S",30201,Victory,5.460,443.52,S+
"sasha_berserker_axes_il12","sasha","cursed-speed","thousand_handed_guardian","S",30202,Victory,5.140,526.88,S+
"sasha_berserker_axes_il12","sasha","cursed-speed","thousand_handed_guardian","S",30203,Victory,5.180,466.14,S+
"sasha_berserker_axes_il12","sasha","cursed-speed","ashen_bastion","S",30301,Victory,7.220,541.13,S+
"sasha_berserker_axes_il12","sasha","cursed-speed","ashen_bastion","S",30302,Victory,7.220,515.07,S+
"sasha_berserker_axes_il12","sasha","cursed-speed","ashen_bastion","S",30303,Victory,6.760,485.42,S+
"sasha_berserker_axes_il12","sasha","cursed-speed","brass_executioner","S+",40101,Victory,5.600,316.44,S+
"sasha_berserker_axes_il12","sasha","cursed-speed","brass_executioner","S+",40102,Victory,5.660,314.72,S+
"sasha_berserker_axes_il12","sasha","cursed-speed","brass_executioner","S+",40103,Victory,5.800,380.53,S+
"sasha_berserker_axes_il12","sasha","cursed-speed","thousand_handed_guardian","S+",40201,Victory,6.000,367.86,S+
"sasha_berserker_axes_il12","sasha","cursed-speed","thousand_handed_guardian","S+",40202,Victory,6.080,403.19,S+
"sasha_berserker_axes_il12","sasha","cursed-speed","thousand_handed_guardian","S+",40203,Victory,6.320,365.85,S+
"sasha_berserker_axes_il12","sasha","cursed-speed","ashen_bastion","S+",40301,Victory,8.880,557.26,S+
"sasha_berserker_axes_il12","sasha","cursed-speed","ashen_bastion","S+",40302,Victory,8.500,467.34,S+
"sasha_berserker_axes_il12","sasha","cursed-speed","ashen_bastion","S+",40303,Victory,8.740,419.23,S+
"sasha_berserker_axes_il15","sasha","cursed-speed","brass_executioner","B",10101,Victory,2.260,598.36,S+
"sasha_berserker_axes_il15","sasha","cursed-speed","brass_executioner","B",10102,Victory,2.540,598.36,S+
"sasha_berserker_axes_il15","sasha","cursed-speed","brass_executioner","B",10103,Victory,2.260,602.85,S+
"sasha_berserker_axes_il15","sasha","cursed-speed","thousand_handed_guardian","B",10201,Victory,2.960,611.47,S+
"sasha_berserker_axes_il15","sasha","cursed-speed","thousand_handed_guardian","B",10202,Victory,2.960,611.47,S+
"sasha_berserker_axes_il15","sasha","cursed-speed","thousand_handed_guardian","B",10203,Victory,2.560,622.22,S+
"sasha_berserker_axes_il15","sasha","cursed-speed","ashen_bastion","B",10301,Victory,3.280,607.46,S+
"sasha_berserker_axes_il15","sasha","cursed-speed","ashen_bastion","B",10302,Victory,3.280,607.46,S+
"sasha_berserker_axes_il15","sasha","cursed-speed","ashen_bastion","B",10303,Victory,3.280,607.46,S+
"sasha_berserker_axes_il15","sasha","cursed-speed","brass_executioner","A",20101,Victory,3.300,578.08,S+
"sasha_berserker_axes_il15","sasha","cursed-speed","brass_executioner","A",20102,Victory,2.820,636.00,S+
"sasha_berserker_axes_il15","sasha","cursed-speed","brass_executioner","A",20103,Victory,3.300,578.08,S+
"sasha_berserker_axes_il15","sasha","cursed-speed","thousand_handed_guardian","A",20201,Victory,3.600,603.41,S+
"sasha_berserker_axes_il15","sasha","cursed-speed","thousand_handed_guardian","A",20202,Victory,3.400,622.95,S+
"sasha_berserker_axes_il15","sasha","cursed-speed","thousand_handed_guardian","A",20203,Victory,3.360,573.36,S+
"sasha_berserker_axes_il15","sasha","cursed-speed","ashen_bastion","A",20301,Victory,4.100,567.61,S+
"sasha_berserker_axes_il15","sasha","cursed-speed","ashen_bastion","A",20302,Victory,3.920,586.60,S+
"sasha_berserker_axes_il15","sasha","cursed-speed","ashen_bastion","A",20303,Victory,4.680,597.97,S+
"sasha_berserker_axes_il15","sasha","cursed-speed","brass_executioner","S",30101,Victory,3.800,566.65,S+
"sasha_berserker_axes_il15","sasha","cursed-speed","brass_executioner","S",30102,Victory,3.940,572.24,S+
"sasha_berserker_axes_il15","sasha","cursed-speed","brass_executioner","S",30103,Victory,3.840,612.15,S+
"sasha_berserker_axes_il15","sasha","cursed-speed","thousand_handed_guardian","S",30201,Victory,4.420,534.04,S+
"sasha_berserker_axes_il15","sasha","cursed-speed","thousand_handed_guardian","S",30202,Victory,3.880,585.99,S+
"sasha_berserker_axes_il15","sasha","cursed-speed","thousand_handed_guardian","S",30203,Victory,4.100,555.06,S+
"sasha_berserker_axes_il15","sasha","cursed-speed","ashen_bastion","S",30301,Victory,5.320,593.96,S+
"sasha_berserker_axes_il15","sasha","cursed-speed","ashen_bastion","S",30302,Victory,5.600,570.96,S+
"sasha_berserker_axes_il15","sasha","cursed-speed","ashen_bastion","S",30303,Victory,4.100,544.70,S+
"sasha_berserker_axes_il15","sasha","cursed-speed","brass_executioner","S+",40101,Victory,4.400,276.50,S+
"sasha_berserker_axes_il15","sasha","cursed-speed","brass_executioner","S+",40102,Victory,4.560,382.96,S+
"sasha_berserker_axes_il15","sasha","cursed-speed","brass_executioner","S+",40103,Victory,4.740,382.75,S+
"sasha_berserker_axes_il15","sasha","cursed-speed","thousand_handed_guardian","S+",40201,Victory,5.180,428.51,S+
"sasha_berserker_axes_il15","sasha","cursed-speed","thousand_handed_guardian","S+",40202,Victory,5.060,488.04,S+
"sasha_berserker_axes_il15","sasha","cursed-speed","thousand_handed_guardian","S+",40203,Victory,5.480,393.62,S+
"sasha_berserker_axes_il15","sasha","cursed-speed","ashen_bastion","S+",40301,Victory,7.060,629.64,S+
"sasha_berserker_axes_il15","sasha","cursed-speed","ashen_bastion","S+",40302,Victory,6.740,599.57,S+
"sasha_berserker_axes_il15","sasha","cursed-speed","ashen_bastion","S+",40303,Victory,6.740,495.79,S+
"sasha_prototype_last_argument_il1","sasha","speed-conversion","brass_executioner","B",10101,Victory,10.020,335.01,A
"sasha_prototype_last_argument_il1","sasha","speed-conversion","brass_executioner","B",10102,Victory,10.020,335.01,A
"sasha_prototype_last_argument_il1","sasha","speed-conversion","brass_executioner","B",10103,Victory,8.580,341.82,A
"sasha_prototype_last_argument_il1","sasha","speed-conversion","thousand_handed_guardian","B",10201,Victory,11.440,271.85,A
"sasha_prototype_last_argument_il1","sasha","speed-conversion","thousand_handed_guardian","B",10202,Victory,10.020,299.69,A
"sasha_prototype_last_argument_il1","sasha","speed-conversion","thousand_handed_guardian","B",10203,Victory,10.020,324.43,A
"sasha_prototype_last_argument_il1","sasha","speed-conversion","ashen_bastion","B",10301,Victory,21.440,269.12,A
"sasha_prototype_last_argument_il1","sasha","speed-conversion","ashen_bastion","B",10302,Victory,18.580,294.82,A
"sasha_prototype_last_argument_il1","sasha","speed-conversion","ashen_bastion","B",10303,Victory,18.580,313.17,A
"sasha_prototype_last_argument_il1","sasha","speed-conversion","brass_executioner","A",20101,Victory,12.860,57.78,A
"sasha_prototype_last_argument_il1","sasha","speed-conversion","brass_executioner","A",20102,Victory,11.440,205.33,A
"sasha_prototype_last_argument_il1","sasha","speed-conversion","brass_executioner","A",20103,Victory,10.020,255.53,A
"sasha_prototype_last_argument_il1","sasha","speed-conversion","thousand_handed_guardian","A",20201,Victory,12.860,156.23,A
"sasha_prototype_last_argument_il1","sasha","speed-conversion","thousand_handed_guardian","A",20202,Victory,12.860,76.10,A
"sasha_prototype_last_argument_il1","sasha","speed-conversion","thousand_handed_guardian","A",20203,Victory,11.440,204.19,A
"sasha_prototype_last_argument_il1","sasha","speed-conversion","ashen_bastion","A",20301,Victory,25.720,49.65,A
"sasha_prototype_last_argument_il1","sasha","speed-conversion","ashen_bastion","A",20302,Victory,21.440,173.87,A
"sasha_prototype_last_argument_il1","sasha","speed-conversion","ashen_bastion","A",20303,Victory,18.580,192.05,A
"sasha_prototype_last_argument_il1","sasha","speed-conversion","brass_executioner","S",30101,Defeat,10.000,0.00,A
"sasha_prototype_last_argument_il1","sasha","speed-conversion","brass_executioner","S",30102,Defeat,10.000,0.00,A
"sasha_prototype_last_argument_il1","sasha","speed-conversion","brass_executioner","S",30103,Defeat,10.000,0.00,A
"sasha_prototype_last_argument_il1","sasha","speed-conversion","thousand_handed_guardian","S",30201,Defeat,12.520,0.00,A
"sasha_prototype_last_argument_il1","sasha","speed-conversion","thousand_handed_guardian","S",30202,Victory,12.860,118.13,A
"sasha_prototype_last_argument_il1","sasha","speed-conversion","thousand_handed_guardian","S",30203,Victory,12.860,81.77,A
"sasha_prototype_last_argument_il1","sasha","speed-conversion","ashen_bastion","S",30301,Defeat,25.380,0.00,A
"sasha_prototype_last_argument_il1","sasha","speed-conversion","ashen_bastion","S",30302,Victory,21.440,123.15,A
"sasha_prototype_last_argument_il1","sasha","speed-conversion","ashen_bastion","S",30303,Defeat,21.720,0.00,A
"sasha_prototype_last_argument_il1","sasha","speed-conversion","brass_executioner","S+",40101,Defeat,8.000,0.00,A
"sasha_prototype_last_argument_il1","sasha","speed-conversion","brass_executioner","S+",40102,Defeat,8.000,0.00,A
"sasha_prototype_last_argument_il1","sasha","speed-conversion","brass_executioner","S+",40103,Defeat,8.000,0.00,A
"sasha_prototype_last_argument_il1","sasha","speed-conversion","thousand_handed_guardian","S+",40201,Victory,12.860,44.37,A
"sasha_prototype_last_argument_il1","sasha","speed-conversion","thousand_handed_guardian","S+",40202,Defeat,9.560,0.00,A
"sasha_prototype_last_argument_il1","sasha","speed-conversion","thousand_handed_guardian","S+",40203,Defeat,10.680,0.00,A
"sasha_prototype_last_argument_il1","sasha","speed-conversion","ashen_bastion","S+",40301,Defeat,22.453,0.00,A
"sasha_prototype_last_argument_il1","sasha","speed-conversion","ashen_bastion","S+",40302,Defeat,21.540,0.00,A
"sasha_prototype_last_argument_il1","sasha","speed-conversion","ashen_bastion","S+",40303,Defeat,17.280,0.00,A
"sasha_prototype_last_argument_il4","sasha","speed-conversion","brass_executioner","B",10101,Victory,7.160,503.97,S
"sasha_prototype_last_argument_il4","sasha","speed-conversion","brass_executioner","B",10102,Victory,8.580,397.16,S
"sasha_prototype_last_argument_il4","sasha","speed-conversion","brass_executioner","B",10103,Victory,7.160,503.97,S
"sasha_prototype_last_argument_il4","sasha","speed-conversion","thousand_handed_guardian","B",10201,Victory,8.580,433.15,S
"sasha_prototype_last_argument_il4","sasha","speed-conversion","thousand_handed_guardian","B",10202,Victory,8.580,420.39,S
"sasha_prototype_last_argument_il4","sasha","speed-conversion","thousand_handed_guardian","B",10203,Victory,8.580,433.15,S
"sasha_prototype_last_argument_il4","sasha","speed-conversion","ashen_bastion","B",10301,Victory,12.860,427.99,S
"sasha_prototype_last_argument_il4","sasha","speed-conversion","ashen_bastion","B",10302,Victory,12.860,427.64,S
"sasha_prototype_last_argument_il4","sasha","speed-conversion","ashen_bastion","B",10303,Victory,15.720,382.80,S
"sasha_prototype_last_argument_il4","sasha","speed-conversion","brass_executioner","A",20101,Victory,10.020,261.99,S
"sasha_prototype_last_argument_il4","sasha","speed-conversion","brass_executioner","A",20102,Victory,10.020,261.99,S
"sasha_prototype_last_argument_il4","sasha","speed-conversion","brass_executioner","A",20103,Victory,8.580,315.92,S
"sasha_prototype_last_argument_il4","sasha","speed-conversion","thousand_handed_guardian","A",20201,Victory,10.020,239.89,S
"sasha_prototype_last_argument_il4","sasha","speed-conversion","thousand_handed_guardian","A",20202,Victory,10.020,239.89,S
"sasha_prototype_last_argument_il4","sasha","speed-conversion","thousand_handed_guardian","A",20203,Victory,8.580,327.05,S
"sasha_prototype_last_argument_il4","sasha","speed-conversion","ashen_bastion","A",20301,Victory,17.160,251.46,S
"sasha_prototype_last_argument_il4","sasha","speed-conversion","ashen_bastion","A",20302,Victory,14.300,353.94,S
"sasha_prototype_last_argument_il4","sasha","speed-conversion","ashen_bastion","A",20303,Victory,17.160,250.55,S
"sasha_prototype_last_argument_il4","sasha","speed-conversion","brass_executioner","S",30101,Victory,8.580,309.72,S
"sasha_prototype_last_argument_il4","sasha","speed-conversion","brass_executioner","S",30102,Victory,10.020,66.98,S
"sasha_prototype_last_argument_il4","sasha","speed-conversion","brass_executioner","S",30103,Victory,10.020,67.56,S
"sasha_prototype_last_argument_il4","sasha","speed-conversion","thousand_handed_guardian","S",30201,Victory,11.440,68.89,S
"sasha_prototype_last_argument_il4","sasha","speed-conversion","thousand_handed_guardian","S",30202,Victory,10.020,225.22,S
"sasha_prototype_last_argument_il4","sasha","speed-conversion","thousand_handed_guardian","S",30203,Victory,10.020,205.69,S
"sasha_prototype_last_argument_il4","sasha","speed-conversion","ashen_bastion","S",30301,Victory,20.020,102.32,S
"sasha_prototype_last_argument_il4","sasha","speed-conversion","ashen_bastion","S",30302,Victory,14.300,277.90,S
"sasha_prototype_last_argument_il4","sasha","speed-conversion","ashen_bastion","S",30303,Victory,22.860,41.00,S
"sasha_prototype_last_argument_il4","sasha","speed-conversion","brass_executioner","S+",40101,Defeat,8.000,0.00,S
"sasha_prototype_last_argument_il4","sasha","speed-conversion","brass_executioner","S+",40102,Defeat,8.000,0.00,S
"sasha_prototype_last_argument_il4","sasha","speed-conversion","brass_executioner","S+",40103,Defeat,8.000,0.00,S
"sasha_prototype_last_argument_il4","sasha","speed-conversion","thousand_handed_guardian","S+",40201,Victory,10.020,148.32,S
"sasha_prototype_last_argument_il4","sasha","speed-conversion","thousand_handed_guardian","S+",40202,Defeat,10.420,0.00,S
"sasha_prototype_last_argument_il4","sasha","speed-conversion","thousand_handed_guardian","S+",40203,Victory,11.440,26.87,S
"sasha_prototype_last_argument_il4","sasha","speed-conversion","ashen_bastion","S+",40301,Victory,20.013,72.41,S
"sasha_prototype_last_argument_il4","sasha","speed-conversion","ashen_bastion","S+",40302,Victory,20.020,79.01,S
"sasha_prototype_last_argument_il4","sasha","speed-conversion","ashen_bastion","S+",40303,Defeat,17.613,0.00,S
"sasha_prototype_last_argument_il8","sasha","speed-conversion","brass_executioner","B",10101,Victory,5.720,567.81,S
"sasha_prototype_last_argument_il8","sasha","speed-conversion","brass_executioner","B",10102,Victory,7.160,556.51,S
"sasha_prototype_last_argument_il8","sasha","speed-conversion","brass_executioner","B",10103,Victory,5.720,567.81,S
"sasha_prototype_last_argument_il8","sasha","speed-conversion","thousand_handed_guardian","B",10201,Victory,5.720,540.58,S
"sasha_prototype_last_argument_il8","sasha","speed-conversion","thousand_handed_guardian","B",10202,Victory,5.720,552.61,S
"sasha_prototype_last_argument_il8","sasha","speed-conversion","thousand_handed_guardian","B",10203,Victory,5.720,540.58,S
"sasha_prototype_last_argument_il8","sasha","speed-conversion","ashen_bastion","B",10301,Victory,11.440,539.31,S
"sasha_prototype_last_argument_il8","sasha","speed-conversion","ashen_bastion","B",10302,Victory,11.440,539.31,S
"sasha_prototype_last_argument_il8","sasha","speed-conversion","ashen_bastion","B",10303,Victory,11.440,539.31,S
"sasha_prototype_last_argument_il8","sasha","speed-conversion","brass_executioner","A",20101,Victory,7.160,434.70,S
"sasha_prototype_last_argument_il8","sasha","speed-conversion","brass_executioner","A",20102,Victory,7.160,434.70,S
"sasha_prototype_last_argument_il8","sasha","speed-conversion","brass_executioner","A",20103,Victory,8.580,383.82,S
"sasha_prototype_last_argument_il8","sasha","speed-conversion","thousand_handed_guardian","A",20201,Victory,10.020,277.07,S
"sasha_prototype_last_argument_il8","sasha","speed-conversion","thousand_handed_guardian","A",20202,Victory,8.580,395.55,S
"sasha_prototype_last_argument_il8","sasha","speed-conversion","thousand_handed_guardian","A",20203,Victory,7.160,424.87,S
"sasha_prototype_last_argument_il8","sasha","speed-conversion","ashen_bastion","A",20301,Victory,11.440,452.79,S
"sasha_prototype_last_argument_il8","sasha","speed-conversion","ashen_bastion","A",20302,Victory,11.440,453.03,S
"sasha_prototype_last_argument_il8","sasha","speed-conversion","ashen_bastion","A",20303,Victory,14.300,410.11,S
"sasha_prototype_last_argument_il8","sasha","speed-conversion","brass_executioner","S",30101,Victory,7.160,379.20,S
"sasha_prototype_last_argument_il8","sasha","speed-conversion","brass_executioner","S",30102,Victory,7.160,379.20,S
"sasha_prototype_last_argument_il8","sasha","speed-conversion","brass_executioner","S",30103,Victory,8.580,319.25,S
"sasha_prototype_last_argument_il8","sasha","speed-conversion","thousand_handed_guardian","S",30201,Victory,8.580,327.13,S
"sasha_prototype_last_argument_il8","sasha","speed-conversion","thousand_handed_guardian","S",30202,Victory,7.160,387.18,S
"sasha_prototype_last_argument_il8","sasha","speed-conversion","thousand_handed_guardian","S",30203,Victory,8.580,289.40,S
"sasha_prototype_last_argument_il8","sasha","speed-conversion","ashen_bastion","S",30301,Victory,14.300,328.92,S
"sasha_prototype_last_argument_il8","sasha","speed-conversion","ashen_bastion","S",30302,Victory,11.440,411.29,S
"sasha_prototype_last_argument_il8","sasha","speed-conversion","ashen_bastion","S",30303,Victory,17.147,237.09,S
"sasha_prototype_last_argument_il8","sasha","speed-conversion","brass_executioner","S+",40101,Defeat,8.000,0.00,S
"sasha_prototype_last_argument_il8","sasha","speed-conversion","brass_executioner","S+",40102,Defeat,8.000,0.00,S
"sasha_prototype_last_argument_il8","sasha","speed-conversion","brass_executioner","S+",40103,Defeat,8.000,0.00,S
"sasha_prototype_last_argument_il8","sasha","speed-conversion","thousand_handed_guardian","S+",40201,Victory,10.020,84.77,S
"sasha_prototype_last_argument_il8","sasha","speed-conversion","thousand_handed_guardian","S+",40202,Victory,10.020,86.76,S
"sasha_prototype_last_argument_il8","sasha","speed-conversion","thousand_handed_guardian","S+",40203,Victory,10.020,137.93,S
"sasha_prototype_last_argument_il8","sasha","speed-conversion","ashen_bastion","S+",40301,Victory,15.733,192.73,S
"sasha_prototype_last_argument_il8","sasha","speed-conversion","ashen_bastion","S+",40302,Victory,17.160,155.39,S
"sasha_prototype_last_argument_il8","sasha","speed-conversion","ashen_bastion","S+",40303,Victory,18.580,55.62,S
"sasha_prototype_last_argument_il12","sasha","speed-conversion","brass_executioner","B",10101,Victory,4.300,650.78,S+
"sasha_prototype_last_argument_il12","sasha","speed-conversion","brass_executioner","B",10102,Victory,5.720,621.42,S+
"sasha_prototype_last_argument_il12","sasha","speed-conversion","brass_executioner","B",10103,Victory,4.300,650.78,S+
"sasha_prototype_last_argument_il12","sasha","speed-conversion","thousand_handed_guardian","B",10201,Victory,5.720,624.30,S+
"sasha_prototype_last_argument_il12","sasha","speed-conversion","thousand_handed_guardian","B",10202,Victory,5.720,624.30,S+
"sasha_prototype_last_argument_il12","sasha","speed-conversion","thousand_handed_guardian","B",10203,Victory,5.720,624.30,S+
"sasha_prototype_last_argument_il12","sasha","speed-conversion","ashen_bastion","B",10301,Victory,10.020,673.84,S+
"sasha_prototype_last_argument_il12","sasha","speed-conversion","ashen_bastion","B",10302,Victory,8.580,698.58,S+
"sasha_prototype_last_argument_il12","sasha","speed-conversion","ashen_bastion","B",10303,Victory,8.580,698.58,S+
"sasha_prototype_last_argument_il12","sasha","speed-conversion","brass_executioner","A",20101,Victory,5.720,585.69,S+
"sasha_prototype_last_argument_il12","sasha","speed-conversion","brass_executioner","A",20102,Victory,5.720,585.69,S+
"sasha_prototype_last_argument_il12","sasha","speed-conversion","brass_executioner","A",20103,Victory,7.160,501.58,S+
"sasha_prototype_last_argument_il12","sasha","speed-conversion","thousand_handed_guardian","A",20201,Victory,8.580,470.21,S+
"sasha_prototype_last_argument_il12","sasha","speed-conversion","thousand_handed_guardian","A",20202,Victory,5.720,577.80,S+
"sasha_prototype_last_argument_il12","sasha","speed-conversion","thousand_handed_guardian","A",20203,Victory,7.160,512.77,S+
"sasha_prototype_last_argument_il12","sasha","speed-conversion","ashen_bastion","A",20301,Victory,10.020,608.92,S+
"sasha_prototype_last_argument_il12","sasha","speed-conversion","ashen_bastion","A",20302,Victory,11.440,558.08,S+
"sasha_prototype_last_argument_il12","sasha","speed-conversion","ashen_bastion","A",20303,Victory,8.580,616.00,S+
"sasha_prototype_last_argument_il12","sasha","speed-conversion","brass_executioner","S",30101,Victory,5.720,505.72,S+
"sasha_prototype_last_argument_il12","sasha","speed-conversion","brass_executioner","S",30102,Victory,5.720,455.00,S+
"sasha_prototype_last_argument_il12","sasha","speed-conversion","brass_executioner","S",30103,Victory,7.160,445.94,S+
"sasha_prototype_last_argument_il12","sasha","speed-conversion","thousand_handed_guardian","S",30201,Victory,8.580,384.17,S+
"sasha_prototype_last_argument_il12","sasha","speed-conversion","thousand_handed_guardian","S",30202,Victory,7.160,460.79,S+
"sasha_prototype_last_argument_il12","sasha","speed-conversion","thousand_handed_guardian","S",30203,Victory,8.580,384.17,S+
"sasha_prototype_last_argument_il12","sasha","speed-conversion","ashen_bastion","S",30301,Victory,14.300,405.49,S+
"sasha_prototype_last_argument_il12","sasha","speed-conversion","ashen_bastion","S",30302,Victory,12.860,470.73,S+
"sasha_prototype_last_argument_il12","sasha","speed-conversion","ashen_bastion","S",30303,Victory,15.720,373.35,S+
"sasha_prototype_last_argument_il12","sasha","speed-conversion","brass_executioner","S+",40101,Defeat,8.000,0.00,S+
"sasha_prototype_last_argument_il12","sasha","speed-conversion","brass_executioner","S+",40102,Victory,7.160,334.33,S+
"sasha_prototype_last_argument_il12","sasha","speed-conversion","brass_executioner","S+",40103,Victory,7.160,334.33,S+
"sasha_prototype_last_argument_il12","sasha","speed-conversion","thousand_handed_guardian","S+",40201,Victory,8.580,275.43,S+
"sasha_prototype_last_argument_il12","sasha","speed-conversion","thousand_handed_guardian","S+",40202,Victory,8.580,326.14,S+
"sasha_prototype_last_argument_il12","sasha","speed-conversion","thousand_handed_guardian","S+",40203,Victory,8.580,276.49,S+
"sasha_prototype_last_argument_il12","sasha","speed-conversion","ashen_bastion","S+",40301,Victory,11.440,394.18,S+
"sasha_prototype_last_argument_il12","sasha","speed-conversion","ashen_bastion","S+",40302,Victory,14.293,277.82,S+
"sasha_prototype_last_argument_il12","sasha","speed-conversion","ashen_bastion","S+",40303,Victory,11.440,393.82,S+
"sasha_prototype_last_argument_il15","sasha","speed-conversion","brass_executioner","B",10101,Victory,4.300,698.95,S+
"sasha_prototype_last_argument_il15","sasha","speed-conversion","brass_executioner","B",10102,Victory,4.300,698.95,S+
"sasha_prototype_last_argument_il15","sasha","speed-conversion","brass_executioner","B",10103,Victory,4.300,698.95,S+
"sasha_prototype_last_argument_il15","sasha","speed-conversion","thousand_handed_guardian","B",10201,Victory,5.720,685.22,S+
"sasha_prototype_last_argument_il15","sasha","speed-conversion","thousand_handed_guardian","B",10202,Victory,5.720,685.22,S+
"sasha_prototype_last_argument_il15","sasha","speed-conversion","thousand_handed_guardian","B",10203,Victory,5.720,685.22,S+
"sasha_prototype_last_argument_il15","sasha","speed-conversion","ashen_bastion","B",10301,Victory,7.160,729.68,S+
"sasha_prototype_last_argument_il15","sasha","speed-conversion","ashen_bastion","B",10302,Victory,7.160,729.68,S+
"sasha_prototype_last_argument_il15","sasha","speed-conversion","ashen_bastion","B",10303,Victory,7.160,729.68,S+
"sasha_prototype_last_argument_il15","sasha","speed-conversion","brass_executioner","A",20101,Victory,5.720,635.40,S+
"sasha_prototype_last_argument_il15","sasha","speed-conversion","brass_executioner","A",20102,Victory,4.300,674.15,S+
"sasha_prototype_last_argument_il15","sasha","speed-conversion","brass_executioner","A",20103,Victory,5.720,635.40,S+
"sasha_prototype_last_argument_il15","sasha","speed-conversion","thousand_handed_guardian","A",20201,Victory,7.160,599.02,S+
"sasha_prototype_last_argument_il15","sasha","speed-conversion","thousand_handed_guardian","A",20202,Victory,5.720,692.67,S+
"sasha_prototype_last_argument_il15","sasha","speed-conversion","thousand_handed_guardian","A",20203,Victory,5.720,647.17,S+
"sasha_prototype_last_argument_il15","sasha","speed-conversion","ashen_bastion","A",20301,Victory,8.580,720.83,S+
"sasha_prototype_last_argument_il15","sasha","speed-conversion","ashen_bastion","A",20302,Victory,10.020,692.83,S+
"sasha_prototype_last_argument_il15","sasha","speed-conversion","ashen_bastion","A",20303,Victory,7.160,704.71,S+
"sasha_prototype_last_argument_il15","sasha","speed-conversion","brass_executioner","S",30101,Victory,5.720,563.90,S+
"sasha_prototype_last_argument_il15","sasha","speed-conversion","brass_executioner","S",30102,Victory,5.720,516.18,S+
"sasha_prototype_last_argument_il15","sasha","speed-conversion","brass_executioner","S",30103,Victory,5.720,516.18,S+
"sasha_prototype_last_argument_il15","sasha","speed-conversion","thousand_handed_guardian","S",30201,Victory,7.160,528.31,S+
"sasha_prototype_last_argument_il15","sasha","speed-conversion","thousand_handed_guardian","S",30202,Victory,5.720,610.60,S+
"sasha_prototype_last_argument_il15","sasha","speed-conversion","thousand_handed_guardian","S",30203,Victory,7.160,528.31,S+
"sasha_prototype_last_argument_il15","sasha","speed-conversion","ashen_bastion","S",30301,Victory,11.440,586.28,S+
"sasha_prototype_last_argument_il15","sasha","speed-conversion","ashen_bastion","S",30302,Victory,11.440,586.28,S+
"sasha_prototype_last_argument_il15","sasha","speed-conversion","ashen_bastion","S",30303,Victory,11.440,586.28,S+
"sasha_prototype_last_argument_il15","sasha","speed-conversion","brass_executioner","S+",40101,Victory,7.160,394.18,S+
"sasha_prototype_last_argument_il15","sasha","speed-conversion","brass_executioner","S+",40102,Victory,5.720,471.92,S+
"sasha_prototype_last_argument_il15","sasha","speed-conversion","brass_executioner","S+",40103,Victory,7.160,394.18,S+
"sasha_prototype_last_argument_il15","sasha","speed-conversion","thousand_handed_guardian","S+",40201,Victory,7.160,457.95,S+
"sasha_prototype_last_argument_il15","sasha","speed-conversion","thousand_handed_guardian","S+",40202,Victory,7.160,458.45,S+
"sasha_prototype_last_argument_il15","sasha","speed-conversion","thousand_handed_guardian","S+",40203,Victory,7.160,408.73,S+
"sasha_prototype_last_argument_il15","sasha","speed-conversion","ashen_bastion","S+",40301,Victory,14.293,375.52,S+
"sasha_prototype_last_argument_il15","sasha","speed-conversion","ashen_bastion","S+",40302,Victory,12.860,425.90,S+
"sasha_prototype_last_argument_il15","sasha","speed-conversion","ashen_bastion","S+",40303,Victory,11.440,492.90,S+
"sasha_cursed_last_argument_il1","sasha","hp-scaling","brass_executioner","B",10101,Victory,8.280,357.55,S
"sasha_cursed_last_argument_il1","sasha","hp-scaling","brass_executioner","B",10102,Victory,9.380,314.41,S
"sasha_cursed_last_argument_il1","sasha","hp-scaling","brass_executioner","B",10103,Victory,8.980,317.70,S
"sasha_cursed_last_argument_il1","sasha","hp-scaling","thousand_handed_guardian","B",10201,Victory,9.700,311.93,S
"sasha_cursed_last_argument_il1","sasha","hp-scaling","thousand_handed_guardian","B",10202,Victory,9.780,319.29,S
"sasha_cursed_last_argument_il1","sasha","hp-scaling","thousand_handed_guardian","B",10203,Victory,9.500,340.30,S
"sasha_cursed_last_argument_il1","sasha","hp-scaling","ashen_bastion","B",10301,Victory,16.000,341.14,S
"sasha_cursed_last_argument_il1","sasha","hp-scaling","ashen_bastion","B",10302,Victory,16.460,337.49,S
"sasha_cursed_last_argument_il1","sasha","hp-scaling","ashen_bastion","B",10303,Victory,16.340,340.62,S
"sasha_cursed_last_argument_il1","sasha","hp-scaling","brass_executioner","A",20101,Victory,10.460,242.65,S
"sasha_cursed_last_argument_il1","sasha","hp-scaling","brass_executioner","A",20102,Victory,10.940,244.87,S
"sasha_cursed_last_argument_il1","sasha","hp-scaling","brass_executioner","A",20103,Victory,10.400,239.11,S
"sasha_cursed_last_argument_il1","sasha","hp-scaling","thousand_handed_guardian","A",20201,Victory,10.260,232.16,S
"sasha_cursed_last_argument_il1","sasha","hp-scaling","thousand_handed_guardian","A",20202,Victory,10.980,253.86,S
"sasha_cursed_last_argument_il1","sasha","hp-scaling","thousand_handed_guardian","A",20203,Victory,12.260,209.05,S
"sasha_cursed_last_argument_il1","sasha","hp-scaling","ashen_bastion","A",20301,Victory,21.220,202.93,S
"sasha_cursed_last_argument_il1","sasha","hp-scaling","ashen_bastion","A",20302,Victory,20.840,220.23,S
"sasha_cursed_last_argument_il1","sasha","hp-scaling","ashen_bastion","A",20303,Victory,21.480,206.29,S
"sasha_cursed_last_argument_il1","sasha","hp-scaling","brass_executioner","S",30101,Victory,11.160,22.04,S
"sasha_cursed_last_argument_il1","sasha","hp-scaling","brass_executioner","S",30102,Victory,10.700,21.09,S
"sasha_cursed_last_argument_il1","sasha","hp-scaling","brass_executioner","S",30103,Defeat,10.000,0.00,S
"sasha_cursed_last_argument_il1","sasha","hp-scaling","thousand_handed_guardian","S",30201,Victory,11.840,193.90,S
"sasha_cursed_last_argument_il1","sasha","hp-scaling","thousand_handed_guardian","S",30202,Victory,12.460,170.03,S
"sasha_cursed_last_argument_il1","sasha","hp-scaling","thousand_handed_guardian","S",30203,Victory,13.100,155.58,S
"sasha_cursed_last_argument_il1","sasha","hp-scaling","ashen_bastion","S",30301,Victory,22.240,147.28,S
"sasha_cursed_last_argument_il1","sasha","hp-scaling","ashen_bastion","S",30302,Victory,23.407,136.71,S
"sasha_cursed_last_argument_il1","sasha","hp-scaling","ashen_bastion","S",30303,Victory,22.820,149.67,S
"sasha_cursed_last_argument_il1","sasha","hp-scaling","brass_executioner","S+",40101,Defeat,8.000,0.00,S
"sasha_cursed_last_argument_il1","sasha","hp-scaling","brass_executioner","S+",40102,Defeat,8.000,0.00,S
"sasha_cursed_last_argument_il1","sasha","hp-scaling","brass_executioner","S+",40103,Defeat,8.000,0.00,S
"sasha_cursed_last_argument_il1","sasha","hp-scaling","thousand_handed_guardian","S+",40201,Victory,14.153,39.81,S
"sasha_cursed_last_argument_il1","sasha","hp-scaling","thousand_handed_guardian","S+",40202,Victory,13.673,67.34,S
"sasha_cursed_last_argument_il1","sasha","hp-scaling","thousand_handed_guardian","S+",40203,Victory,14.793,39.32,S
"sasha_cursed_last_argument_il1","sasha","hp-scaling","ashen_bastion","S+",40301,Victory,27.707,36.87,S
"sasha_cursed_last_argument_il1","sasha","hp-scaling","ashen_bastion","S+",40302,Victory,28.267,41.24,S
"sasha_cursed_last_argument_il1","sasha","hp-scaling","ashen_bastion","S+",40303,Defeat,29.307,0.00,S
"sasha_cursed_last_argument_il4","sasha","hp-scaling","brass_executioner","B",10101,Victory,6.420,463.49,S
"sasha_cursed_last_argument_il4","sasha","hp-scaling","brass_executioner","B",10102,Victory,7.480,457.17,S
"sasha_cursed_last_argument_il4","sasha","hp-scaling","brass_executioner","B",10103,Victory,6.060,455.88,S
"sasha_cursed_last_argument_il4","sasha","hp-scaling","thousand_handed_guardian","B",10201,Victory,7.840,385.29,S
"sasha_cursed_last_argument_il4","sasha","hp-scaling","thousand_handed_guardian","B",10202,Victory,6.580,440.93,S
"sasha_cursed_last_argument_il4","sasha","hp-scaling","thousand_handed_guardian","B",10203,Victory,7.320,415.30,S
"sasha_cursed_last_argument_il4","sasha","hp-scaling","ashen_bastion","B",10301,Victory,10.100,471.16,S
"sasha_cursed_last_argument_il4","sasha","hp-scaling","ashen_bastion","B",10302,Victory,10.020,450.39,S
"sasha_cursed_last_argument_il4","sasha","hp-scaling","ashen_bastion","B",10303,Victory,11.520,434.32,S
"sasha_cursed_last_argument_il4","sasha","hp-scaling","brass_executioner","A",20101,Victory,8.480,327.78,S
"sasha_cursed_last_argument_il4","sasha","hp-scaling","brass_executioner","A",20102,Victory,7.500,333.47,S
"sasha_cursed_last_argument_il4","sasha","hp-scaling","brass_executioner","A",20103,Victory,7.760,341.10,S
"sasha_cursed_last_argument_il4","sasha","hp-scaling","thousand_handed_guardian","A",20201,Victory,8.100,347.35,S
"sasha_cursed_last_argument_il4","sasha","hp-scaling","thousand_handed_guardian","A",20202,Victory,8.260,366.18,S
"sasha_cursed_last_argument_il4","sasha","hp-scaling","thousand_handed_guardian","A",20203,Victory,8.900,311.26,S
"sasha_cursed_last_argument_il4","sasha","hp-scaling","ashen_bastion","A",20301,Victory,13.680,339.24,S
"sasha_cursed_last_argument_il4","sasha","hp-scaling","ashen_bastion","A",20302,Victory,13.860,345.38,S
"sasha_cursed_last_argument_il4","sasha","hp-scaling","ashen_bastion","A",20303,Victory,14.740,341.97,S
"sasha_cursed_last_argument_il4","sasha","hp-scaling","brass_executioner","S",30101,Victory,8.780,279.43,S
"sasha_cursed_last_argument_il4","sasha","hp-scaling","brass_executioner","S",30102,Victory,7.800,272.55,S
"sasha_cursed_last_argument_il4","sasha","hp-scaling","brass_executioner","S",30103,Victory,8.000,291.13,S
"sasha_cursed_last_argument_il4","sasha","hp-scaling","thousand_handed_guardian","S",30201,Victory,8.620,300.16,S
"sasha_cursed_last_argument_il4","sasha","hp-scaling","thousand_handed_guardian","S",30202,Victory,9.360,280.31,S
"sasha_cursed_last_argument_il4","sasha","hp-scaling","thousand_handed_guardian","S",30203,Victory,9.680,274.30,S
"sasha_cursed_last_argument_il4","sasha","hp-scaling","ashen_bastion","S",30301,Victory,15.440,288.83,S
"sasha_cursed_last_argument_il4","sasha","hp-scaling","ashen_bastion","S",30302,Victory,15.900,264.74,S
"sasha_cursed_last_argument_il4","sasha","hp-scaling","ashen_bastion","S",30303,Victory,14.740,329.67,S
"sasha_cursed_last_argument_il4","sasha","hp-scaling","brass_executioner","S+",40101,Defeat,8.000,0.00,S
"sasha_cursed_last_argument_il4","sasha","hp-scaling","brass_executioner","S+",40102,Defeat,8.000,0.00,S
"sasha_cursed_last_argument_il4","sasha","hp-scaling","brass_executioner","S+",40103,Defeat,8.000,0.00,S
"sasha_cursed_last_argument_il4","sasha","hp-scaling","thousand_handed_guardian","S+",40201,Victory,11.120,145.09,S
"sasha_cursed_last_argument_il4","sasha","hp-scaling","thousand_handed_guardian","S+",40202,Victory,10.440,180.18,S
"sasha_cursed_last_argument_il4","sasha","hp-scaling","thousand_handed_guardian","S+",40203,Victory,10.920,147.03,S
"sasha_cursed_last_argument_il4","sasha","hp-scaling","ashen_bastion","S+",40301,Victory,19.433,243.01,S
"sasha_cursed_last_argument_il4","sasha","hp-scaling","ashen_bastion","S+",40302,Victory,20.493,209.77,S
"sasha_cursed_last_argument_il4","sasha","hp-scaling","ashen_bastion","S+",40303,Victory,20.793,154.47,S
"sasha_cursed_last_argument_il8","sasha","hp-scaling","brass_executioner","B",10101,Victory,3.980,535.68,S+
"sasha_cursed_last_argument_il8","sasha","hp-scaling","brass_executioner","B",10102,Victory,4.960,524.51,S+
"sasha_cursed_last_argument_il8","sasha","hp-scaling","brass_executioner","B",10103,Victory,4.280,524.51,S+
"sasha_cursed_last_argument_il8","sasha","hp-scaling","thousand_handed_guardian","B",10201,Victory,5.520,474.44,S+
"sasha_cursed_last_argument_il8","sasha","hp-scaling","thousand_handed_guardian","B",10202,Victory,5.220,502.68,S+
"sasha_cursed_last_argument_il8","sasha","hp-scaling","thousand_handed_guardian","B",10203,Victory,5.340,505.15,S+
"sasha_cursed_last_argument_il8","sasha","hp-scaling","ashen_bastion","B",10301,Victory,7.180,551.95,S+
"sasha_cursed_last_argument_il8","sasha","hp-scaling","ashen_bastion","B",10302,Victory,7.600,527.95,S+
"sasha_cursed_last_argument_il8","sasha","hp-scaling","ashen_bastion","B",10303,Victory,7.600,541.95,S+
"sasha_cursed_last_argument_il8","sasha","hp-scaling","brass_executioner","A",20101,Victory,6.360,369.23,S+
"sasha_cursed_last_argument_il8","sasha","hp-scaling","brass_executioner","A",20102,Victory,5.580,529.53,S+
"sasha_cursed_last_argument_il8","sasha","hp-scaling","brass_executioner","A",20103,Victory,6.080,370.91,S+
"sasha_cursed_last_argument_il8","sasha","hp-scaling","thousand_handed_guardian","A",20201,Victory,6.260,428.48,S+
"sasha_cursed_last_argument_il8","sasha","hp-scaling","thousand_handed_guardian","A",20202,Victory,6.400,475.96,S+
"sasha_cursed_last_argument_il8","sasha","hp-scaling","thousand_handed_guardian","A",20203,Victory,6.980,394.20,S+
"sasha_cursed_last_argument_il8","sasha","hp-scaling","ashen_bastion","A",20301,Victory,9.160,464.46,S+
"sasha_cursed_last_argument_il8","sasha","hp-scaling","ashen_bastion","A",20302,Victory,9.320,465.38,S+
"sasha_cursed_last_argument_il8","sasha","hp-scaling","ashen_bastion","A",20303,Victory,9.280,499.92,S+
"sasha_cursed_last_argument_il8","sasha","hp-scaling","brass_executioner","S",30101,Victory,6.720,311.05,S+
"sasha_cursed_last_argument_il8","sasha","hp-scaling","brass_executioner","S",30102,Victory,6.180,351.97,S+
"sasha_cursed_last_argument_il8","sasha","hp-scaling","brass_executioner","S",30103,Victory,6.440,399.53,S+
"sasha_cursed_last_argument_il8","sasha","hp-scaling","thousand_handed_guardian","S",30201,Victory,7.220,361.70,S+
"sasha_cursed_last_argument_il8","sasha","hp-scaling","thousand_handed_guardian","S",30202,Victory,6.800,413.74,S+
"sasha_cursed_last_argument_il8","sasha","hp-scaling","thousand_handed_guardian","S",30203,Victory,7.520,378.00,S+
"sasha_cursed_last_argument_il8","sasha","hp-scaling","ashen_bastion","S",30301,Victory,9.860,452.87,S+
"sasha_cursed_last_argument_il8","sasha","hp-scaling","ashen_bastion","S",30302,Victory,10.360,452.01,S+
"sasha_cursed_last_argument_il8","sasha","hp-scaling","ashen_bastion","S",30303,Victory,9.780,458.99,S+
"sasha_cursed_last_argument_il8","sasha","hp-scaling","brass_executioner","S+",40101,Victory,8.060,27.48,S+
"sasha_cursed_last_argument_il8","sasha","hp-scaling","brass_executioner","S+",40102,Victory,7.980,343.16,S+
"sasha_cursed_last_argument_il8","sasha","hp-scaling","brass_executioner","S+",40103,Victory,8.020,27.30,S+
"sasha_cursed_last_argument_il8","sasha","hp-scaling","thousand_handed_guardian","S+",40201,Victory,8.220,309.55,S+
"sasha_cursed_last_argument_il8","sasha","hp-scaling","thousand_handed_guardian","S+",40202,Victory,8.600,318.91,S+
"sasha_cursed_last_argument_il8","sasha","hp-scaling","thousand_handed_guardian","S+",40203,Victory,8.620,276.52,S+
"sasha_cursed_last_argument_il8","sasha","hp-scaling","ashen_bastion","S+",40301,Victory,14.393,383.07,S+
"sasha_cursed_last_argument_il8","sasha","hp-scaling","ashen_bastion","S+",40302,Victory,14.613,403.02,S+
"sasha_cursed_last_argument_il8","sasha","hp-scaling","ashen_bastion","S+",40303,Victory,14.793,321.54,S+
"sasha_cursed_last_argument_il12","sasha","hp-scaling","brass_executioner","B",10101,Victory,3.200,585.17,S+
"sasha_cursed_last_argument_il12","sasha","hp-scaling","brass_executioner","B",10102,Victory,3.480,579.11,S+
"sasha_cursed_last_argument_il12","sasha","hp-scaling","brass_executioner","B",10103,Victory,2.860,584.96,S+
"sasha_cursed_last_argument_il12","sasha","hp-scaling","thousand_handed_guardian","B",10201,Victory,4.120,580.12,S+
"sasha_cursed_last_argument_il12","sasha","hp-scaling","thousand_handed_guardian","B",10202,Victory,4.120,612.04,S+
"sasha_cursed_last_argument_il12","sasha","hp-scaling","thousand_handed_guardian","B",10203,Victory,3.860,607.29,S+
"sasha_cursed_last_argument_il12","sasha","hp-scaling","ashen_bastion","B",10301,Victory,5.700,597.62,S+
"sasha_cursed_last_argument_il12","sasha","hp-scaling","ashen_bastion","B",10302,Victory,5.460,604.77,S+
"sasha_cursed_last_argument_il12","sasha","hp-scaling","ashen_bastion","B",10303,Victory,5.440,618.00,S+
"sasha_cursed_last_argument_il12","sasha","hp-scaling","brass_executioner","A",20101,Victory,4.560,526.78,S+
"sasha_cursed_last_argument_il12","sasha","hp-scaling","brass_executioner","A",20102,Victory,4.000,564.99,S+
"sasha_cursed_last_argument_il12","sasha","hp-scaling","brass_executioner","A",20103,Victory,4.580,526.78,S+
"sasha_cursed_last_argument_il12","sasha","hp-scaling","thousand_handed_guardian","A",20201,Victory,5.140,484.65,S+
"sasha_cursed_last_argument_il12","sasha","hp-scaling","thousand_handed_guardian","A",20202,Victory,4.960,547.35,S+
"sasha_cursed_last_argument_il12","sasha","hp-scaling","thousand_handed_guardian","A",20203,Victory,5.240,509.87,S+
"sasha_cursed_last_argument_il12","sasha","hp-scaling","ashen_bastion","A",20301,Victory,6.740,573.23,S+
"sasha_cursed_last_argument_il12","sasha","hp-scaling","ashen_bastion","A",20302,Victory,7.320,539.30,S+
"sasha_cursed_last_argument_il12","sasha","hp-scaling","ashen_bastion","A",20303,Victory,7.260,531.07,S+
"sasha_cursed_last_argument_il12","sasha","hp-scaling","brass_executioner","S",30101,Victory,5.020,394.36,S+
"sasha_cursed_last_argument_il12","sasha","hp-scaling","brass_executioner","S",30102,Victory,5.060,394.36,S+
"sasha_cursed_last_argument_il12","sasha","hp-scaling","brass_executioner","S",30103,Victory,5.060,394.36,S+
"sasha_cursed_last_argument_il12","sasha","hp-scaling","thousand_handed_guardian","S",30201,Victory,6.200,470.73,S+
"sasha_cursed_last_argument_il12","sasha","hp-scaling","thousand_handed_guardian","S",30202,Victory,5.480,549.67,S+
"sasha_cursed_last_argument_il12","sasha","hp-scaling","thousand_handed_guardian","S",30203,Victory,6.140,489.27,S+
"sasha_cursed_last_argument_il12","sasha","hp-scaling","ashen_bastion","S",30301,Victory,7.500,597.38,S+
"sasha_cursed_last_argument_il12","sasha","hp-scaling","ashen_bastion","S",30302,Victory,8.520,497.21,S+
"sasha_cursed_last_argument_il12","sasha","hp-scaling","ashen_bastion","S",30303,Victory,7.880,570.07,S+
"sasha_cursed_last_argument_il12","sasha","hp-scaling","brass_executioner","S+",40101,Victory,6.960,326.79,S+
"sasha_cursed_last_argument_il12","sasha","hp-scaling","brass_executioner","S+",40102,Victory,6.540,452.84,S+
"sasha_cursed_last_argument_il12","sasha","hp-scaling","brass_executioner","S+",40103,Victory,6.440,401.51,S+
"sasha_cursed_last_argument_il12","sasha","hp-scaling","thousand_handed_guardian","S+",40201,Victory,6.800,397.92,S+
"sasha_cursed_last_argument_il12","sasha","hp-scaling","thousand_handed_guardian","S+",40202,Victory,7.020,419.38,S+
"sasha_cursed_last_argument_il12","sasha","hp-scaling","thousand_handed_guardian","S+",40203,Victory,7.280,341.02,S+
"sasha_cursed_last_argument_il12","sasha","hp-scaling","ashen_bastion","S+",40301,Victory,11.440,550.15,S+
"sasha_cursed_last_argument_il12","sasha","hp-scaling","ashen_bastion","S+",40302,Victory,12.600,503.83,S+
"sasha_cursed_last_argument_il12","sasha","hp-scaling","ashen_bastion","S+",40303,Victory,11.600,523.36,S+
"sasha_cursed_last_argument_il15","sasha","hp-scaling","brass_executioner","B",10101,Victory,2.440,611.87,S+
"sasha_cursed_last_argument_il15","sasha","hp-scaling","brass_executioner","B",10102,Victory,2.820,605.57,S+
"sasha_cursed_last_argument_il15","sasha","hp-scaling","brass_executioner","B",10103,Victory,2.260,605.57,S+
"sasha_cursed_last_argument_il15","sasha","hp-scaling","thousand_handed_guardian","B",10201,Victory,3.140,614.08,S+
"sasha_cursed_last_argument_il15","sasha","hp-scaling","thousand_handed_guardian","B",10202,Victory,3.400,609.13,S+
"sasha_cursed_last_argument_il15","sasha","hp-scaling","thousand_handed_guardian","B",10203,Victory,2.860,631.32,S+
"sasha_cursed_last_argument_il15","sasha","hp-scaling","ashen_bastion","B",10301,Victory,3.620,613.97,S+
"sasha_cursed_last_argument_il15","sasha","hp-scaling","ashen_bastion","B",10302,Victory,3.620,613.97,S+
"sasha_cursed_last_argument_il15","sasha","hp-scaling","ashen_bastion","B",10303,Victory,3.620,613.97,S+
"sasha_cursed_last_argument_il15","sasha","hp-scaling","brass_executioner","A",20101,Victory,3.560,587.61,S+
"sasha_cursed_last_argument_il15","sasha","hp-scaling","brass_executioner","A",20102,Victory,3.020,629.64,S+
"sasha_cursed_last_argument_il15","sasha","hp-scaling","brass_executioner","A",20103,Victory,3.560,587.61,S+
"sasha_cursed_last_argument_il15","sasha","hp-scaling","thousand_handed_guardian","A",20201,Victory,4.160,591.15,S+
"sasha_cursed_last_argument_il15","sasha","hp-scaling","thousand_handed_guardian","A",20202,Victory,3.660,636.00,S+
"sasha_cursed_last_argument_il15","sasha","hp-scaling","thousand_handed_guardian","A",20203,Victory,3.960,625.08,S+
"sasha_cursed_last_argument_il15","sasha","hp-scaling","ashen_bastion","A",20301,Victory,5.320,599.13,S+
"sasha_cursed_last_argument_il15","sasha","hp-scaling","ashen_bastion","A",20302,Victory,5.620,615.57,S+
"sasha_cursed_last_argument_il15","sasha","hp-scaling","ashen_bastion","A",20303,Victory,5.440,619.74,S+
"sasha_cursed_last_argument_il15","sasha","hp-scaling","brass_executioner","S",30101,Victory,4.060,530.90,S+
"sasha_cursed_last_argument_il15","sasha","hp-scaling","brass_executioner","S",30102,Victory,3.840,578.08,S+
"sasha_cursed_last_argument_il15","sasha","hp-scaling","brass_executioner","S",30103,Victory,4.060,530.90,S+
"sasha_cursed_last_argument_il15","sasha","hp-scaling","thousand_handed_guardian","S",30201,Victory,4.860,548.32,S+
"sasha_cursed_last_argument_il15","sasha","hp-scaling","thousand_handed_guardian","S",30202,Victory,4.440,611.61,S+
"sasha_cursed_last_argument_il15","sasha","hp-scaling","thousand_handed_guardian","S",30203,Victory,4.840,545.27,S+
"sasha_cursed_last_argument_il15","sasha","hp-scaling","ashen_bastion","S",30301,Victory,6.120,629.64,S+
"sasha_cursed_last_argument_il15","sasha","hp-scaling","ashen_bastion","S",30302,Victory,6.700,591.81,S+
"sasha_cursed_last_argument_il15","sasha","hp-scaling","ashen_bastion","S",30303,Victory,5.940,621.42,S+
"sasha_cursed_last_argument_il15","sasha","hp-scaling","brass_executioner","S+",40101,Victory,5.000,499.05,S+
"sasha_cursed_last_argument_il15","sasha","hp-scaling","brass_executioner","S+",40102,Victory,5.160,442.36,S+
"sasha_cursed_last_argument_il15","sasha","hp-scaling","brass_executioner","S+",40103,Victory,5.140,456.36,S+
"sasha_cursed_last_argument_il15","sasha","hp-scaling","thousand_handed_guardian","S+",40201,Victory,5.540,477.81,S+
"sasha_cursed_last_argument_il15","sasha","hp-scaling","thousand_handed_guardian","S+",40202,Victory,5.840,511.17,S+
"sasha_cursed_last_argument_il15","sasha","hp-scaling","thousand_handed_guardian","S+",40203,Victory,5.840,414.25,S+
"sasha_cursed_last_argument_il15","sasha","hp-scaling","ashen_bastion","S+",40301,Victory,8.220,531.91,S+
"sasha_cursed_last_argument_il15","sasha","hp-scaling","ashen_bastion","S+",40302,Victory,8.820,560.11,S+
"sasha_cursed_last_argument_il15","sasha","hp-scaling","ashen_bastion","S+",40303,Victory,8.120,522.73,S+
"sasha_fast_spears_il1","sasha","fast-on-hit","brass_executioner","B",10101,Victory,9.640,307.21,S
"sasha_fast_spears_il1","sasha","fast-on-hit","brass_executioner","B",10102,Victory,8.840,310.31,S
"sasha_fast_spears_il1","sasha","fast-on-hit","brass_executioner","B",10103,Victory,9.600,307.21,S
"sasha_fast_spears_il1","sasha","fast-on-hit","thousand_handed_guardian","B",10201,Victory,9.600,325.35,S
"sasha_fast_spears_il1","sasha","fast-on-hit","thousand_handed_guardian","B",10202,Victory,9.940,346.59,S
"sasha_fast_spears_il1","sasha","fast-on-hit","thousand_handed_guardian","B",10203,Victory,9.360,325.35,S
"sasha_fast_spears_il1","sasha","fast-on-hit","ashen_bastion","B",10301,Victory,15.840,342.00,S
"sasha_fast_spears_il1","sasha","fast-on-hit","ashen_bastion","B",10302,Victory,15.560,342.00,S
"sasha_fast_spears_il1","sasha","fast-on-hit","ashen_bastion","B",10303,Victory,16.120,338.75,S
"sasha_fast_spears_il1","sasha","fast-on-hit","brass_executioner","A",20101,Victory,10.520,225.05,S
"sasha_fast_spears_il1","sasha","fast-on-hit","brass_executioner","A",20102,Victory,10.640,224.10,S
"sasha_fast_spears_il1","sasha","fast-on-hit","brass_executioner","A",20103,Victory,10.340,224.56,S
"sasha_fast_spears_il1","sasha","fast-on-hit","thousand_handed_guardian","A",20201,Victory,11.540,229.27,S
"sasha_fast_spears_il1","sasha","fast-on-hit","thousand_handed_guardian","A",20202,Victory,11.300,228.34,S
"sasha_fast_spears_il1","sasha","fast-on-hit","thousand_handed_guardian","A",20203,Victory,11.760,213.05,S
"sasha_fast_spears_il1","sasha","fast-on-hit","ashen_bastion","A",20301,Victory,18.760,229.80,S
"sasha_fast_spears_il1","sasha","fast-on-hit","ashen_bastion","A",20302,Victory,20.660,202.06,S
"sasha_fast_spears_il1","sasha","fast-on-hit","ashen_bastion","A",20303,Victory,21.440,199.17,S
"sasha_fast_spears_il1","sasha","fast-on-hit","brass_executioner","S",30101,Victory,11.540,0.05,S
"sasha_fast_spears_il1","sasha","fast-on-hit","brass_executioner","S",30102,Defeat,11.020,0.00,S
"sasha_fast_spears_il1","sasha","fast-on-hit","brass_executioner","S",30103,Victory,11.120,0.05,S
"sasha_fast_spears_il1","sasha","fast-on-hit","thousand_handed_guardian","S",30201,Victory,12.600,137.81,S
"sasha_fast_spears_il1","sasha","fast-on-hit","thousand_handed_guardian","S",30202,Victory,12.440,156.81,S
"sasha_fast_spears_il1","sasha","fast-on-hit","thousand_handed_guardian","S",30203,Victory,12.220,157.17,S
"sasha_fast_spears_il1","sasha","fast-on-hit","ashen_bastion","S",30301,Victory,23.300,114.71,S
"sasha_fast_spears_il1","sasha","fast-on-hit","ashen_bastion","S",30302,Victory,23.500,114.71,S
"sasha_fast_spears_il1","sasha","fast-on-hit","ashen_bastion","S",30303,Victory,22.647,115.87,S
"sasha_fast_spears_il1","sasha","fast-on-hit","brass_executioner","S+",40101,Defeat,8.000,0.00,S
"sasha_fast_spears_il1","sasha","fast-on-hit","brass_executioner","S+",40102,Defeat,8.000,0.00,S
"sasha_fast_spears_il1","sasha","fast-on-hit","brass_executioner","S+",40103,Defeat,8.000,0.00,S
"sasha_fast_spears_il1","sasha","fast-on-hit","thousand_handed_guardian","S+",40201,Victory,14.513,24.64,S
"sasha_fast_spears_il1","sasha","fast-on-hit","thousand_handed_guardian","S+",40202,Victory,14.593,20.41,S
"sasha_fast_spears_il1","sasha","fast-on-hit","thousand_handed_guardian","S+",40203,Victory,14.173,53.29,S
"sasha_fast_spears_il1","sasha","fast-on-hit","ashen_bastion","S+",40301,Defeat,27.387,0.00,S
"sasha_fast_spears_il1","sasha","fast-on-hit","ashen_bastion","S+",40302,Defeat,27.447,0.00,S
"sasha_fast_spears_il1","sasha","fast-on-hit","ashen_bastion","S+",40303,Defeat,27.447,0.00,S
"sasha_fast_spears_il4","sasha","fast-on-hit","brass_executioner","B",10101,Victory,5.480,493.43,S
"sasha_fast_spears_il4","sasha","fast-on-hit","brass_executioner","B",10102,Victory,5.480,493.43,S
"sasha_fast_spears_il4","sasha","fast-on-hit","brass_executioner","B",10103,Victory,5.720,493.43,S
"sasha_fast_spears_il4","sasha","fast-on-hit","thousand_handed_guardian","B",10201,Victory,5.980,428.34,S
"sasha_fast_spears_il4","sasha","fast-on-hit","thousand_handed_guardian","B",10202,Victory,5.540,429.63,S
"sasha_fast_spears_il4","sasha","fast-on-hit","thousand_handed_guardian","B",10203,Victory,5.300,441.78,S
"sasha_fast_spears_il4","sasha","fast-on-hit","ashen_bastion","B",10301,Victory,7.820,455.72,S
"sasha_fast_spears_il4","sasha","fast-on-hit","ashen_bastion","B",10302,Victory,8.300,433.61,S
"sasha_fast_spears_il4","sasha","fast-on-hit","ashen_bastion","B",10303,Victory,7.560,455.72,S
"sasha_fast_spears_il4","sasha","fast-on-hit","brass_executioner","A",20101,Victory,6.940,312.10,S
"sasha_fast_spears_il4","sasha","fast-on-hit","brass_executioner","A",20102,Victory,6.540,311.61,S
"sasha_fast_spears_il4","sasha","fast-on-hit","brass_executioner","A",20103,Victory,6.520,312.10,S
"sasha_fast_spears_il4","sasha","fast-on-hit","thousand_handed_guardian","A",20201,Victory,6.840,351.00,S
"sasha_fast_spears_il4","sasha","fast-on-hit","thousand_handed_guardian","A",20202,Victory,6.880,350.69,S
"sasha_fast_spears_il4","sasha","fast-on-hit","thousand_handed_guardian","A",20203,Victory,7.080,331.45,S
"sasha_fast_spears_il4","sasha","fast-on-hit","ashen_bastion","A",20301,Victory,9.440,379.19,S
"sasha_fast_spears_il4","sasha","fast-on-hit","ashen_bastion","A",20302,Victory,9.460,379.19,S
"sasha_fast_spears_il4","sasha","fast-on-hit","ashen_bastion","A",20303,Victory,9.480,379.19,S
"sasha_fast_spears_il4","sasha","fast-on-hit","brass_executioner","S",30101,Victory,7.920,252.55,S
"sasha_fast_spears_il4","sasha","fast-on-hit","brass_executioner","S",30102,Victory,7.720,253.13,S
"sasha_fast_spears_il4","sasha","fast-on-hit","brass_executioner","S",30103,Victory,7.340,253.13,S
"sasha_fast_spears_il4","sasha","fast-on-hit","thousand_handed_guardian","S",30201,Victory,7.640,265.63,S
"sasha_fast_spears_il4","sasha","fast-on-hit","thousand_handed_guardian","S",30202,Victory,7.680,265.22,S
"sasha_fast_spears_il4","sasha","fast-on-hit","thousand_handed_guardian","S",30203,Victory,7.660,265.41,S
"sasha_fast_spears_il4","sasha","fast-on-hit","ashen_bastion","S",30301,Victory,10.580,342.17,S
"sasha_fast_spears_il4","sasha","fast-on-hit","ashen_bastion","S",30302,Victory,12.500,307.84,S
"sasha_fast_spears_il4","sasha","fast-on-hit","ashen_bastion","S",30303,Victory,12.080,307.84,S
"sasha_fast_spears_il4","sasha","fast-on-hit","brass_executioner","S+",40101,Defeat,8.000,0.00,S
"sasha_fast_spears_il4","sasha","fast-on-hit","brass_executioner","S+",40102,Defeat,8.000,0.00,S
"sasha_fast_spears_il4","sasha","fast-on-hit","brass_executioner","S+",40103,Defeat,8.000,0.00,S
"sasha_fast_spears_il4","sasha","fast-on-hit","thousand_handed_guardian","S+",40201,Victory,8.980,182.61,S
"sasha_fast_spears_il4","sasha","fast-on-hit","thousand_handed_guardian","S+",40202,Victory,8.980,182.61,S
"sasha_fast_spears_il4","sasha","fast-on-hit","thousand_handed_guardian","S+",40203,Victory,9.340,155.68,S
"sasha_fast_spears_il4","sasha","fast-on-hit","ashen_bastion","S+",40301,Victory,14.313,176.44,S
"sasha_fast_spears_il4","sasha","fast-on-hit","ashen_bastion","S+",40302,Victory,14.493,176.44,S
"sasha_fast_spears_il4","sasha","fast-on-hit","ashen_bastion","S+",40303,Victory,15.033,174.68,S
"sasha_fast_spears_il8","sasha","fast-on-hit","brass_executioner","B",10101,Victory,3.260,556.76,S+
"sasha_fast_spears_il8","sasha","fast-on-hit","brass_executioner","B",10102,Victory,3.500,556.76,S+
"sasha_fast_spears_il8","sasha","fast-on-hit","brass_executioner","B",10103,Victory,3.020,556.76,S+
"sasha_fast_spears_il8","sasha","fast-on-hit","thousand_handed_guardian","B",10201,Victory,3.940,531.23,S+
"sasha_fast_spears_il8","sasha","fast-on-hit","thousand_handed_guardian","B",10202,Victory,3.720,555.53,S+
"sasha_fast_spears_il8","sasha","fast-on-hit","thousand_handed_guardian","B",10203,Victory,3.480,555.53,S+
"sasha_fast_spears_il8","sasha","fast-on-hit","ashen_bastion","B",10301,Victory,3.980,551.41,S+
"sasha_fast_spears_il8","sasha","fast-on-hit","ashen_bastion","B",10302,Victory,5.200,552.03,S+
"sasha_fast_spears_il8","sasha","fast-on-hit","ashen_bastion","B",10303,Victory,4.940,570.79,S+
"sasha_fast_spears_il8","sasha","fast-on-hit","brass_executioner","A",20101,Victory,4.600,500.69,S+
"sasha_fast_spears_il8","sasha","fast-on-hit","brass_executioner","A",20102,Victory,4.360,500.69,S+
"sasha_fast_spears_il8","sasha","fast-on-hit","brass_executioner","A",20103,Victory,4.360,500.69,S+
"sasha_fast_spears_il8","sasha","fast-on-hit","thousand_handed_guardian","A",20201,Victory,4.920,447.93,S+
"sasha_fast_spears_il8","sasha","fast-on-hit","thousand_handed_guardian","A",20202,Victory,4.720,464.13,S+
"sasha_fast_spears_il8","sasha","fast-on-hit","thousand_handed_guardian","A",20203,Victory,5.120,427.29,S+
"sasha_fast_spears_il8","sasha","fast-on-hit","ashen_bastion","A",20301,Victory,6.380,477.52,S+
"sasha_fast_spears_il8","sasha","fast-on-hit","ashen_bastion","A",20302,Victory,6.580,477.76,S+
"sasha_fast_spears_il8","sasha","fast-on-hit","ashen_bastion","A",20303,Victory,6.400,477.52,S+
"sasha_fast_spears_il8","sasha","fast-on-hit","brass_executioner","S",30101,Victory,5.540,355.52,S+
"sasha_fast_spears_il8","sasha","fast-on-hit","brass_executioner","S",30102,Victory,5.540,355.52,S+
"sasha_fast_spears_il8","sasha","fast-on-hit","brass_executioner","S",30103,Victory,5.180,355.52,S+
"sasha_fast_spears_il8","sasha","fast-on-hit","thousand_handed_guardian","S",30201,Victory,5.520,365.56,S+
"sasha_fast_spears_il8","sasha","fast-on-hit","thousand_handed_guardian","S",30202,Victory,5.340,384.44,S+
"sasha_fast_spears_il8","sasha","fast-on-hit","thousand_handed_guardian","S",30203,Victory,5.340,384.63,S+
"sasha_fast_spears_il8","sasha","fast-on-hit","ashen_bastion","S",30301,Victory,7.320,441.27,S+
"sasha_fast_spears_il8","sasha","fast-on-hit","ashen_bastion","S",30302,Victory,7.720,413.19,S+
"sasha_fast_spears_il8","sasha","fast-on-hit","ashen_bastion","S",30303,Victory,7.120,441.27,S+
"sasha_fast_spears_il8","sasha","fast-on-hit","brass_executioner","S+",40101,Victory,6.840,261.76,S+
"sasha_fast_spears_il8","sasha","fast-on-hit","brass_executioner","S+",40102,Victory,6.260,260.98,S+
"sasha_fast_spears_il8","sasha","fast-on-hit","brass_executioner","S+",40103,Victory,6.040,261.37,S+
"sasha_fast_spears_il8","sasha","fast-on-hit","thousand_handed_guardian","S+",40201,Victory,6.420,293.83,S+
"sasha_fast_spears_il8","sasha","fast-on-hit","thousand_handed_guardian","S+",40202,Victory,6.480,293.33,S+
"sasha_fast_spears_il8","sasha","fast-on-hit","thousand_handed_guardian","S+",40203,Victory,6.760,268.96,S+
"sasha_fast_spears_il8","sasha","fast-on-hit","ashen_bastion","S+",40301,Victory,8.600,346.06,S+
"sasha_fast_spears_il8","sasha","fast-on-hit","ashen_bastion","S+",40302,Victory,8.780,346.06,S+
"sasha_fast_spears_il8","sasha","fast-on-hit","ashen_bastion","S+",40303,Victory,8.940,346.42,S+
"sasha_fast_spears_il12","sasha","fast-on-hit","brass_executioner","B",10101,Victory,1.980,590.87,S+
"sasha_fast_spears_il12","sasha","fast-on-hit","brass_executioner","B",10102,Victory,2.400,584.96,S+
"sasha_fast_spears_il12","sasha","fast-on-hit","brass_executioner","B",10103,Victory,1.980,590.87,S+
"sasha_fast_spears_il12","sasha","fast-on-hit","thousand_handed_guardian","B",10201,Victory,2.640,599.26,S+
"sasha_fast_spears_il12","sasha","fast-on-hit","thousand_handed_guardian","B",10202,Victory,2.640,599.26,S+
"sasha_fast_spears_il12","sasha","fast-on-hit","thousand_handed_guardian","B",10203,Victory,2.420,603.91,S+
"sasha_fast_spears_il12","sasha","fast-on-hit","ashen_bastion","B",10301,Victory,2.840,596.62,S+
"sasha_fast_spears_il12","sasha","fast-on-hit","ashen_bastion","B",10302,Victory,3.040,590.66,S+
"sasha_fast_spears_il12","sasha","fast-on-hit","ashen_bastion","B",10303,Victory,2.620,596.62,S+
"sasha_fast_spears_il12","sasha","fast-on-hit","brass_executioner","A",20101,Victory,3.200,567.20,S+
"sasha_fast_spears_il12","sasha","fast-on-hit","brass_executioner","A",20102,Victory,2.800,572.93,S+
"sasha_fast_spears_il12","sasha","fast-on-hit","brass_executioner","A",20103,Victory,3.000,572.93,S+
"sasha_fast_spears_il12","sasha","fast-on-hit","thousand_handed_guardian","A",20201,Victory,3.420,553.66,S+
"sasha_fast_spears_il12","sasha","fast-on-hit","thousand_handed_guardian","A",20202,Victory,3.220,553.66,S+
"sasha_fast_spears_il12","sasha","fast-on-hit","thousand_handed_guardian","A",20203,Victory,3.420,553.60,S+
"sasha_fast_spears_il12","sasha","fast-on-hit","ashen_bastion","A",20301,Victory,3.620,562.56,S+
"sasha_fast_spears_il12","sasha","fast-on-hit","ashen_bastion","A",20302,Victory,3.820,562.56,S+
"sasha_fast_spears_il12","sasha","fast-on-hit","ashen_bastion","A",20303,Victory,3.620,562.56,S+
"sasha_fast_spears_il12","sasha","fast-on-hit","brass_executioner","S",30101,Victory,3.600,557.68,S+
"sasha_fast_spears_il12","sasha","fast-on-hit","brass_executioner","S",30102,Victory,3.600,557.68,S+
"sasha_fast_spears_il12","sasha","fast-on-hit","brass_executioner","S",30103,Victory,3.400,557.68,S+
"sasha_fast_spears_il12","sasha","fast-on-hit","thousand_handed_guardian","S",30201,Victory,4.160,501.16,S+
"sasha_fast_spears_il12","sasha","fast-on-hit","thousand_handed_guardian","S",30202,Victory,3.780,545.20,S+
"sasha_fast_spears_il12","sasha","fast-on-hit","thousand_handed_guardian","S",30203,Victory,4.120,501.35,S+
"sasha_fast_spears_il12","sasha","fast-on-hit","ashen_bastion","S",30301,Victory,3.800,543.11,S+
"sasha_fast_spears_il12","sasha","fast-on-hit","ashen_bastion","S",30302,Victory,5.380,550.62,S+
"sasha_fast_spears_il12","sasha","fast-on-hit","ashen_bastion","S",30303,Victory,4.180,537.68,S+
"sasha_fast_spears_il12","sasha","fast-on-hit","brass_executioner","S+",40101,Victory,4.960,305.68,S+
"sasha_fast_spears_il12","sasha","fast-on-hit","brass_executioner","S+",40102,Victory,4.720,340.08,S+
"sasha_fast_spears_il12","sasha","fast-on-hit","brass_executioner","S+",40103,Victory,4.680,305.33,S+
"sasha_fast_spears_il12","sasha","fast-on-hit","thousand_handed_guardian","S+",40201,Victory,4.960,383.20,S+
"sasha_fast_spears_il12","sasha","fast-on-hit","thousand_handed_guardian","S+",40202,Victory,4.800,408.56,S+
"sasha_fast_spears_il12","sasha","fast-on-hit","thousand_handed_guardian","S+",40203,Victory,5.260,354.93,S+
"sasha_fast_spears_il12","sasha","fast-on-hit","ashen_bastion","S+",40301,Victory,6.120,468.54,S+
"sasha_fast_spears_il12","sasha","fast-on-hit","ashen_bastion","S+",40302,Victory,6.300,468.54,S+
"sasha_fast_spears_il12","sasha","fast-on-hit","ashen_bastion","S+",40303,Victory,6.640,435.77,S+
"sasha_fast_spears_il15","sasha","fast-on-hit","brass_executioner","B",10101,Victory,1.540,629.64,S+
"sasha_fast_spears_il15","sasha","fast-on-hit","brass_executioner","B",10102,Victory,1.740,629.64,S+
"sasha_fast_spears_il15","sasha","fast-on-hit","brass_executioner","B",10103,Victory,1.360,629.64,S+
"sasha_fast_spears_il15","sasha","fast-on-hit","thousand_handed_guardian","B",10201,Victory,1.940,636.00,S+
"sasha_fast_spears_il15","sasha","fast-on-hit","thousand_handed_guardian","B",10202,Victory,1.940,636.00,S+
"sasha_fast_spears_il15","sasha","fast-on-hit","thousand_handed_guardian","B",10203,Victory,1.740,636.00,S+
"sasha_fast_spears_il15","sasha","fast-on-hit","ashen_bastion","B",10301,Victory,2.120,623.29,S+
"sasha_fast_spears_il15","sasha","fast-on-hit","ashen_bastion","B",10302,Victory,2.120,623.29,S+
"sasha_fast_spears_il15","sasha","fast-on-hit","ashen_bastion","B",10303,Victory,2.120,623.29,S+
"sasha_fast_spears_il15","sasha","fast-on-hit","brass_executioner","A",20101,Victory,2.280,593.54,S+
"sasha_fast_spears_il15","sasha","fast-on-hit","brass_executioner","A",20102,Victory,1.920,629.64,S+
"sasha_fast_spears_il15","sasha","fast-on-hit","brass_executioner","A",20103,Victory,2.280,593.54,S+
"sasha_fast_spears_il15","sasha","fast-on-hit","thousand_handed_guardian","A",20201,Victory,2.500,618.60,S+
"sasha_fast_spears_il15","sasha","fast-on-hit","thousand_handed_guardian","A",20202,Victory,2.300,623.30,S+
"sasha_fast_spears_il15","sasha","fast-on-hit","thousand_handed_guardian","A",20203,Victory,2.500,618.57,S+
"sasha_fast_spears_il15","sasha","fast-on-hit","ashen_bastion","A",20301,Victory,2.660,605.80,S+
"sasha_fast_spears_il15","sasha","fast-on-hit","ashen_bastion","A",20302,Victory,2.840,605.80,S+
"sasha_fast_spears_il15","sasha","fast-on-hit","ashen_bastion","A",20303,Victory,2.660,605.80,S+
"sasha_fast_spears_il15","sasha","fast-on-hit","brass_executioner","S",30101,Victory,2.460,583.92,S+
"sasha_fast_spears_il15","sasha","fast-on-hit","brass_executioner","S",30102,Victory,2.460,583.92,S+
"sasha_fast_spears_il15","sasha","fast-on-hit","brass_executioner","S",30103,Victory,2.640,583.92,S+
"sasha_fast_spears_il15","sasha","fast-on-hit","thousand_handed_guardian","S",30201,Victory,3.200,571.55,S+
"sasha_fast_spears_il15","sasha","fast-on-hit","thousand_handed_guardian","S",30202,Victory,2.840,599.94,S+
"sasha_fast_spears_il15","sasha","fast-on-hit","thousand_handed_guardian","S",30203,Victory,3.200,571.55,S+
"sasha_fast_spears_il15","sasha","fast-on-hit","ashen_bastion","S",30301,Victory,3.000,591.90,S+
"sasha_fast_spears_il15","sasha","fast-on-hit","ashen_bastion","S",30302,Victory,3.180,585.98,S+
"sasha_fast_spears_il15","sasha","fast-on-hit","ashen_bastion","S",30303,Victory,3.000,591.90,S+
"sasha_fast_spears_il15","sasha","fast-on-hit","brass_executioner","S+",40101,Victory,3.980,501.58,S+
"sasha_fast_spears_il15","sasha","fast-on-hit","brass_executioner","S+",40102,Victory,3.660,561.41,S+
"sasha_fast_spears_il15","sasha","fast-on-hit","brass_executioner","S+",40103,Victory,3.480,561.41,S+
"sasha_fast_spears_il15","sasha","fast-on-hit","thousand_handed_guardian","S+",40201,Victory,3.780,533.87,S+
"sasha_fast_spears_il15","sasha","fast-on-hit","thousand_handed_guardian","S+",40202,Victory,3.780,533.75,S+
"sasha_fast_spears_il15","sasha","fast-on-hit","thousand_handed_guardian","S+",40203,Victory,4.100,504.15,S+
"sasha_fast_spears_il15","sasha","fast-on-hit","ashen_bastion","S+",40301,Victory,4.660,532.76,S+
"sasha_fast_spears_il15","sasha","fast-on-hit","ashen_bastion","S+",40302,Victory,4.140,532.76,S+
"sasha_fast_spears_il15","sasha","fast-on-hit","ashen_bastion","S+",40303,Victory,5.160,540.69,S+
"sasha_balanced_il1","sasha","balanced","brass_executioner","B",10101,Victory,9.400,338.40,S
"sasha_balanced_il1","sasha","balanced","brass_executioner","B",10102,Victory,10.400,333.78,S
"sasha_balanced_il1","sasha","balanced","brass_executioner","B",10103,Victory,9.400,338.40,S
"sasha_balanced_il1","sasha","balanced","thousand_handed_guardian","B",10201,Victory,11.180,283.32,S
"sasha_balanced_il1","sasha","balanced","thousand_handed_guardian","B",10202,Victory,11.180,307.26,S
"sasha_balanced_il1","sasha","balanced","thousand_handed_guardian","B",10203,Victory,11.280,318.81,S
"sasha_balanced_il1","sasha","balanced","ashen_bastion","B",10301,Victory,21.180,300.40,S
"sasha_balanced_il1","sasha","balanced","ashen_bastion","B",10302,Victory,21.240,300.09,S
"sasha_balanced_il1","sasha","balanced","ashen_bastion","B",10303,Victory,23.040,295.05,S
"sasha_balanced_il1","sasha","balanced","brass_executioner","A",20101,Victory,12.440,56.95,S
"sasha_balanced_il1","sasha","balanced","brass_executioner","A",20102,Victory,10.720,256.00,S
"sasha_balanced_il1","sasha","balanced","brass_executioner","A",20103,Victory,10.760,255.53,S
"sasha_balanced_il1","sasha","balanced","thousand_handed_guardian","A",20201,Victory,13.220,184.66,S
"sasha_balanced_il1","sasha","balanced","thousand_handed_guardian","A",20202,Victory,13.060,170.74,S
"sasha_balanced_il1","sasha","balanced","thousand_handed_guardian","A",20203,Victory,11.460,218.81,S
"sasha_balanced_il1","sasha","balanced","ashen_bastion","A",20301,Victory,27.820,104.34,S
"sasha_balanced_il1","sasha","balanced","ashen_bastion","A",20302,Victory,24.420,148.86,S
"sasha_balanced_il1","sasha","balanced","ashen_bastion","A",20303,Victory,26.340,140.70,S
"sasha_balanced_il1","sasha","balanced","brass_executioner","S",30101,Defeat,10.000,0.00,S
"sasha_balanced_il1","sasha","balanced","brass_executioner","S",30102,Victory,11.900,8.26,S
"sasha_balanced_il1","sasha","balanced","brass_executioner","S",30103,Victory,12.600,7.85,S
"sasha_balanced_il1","sasha","balanced","thousand_handed_guardian","S",30201,Victory,14.240,94.45,S
"sasha_balanced_il1","sasha","balanced","thousand_handed_guardian","S",30202,Victory,14.540,110.01,S
"sasha_balanced_il1","sasha","balanced","thousand_handed_guardian","S",30203,Victory,14.200,114.91,S
"sasha_balanced_il1","sasha","balanced","ashen_bastion","S",30301,Victory,29.127,33.70,S
"sasha_balanced_il1","sasha","balanced","ashen_bastion","S",30302,Victory,28.000,86.79,S
"sasha_balanced_il1","sasha","balanced","ashen_bastion","S",30303,Victory,30.527,41.11,S
"sasha_balanced_il1","sasha","balanced","brass_executioner","S+",40101,Defeat,8.000,0.00,S
"sasha_balanced_il1","sasha","balanced","brass_executioner","S+",40102,Defeat,8.000,0.00,S
"sasha_balanced_il1","sasha","balanced","brass_executioner","S+",40103,Defeat,8.000,0.00,S
"sasha_balanced_il1","sasha","balanced","thousand_handed_guardian","S+",40201,Victory,15.393,42.39,S
"sasha_balanced_il1","sasha","balanced","thousand_handed_guardian","S+",40202,Defeat,14.133,0.00,S
"sasha_balanced_il1","sasha","balanced","thousand_handed_guardian","S+",40203,Defeat,14.573,0.00,S
"sasha_balanced_il1","sasha","balanced","ashen_bastion","S+",40301,Defeat,25.134,0.00,S
"sasha_balanced_il1","sasha","balanced","ashen_bastion","S+",40302,Defeat,24.540,0.00,S
"sasha_balanced_il1","sasha","balanced","ashen_bastion","S+",40303,Defeat,23.754,0.00,S
"sasha_balanced_il4","sasha","balanced","brass_executioner","B",10101,Victory,7.120,503.97,S
"sasha_balanced_il4","sasha","balanced","brass_executioner","B",10102,Victory,8.120,397.16,S
"sasha_balanced_il4","sasha","balanced","brass_executioner","B",10103,Victory,7.120,503.97,S
"sasha_balanced_il4","sasha","balanced","thousand_handed_guardian","B",10201,Victory,8.040,450.61,S
"sasha_balanced_il4","sasha","balanced","thousand_handed_guardian","B",10202,Victory,8.040,438.71,S
"sasha_balanced_il4","sasha","balanced","thousand_handed_guardian","B",10203,Victory,8.040,450.61,S
"sasha_balanced_il4","sasha","balanced","ashen_bastion","B",10301,Victory,15.980,418.08,S
"sasha_balanced_il4","sasha","balanced","ashen_bastion","B",10302,Victory,15.000,439.52,S
"sasha_balanced_il4","sasha","balanced","ashen_bastion","B",10303,Victory,14.960,440.03,S
"sasha_balanced_il4","sasha","balanced","brass_executioner","A",20101,Victory,8.780,316.40,S
"sasha_balanced_il4","sasha","balanced","brass_executioner","A",20102,Victory,8.780,316.40,S
"sasha_balanced_il4","sasha","balanced","brass_executioner","A",20103,Victory,7.900,368.20,S
"sasha_balanced_il4","sasha","balanced","thousand_handed_guardian","A",20201,Victory,10.340,256.49,S
"sasha_balanced_il4","sasha","balanced","thousand_handed_guardian","A",20202,Victory,9.500,258.13,S
"sasha_balanced_il4","sasha","balanced","thousand_handed_guardian","A",20203,Victory,8.660,342.39,S
"sasha_balanced_il4","sasha","balanced","ashen_bastion","A",20301,Victory,19.820,270.75,S
"sasha_balanced_il4","sasha","balanced","ashen_bastion","A",20302,Victory,17.060,285.81,S
"sasha_balanced_il4","sasha","balanced","ashen_bastion","A",20303,Victory,16.180,335.36,S
"sasha_balanced_il4","sasha","balanced","brass_executioner","S",30101,Victory,9.400,248.88,S
"sasha_balanced_il4","sasha","balanced","brass_executioner","S",30102,Victory,8.580,309.72,S
"sasha_balanced_il4","sasha","balanced","brass_executioner","S",30103,Victory,10.160,66.98,S
"sasha_balanced_il4","sasha","balanced","thousand_handed_guardian","S",30201,Victory,10.840,205.11,S
"sasha_balanced_il4","sasha","balanced","thousand_handed_guardian","S",30202,Victory,10.120,243.53,S
"sasha_balanced_il4","sasha","balanced","thousand_handed_guardian","S",30203,Victory,10.780,225.84,S
"sasha_balanced_il4","sasha","balanced","ashen_bastion","S",30301,Victory,21.500,164.48,S
"sasha_balanced_il4","sasha","balanced","ashen_bastion","S",30302,Victory,16.687,278.95,S
"sasha_balanced_il4","sasha","balanced","ashen_bastion","S",30303,Victory,19.007,197.14,S
"sasha_balanced_il4","sasha","balanced","brass_executioner","S+",40101,Defeat,8.000,0.00,S
"sasha_balanced_il4","sasha","balanced","brass_executioner","S+",40102,Defeat,8.000,0.00,S
"sasha_balanced_il4","sasha","balanced","brass_executioner","S+",40103,Defeat,8.000,0.00,S
"sasha_balanced_il4","sasha","balanced","thousand_handed_guardian","S+",40201,Victory,11.140,134.55,S
"sasha_balanced_il4","sasha","balanced","thousand_handed_guardian","S+",40202,Victory,12.540,85.02,S
"sasha_balanced_il4","sasha","balanced","thousand_handed_guardian","S+",40203,Victory,11.780,110.98,S
"sasha_balanced_il4","sasha","balanced","ashen_bastion","S+",40301,Victory,25.893,10.90,S
"sasha_balanced_il4","sasha","balanced","ashen_bastion","S+",40302,Victory,22.033,62.00,S
"sasha_balanced_il4","sasha","balanced","ashen_bastion","S+",40303,Victory,23.413,19.89,S
"sasha_balanced_il8","sasha","balanced","brass_executioner","B",10101,Victory,5.840,567.81,S+
"sasha_balanced_il8","sasha","balanced","brass_executioner","B",10102,Victory,5.840,567.81,S+
"sasha_balanced_il8","sasha","balanced","brass_executioner","B",10103,Victory,5.840,567.81,S+
"sasha_balanced_il8","sasha","balanced","thousand_handed_guardian","B",10201,Victory,5.860,578.45,S+
"sasha_balanced_il8","sasha","balanced","thousand_handed_guardian","B",10202,Victory,5.880,578.45,S+
"sasha_balanced_il8","sasha","balanced","thousand_handed_guardian","B",10203,Victory,5.860,578.45,S+
"sasha_balanced_il8","sasha","balanced","ashen_bastion","B",10301,Victory,11.760,560.64,S+
"sasha_balanced_il8","sasha","balanced","ashen_bastion","B",10302,Victory,11.760,560.64,S+
"sasha_balanced_il8","sasha","balanced","ashen_bastion","B",10303,Victory,9.520,584.53,S+
"sasha_balanced_il8","sasha","balanced","brass_executioner","A",20101,Victory,6.720,439.09,S+
"sasha_balanced_il8","sasha","balanced","brass_executioner","A",20102,Victory,6.720,439.09,S+
"sasha_balanced_il8","sasha","balanced","brass_executioner","A",20103,Victory,6.720,439.09,S+
"sasha_balanced_il8","sasha","balanced","thousand_handed_guardian","A",20201,Victory,7.600,386.26,S+
"sasha_balanced_il8","sasha","balanced","thousand_handed_guardian","A",20202,Victory,7.680,442.26,S+
"sasha_balanced_il8","sasha","balanced","thousand_handed_guardian","A",20203,Victory,6.680,455.29,S+
"sasha_balanced_il8","sasha","balanced","ashen_bastion","A",20301,Victory,13.220,436.02,S+
"sasha_balanced_il8","sasha","balanced","ashen_bastion","A",20302,Victory,14.240,447.84,S+
"sasha_balanced_il8","sasha","balanced","ashen_bastion","A",20303,Victory,13.220,435.56,S+
"sasha_balanced_il8","sasha","balanced","brass_executioner","S",30101,Victory,6.560,382.48,S+
"sasha_balanced_il8","sasha","balanced","brass_executioner","S",30102,Victory,7.460,379.20,S+
"sasha_balanced_il8","sasha","balanced","brass_executioner","S",30103,Victory,7.420,379.20,S+
"sasha_balanced_il8","sasha","balanced","thousand_handed_guardian","S",30201,Victory,8.180,304.20,S+
"sasha_balanced_il8","sasha","balanced","thousand_handed_guardian","S",30202,Victory,8.320,361.58,S+
"sasha_balanced_il8","sasha","balanced","thousand_handed_guardian","S",30203,Victory,9.040,281.92,S+
"sasha_balanced_il8","sasha","balanced","ashen_bastion","S",30301,Victory,15.480,335.66,S+
"sasha_balanced_il8","sasha","balanced","ashen_bastion","S",30302,Victory,13.720,386.16,S+
"sasha_balanced_il8","sasha","balanced","ashen_bastion","S",30303,Victory,15.480,364.01,S+
"sasha_balanced_il8","sasha","balanced","brass_executioner","S+",40101,Victory,8.560,26.05,S+
"sasha_balanced_il8","sasha","balanced","brass_executioner","S+",40102,Defeat,8.000,0.00,S+
"sasha_balanced_il8","sasha","balanced","brass_executioner","S+",40103,Victory,7.900,268.36,S+
"sasha_balanced_il8","sasha","balanced","thousand_handed_guardian","S+",40201,Victory,9.460,210.96,S+
"sasha_balanced_il8","sasha","balanced","thousand_handed_guardian","S+",40202,Victory,9.460,186.43,S+
"sasha_balanced_il8","sasha","balanced","thousand_handed_guardian","S+",40203,Victory,9.400,212.17,S+
"sasha_balanced_il8","sasha","balanced","ashen_bastion","S+",40301,Victory,16.480,221.09,S+
"sasha_balanced_il8","sasha","balanced","ashen_bastion","S+",40302,Victory,16.353,224.49,S+
"sasha_balanced_il8","sasha","balanced","ashen_bastion","S+",40303,Victory,17.173,183.77,S+
"sasha_balanced_il12","sasha","balanced","brass_executioner","B",10101,Victory,4.560,650.78,S+
"sasha_balanced_il12","sasha","balanced","brass_executioner","B",10102,Victory,4.560,650.78,S+
"sasha_balanced_il12","sasha","balanced","brass_executioner","B",10103,Victory,4.560,650.78,S+
"sasha_balanced_il12","sasha","balanced","thousand_handed_guardian","B",10201,Victory,4.680,672.74,S+
"sasha_balanced_il12","sasha","balanced","thousand_handed_guardian","B",10202,Victory,4.680,672.74,S+
"sasha_balanced_il12","sasha","balanced","thousand_handed_guardian","B",10203,Victory,5.800,660.74,S+
"sasha_balanced_il12","sasha","balanced","ashen_bastion","B",10301,Victory,8.180,695.84,S+
"sasha_balanced_il12","sasha","balanced","ashen_bastion","B",10302,Victory,7.020,710.82,S+
"sasha_balanced_il12","sasha","balanced","ashen_bastion","B",10303,Victory,8.180,695.84,S+
"sasha_balanced_il12","sasha","balanced","brass_executioner","A",20101,Victory,5.580,585.69,S+
"sasha_balanced_il12","sasha","balanced","brass_executioner","A",20102,Victory,4.520,626.96,S+
"sasha_balanced_il12","sasha","balanced","brass_executioner","A",20103,Victory,5.580,585.69,S+
"sasha_balanced_il12","sasha","balanced","thousand_handed_guardian","A",20201,Victory,6.640,547.88,S+
"sasha_balanced_il12","sasha","balanced","thousand_handed_guardian","A",20202,Victory,5.660,618.38,S+
"sasha_balanced_il12","sasha","balanced","thousand_handed_guardian","A",20203,Victory,5.640,602.34,S+
"sasha_balanced_il12","sasha","balanced","ashen_bastion","A",20301,Victory,9.140,633.61,S+
"sasha_balanced_il12","sasha","balanced","ashen_bastion","A",20302,Victory,9.140,633.61,S+
"sasha_balanced_il12","sasha","balanced","ashen_bastion","A",20303,Victory,8.060,657.81,S+
"sasha_balanced_il12","sasha","balanced","brass_executioner","S",30101,Victory,5.440,505.72,S+
"sasha_balanced_il12","sasha","balanced","brass_executioner","S",30102,Victory,5.440,505.72,S+
"sasha_balanced_il12","sasha","balanced","brass_executioner","S",30103,Victory,6.360,450.45,S+
"sasha_balanced_il12","sasha","balanced","thousand_handed_guardian","S",30201,Victory,7.300,417.19,S+
"sasha_balanced_il12","sasha","balanced","thousand_handed_guardian","S",30202,Victory,6.460,498.97,S+
"sasha_balanced_il12","sasha","balanced","thousand_handed_guardian","S",30203,Victory,7.300,417.19,S+
"sasha_balanced_il12","sasha","balanced","ashen_bastion","S",30301,Victory,11.880,529.83,S+
"sasha_balanced_il12","sasha","balanced","ashen_bastion","S",30302,Victory,11.860,501.75,S+
"sasha_balanced_il12","sasha","balanced","ashen_bastion","S",30303,Victory,12.800,468.66,S+
"sasha_balanced_il12","sasha","balanced","brass_executioner","S+",40101,Victory,6.860,337.71,S+
"sasha_balanced_il12","sasha","balanced","brass_executioner","S+",40102,Victory,6.860,337.71,S+
"sasha_balanced_il12","sasha","balanced","brass_executioner","S+",40103,Victory,6.900,336.98,S+
"sasha_balanced_il12","sasha","balanced","thousand_handed_guardian","S+",40201,Victory,7.060,360.90,S+
"sasha_balanced_il12","sasha","balanced","thousand_handed_guardian","S+",40202,Victory,7.920,353.26,S+
"sasha_balanced_il12","sasha","balanced","thousand_handed_guardian","S+",40203,Victory,7.940,378.86,S+
"sasha_balanced_il12","sasha","balanced","ashen_bastion","S+",40301,Victory,13.020,390.74,S+
"sasha_balanced_il12","sasha","balanced","ashen_bastion","S+",40302,Victory,13.793,355.11,S+
"sasha_balanced_il12","sasha","balanced","ashen_bastion","S+",40303,Victory,14.633,310.50,S+
"sasha_balanced_il15","sasha","balanced","brass_executioner","B",10101,Victory,4.400,698.95,S+
"sasha_balanced_il15","sasha","balanced","brass_executioner","B",10102,Victory,4.400,698.95,S+
"sasha_balanced_il15","sasha","balanced","brass_executioner","B",10103,Victory,3.340,722.86,S+
"sasha_balanced_il15","sasha","balanced","thousand_handed_guardian","B",10201,Victory,4.520,732.14,S+
"sasha_balanced_il15","sasha","balanced","thousand_handed_guardian","B",10202,Victory,4.520,732.14,S+
"sasha_balanced_il15","sasha","balanced","thousand_handed_guardian","B",10203,Victory,4.520,732.14,S+
"sasha_balanced_il15","sasha","balanced","ashen_bastion","B",10301,Victory,5.640,742.97,S+
"sasha_balanced_il15","sasha","balanced","ashen_bastion","B",10302,Victory,5.640,742.97,S+
"sasha_balanced_il15","sasha","balanced","ashen_bastion","B",10303,Victory,5.640,742.97,S+
"sasha_balanced_il15","sasha","balanced","brass_executioner","A",20101,Victory,4.360,674.15,S+
"sasha_balanced_il15","sasha","balanced","brass_executioner","A",20102,Victory,4.360,674.15,S+
"sasha_balanced_il15","sasha","balanced","brass_executioner","A",20103,Victory,4.360,674.15,S+
"sasha_balanced_il15","sasha","balanced","thousand_handed_guardian","A",20201,Victory,5.520,659.26,S+
"sasha_balanced_il15","sasha","balanced","thousand_handed_guardian","A",20202,Victory,4.500,725.89,S+
"sasha_balanced_il15","sasha","balanced","thousand_handed_guardian","A",20203,Victory,5.520,659.26,S+
"sasha_balanced_il15","sasha","balanced","ashen_bastion","A",20301,Victory,7.760,732.85,S+
"sasha_balanced_il15","sasha","balanced","ashen_bastion","A",20302,Victory,7.760,732.85,S+
"sasha_balanced_il15","sasha","balanced","ashen_bastion","A",20303,Victory,6.660,715.30,S+
"sasha_balanced_il15","sasha","balanced","brass_executioner","S",30101,Victory,4.320,655.09,S+
"sasha_balanced_il15","sasha","balanced","brass_executioner","S",30102,Victory,4.320,655.09,S+
"sasha_balanced_il15","sasha","balanced","brass_executioner","S",30103,Victory,5.260,563.90,S+
"sasha_balanced_il15","sasha","balanced","thousand_handed_guardian","S",30201,Victory,6.340,589.26,S+
"sasha_balanced_il15","sasha","balanced","thousand_handed_guardian","S",30202,Victory,5.400,627.32,S+
"sasha_balanced_il15","sasha","balanced","thousand_handed_guardian","S",30203,Victory,6.340,589.26,S+
"sasha_balanced_il15","sasha","balanced","ashen_bastion","S",30301,Victory,8.660,671.48,S+
"sasha_balanced_il15","sasha","balanced","ashen_bastion","S",30302,Victory,8.660,671.48,S+
"sasha_balanced_il15","sasha","balanced","ashen_bastion","S",30303,Victory,10.720,661.02,S+
"sasha_balanced_il15","sasha","balanced","brass_executioner","S+",40101,Victory,5.860,402.19,S+
"sasha_balanced_il15","sasha","balanced","brass_executioner","S+",40102,Victory,5.020,471.92,S+
"sasha_balanced_il15","sasha","balanced","brass_executioner","S+",40103,Victory,5.900,471.92,S+
"sasha_balanced_il15","sasha","balanced","thousand_handed_guardian","S+",40201,Victory,7.000,454.02,S+
"sasha_balanced_il15","sasha","balanced","thousand_handed_guardian","S+",40202,Victory,6.980,454.48,S+
"sasha_balanced_il15","sasha","balanced","thousand_handed_guardian","S+",40203,Victory,6.960,454.73,S+
"sasha_balanced_il15","sasha","balanced","ashen_bastion","S+",40301,Victory,11.160,536.79,S+
"sasha_balanced_il15","sasha","balanced","ashen_bastion","S+",40302,Victory,11.100,536.79,S+
"sasha_balanced_il15","sasha","balanced","ashen_bastion","S+",40303,Victory,9.300,568.96,S+
